,run,predicted_state,actual_state,is_prediction_correct
0,,"(0, 0, 0, 0, 0)","(0.0, 0.0, 0.0, 0.0, 0.0)",True
1,,"(0, 0, 0, 0, 0)","(0.0, 0.0, 0.0, 0.0, 0.0)",True
2,,"(0, 0, 0, 0, 0)","(0.0, 0.0, 0.0, 0.0, 0.0)",True
3,,"(0, 0, 0, 0, 0)","(0.0, 0.0, 0.0, 0.0, 0.0)",True
4,,"(0, 0, 0, 0, 0)","(0.0, 0.0, 0.0, 0.0, 0.0)",True
5,,"(0, 0, 0, 0, 0)","(0.0, 0.0, 0.0, 0.0, 0.0)",True
6,,"(0, 0, 0, 0, 0)","(0.0, 0.0, 0.0, 0.0, 0.0)",True
7,,"(0, 0, 0, 0, 0)","(0.0, 0.0, 0.0, 0.0, 0.0)",True
8,,"(0, 0, 0, 0, 0)","(0.0, 0.0, 0.0, 0.0, 0.0)",True
9,,"(0, 0, 0, 0, 0)","(0.0, 0.0, 0.0, 0.0, 0.0)",True
10,,"(0, 0, 0, 0, 0)","(0.0, 0.0, 0.0, 0.0, 0.0)",True
11,,"(0, 0, 0, 0, 0)","(0.0, 0.0, 0.0, 0.0, 0.0)",True
12,,"(0, 0, 0, 0, 0)","(0.0, 0.0, 0.0, 0.0, 0.0)",True
13,,"(0, 0, 0, 0, 0)","(0.0, 0.0, 0.0, 0.0, 0.0)",True
14,,"(0, 0, 0, 0, 0)","(0.0, 0.0, 0.0, 0.0, 0.0)",True
15,,"(0, 0, 0, 0, 0)","(0.0, 0.0, 0.0, 0.0, 0.0)",True
16,,"(0, 0, 0, 0, 0)","(0.0, 0.0, 0.0, 0.0, 0.0)",True
17,,"(0, 0, 0, 0, 0)","(0.0, 0.0, 0.0, 0.0, 0.0)",True
18,,"(0, 0, 0, 0, 0)","(0.0, 0.0, 0.0, 0.0, 0.0)",True
19,,"(0, 0, 0, 0, 0)","(0.0, 0.0, 0.0, 0.0, 0.0)",True
20,,"(0, 0, 0, 0, 0)","(0.0, 0.0, 0.0, 0.0, 0.0)",True
21,,"(0, 0, 0, 0, 0)","(0.0, 0.0, 0.0, 0.0, 0.0)",True
22,,"(0, 0, 0, 0, 0)","(0.0, 0.0, 0.0, 0.0, 0.0)",True
23,,"(0, 0, 0, 0, 0)","(0.0, 0.0, 0.0, 0.0, 0.0)",True
24,,"(0, 0, 0, 0, 0)","(0.0, 0.0, 0.0, 0.0, 0.0)",True
25,,"(0, 0, 0, 0, 0)","(0.0, 0.0, 0.0, 0.0, 0.0)",True
26,,"(0, 0, 0, 0, 0)","(0.0, 0.0, 0.0, 0.0, 0.0)",True
27,,"(0, 0, 0, 0, 0)","(0.0, 0.0, 0.0, 0.0, 0.0)",True
28,,"(0, 0, 0, 0, 0)","(0.0, 0.0, 0.0, 0.0, 0.0)",True
29,,"(0, 0, 0, 0, 0)","(0.0, 0.0, 0.0, 0.0, 0.0)",True
30,,"(0, 0, 0, 0, 0)","(0.0, 0.0, 0.0, 0.0, 0.0)",True
31,,"(0, 0, 0, 0, 0)","(0.0, 0.0, 0.0, 0.0, 0.0)",True
32,,"(0, 0, 0, 0, 0)","(0.0, 0.0, 0.0, 0.0, 0.0)",True
33,,"(0, 0, 0, 0, 0)","(0.0, 0.0, 0.0, 0.0, 0.0)",True
34,,"(0, 0, 0, 0, 0)","(0.0, 0.0, 0.0, 0.0, 0.0)",True
35,,"(0, 0, 0, 0, 0)","(0.0, 0.0, 0.0, 0.0, 0.0)",True
36,,"(0, 0, 0, 0, 0)","(0.0, 0.0, 0.0, 0.0, 0.0)",True
37,,"(0, 0, 0, 0, 0)","(0.0, 0.0, 0.0, 0.0, 0.0)",True
38,,"(0, 0, 0, 0, 0)","(0.0, 0.0, 0.0, 0.0, 0.0)",True
39,,"(0, 0, 0, 0, 0)","(0.0, 0.0, 0.0, 0.0, 0.0)",True
40,,"(0, 0, 0, 0, 0)","(0.0, 0.0, 0.0, 0.0, 0.0)",True
41,,"(0, 0, 0, 0, 0)","(0.0, 0.0, 0.0, 0.0, 0.0)",True
42,,"(0, 0, 0, 0, 0)","(0.0, 0.0, 0.0, 0.0, 0.0)",True
43,,"(0, 0, 0, 0, 0)","(0.0, 0.0, 0.0, 0.0, 0.0)",True
44,,"(0, 0, 0, 0, 0)","(0.0, 0.0, 0.0, 0.0, 0.0)",True
45,,"(0, 0, 0, 0, 0)","(0.0, 0.0, 0.0, 0.0, 0.0)",True
46,,"(0, 0, 0, 0, 0)","(0.0, 0.0, 0.0, 0.0, 0.0)",True
47,,"(0, 0, 0, 0, 0)","(0.0, 0.0, 0.0, 0.0, 0.0)",True
48,,"(0, 0, 0, 0, 0)","(0.0, 0.0, 0.0, 0.0, 0.0)",True
49,,"(0, 0, 0, 0, 0)","(0.0, 0.0, 0.0, 0.0, 0.0)",True
50,,"(0, 0, 0, 0, 0)","(0.0, 0.0, 0.0, 0.0, 0.0)",True
51,,"(0, 0, 0, 0, 0)","(0.0, 0.0, 0.0, 0.0, 0.0)",True
52,,"(0, 0, 0, 0, 0)","(0.0, 0.0, 0.0, 0.0, 0.0)",True
53,,"(0, 0, 0, 0, 0)","(0.0, 0.0, 0.0, 0.0, 0.0)",True
54,,"(0, 0, 0, 0, 0)","(0.0, 0.0, 0.0, 0.0, 0.0)",True
55,,"(0, 0, 0, 0, 0)","(0.0, 0.0, 0.0, 0.0, 0.0)",True
56,,"(0, 0, 0, 0, 0)","(0.0, 0.0, 0.0, 0.0, 0.0)",True
57,,"(0, 0, 0, 0, 0)","(0.0, 0.0, 0.0, 0.0, 0.0)",True
58,,"(0, 0, 0, 0, 0)","(0.0, 0.0, 0.0, 0.0, 0.0)",True
59,,"(0, 0, 0, 0, 0)","(0.0, 0.0, 0.0, 0.0, 0.0)",True
60,,"(0, 0, 0, 0, 0)","(0.0, 0.0, 0.0, 0.0, 0.0)",True
61,,"(0, 0, 0, 0, 0)","(0.0, 0.0, 0.0, 0.0, 0.0)",True
62,,"(0, 0, 0, 0, 0)","(0.0, 0.0, 0.0, 0.0, 0.0)",True
63,,"(0, 0, 0, 0, 0)","(0.0, 0.0, 0.0, 0.0, 0.0)",True
64,,"(0, 0, 0, 0, 0)","(0.0, 0.0, 0.0, 0.0, 0.0)",True
65,,"(0, 0, 0, 0, 0)","(0.0, 0.0, 0.0, 0.0, 0.0)",True
66,,"(0, 0, 0, 0, 0)","(0.0, 0.0, 0.0, 0.0, 0.0)",True
67,,"(0, 0, 0, 0, 0)","(0.0, 0.0, 0.0, 0.0, 0.0)",True
68,,"(0, 0, 0, 0, 0)","(0.0, 0.0, 0.0, 0.0, 0.0)",True
69,,"(0, 0, 0, 0, 0)","(0.0, 0.0, 0.0, 0.0, 0.0)",True
70,,"(0, 0, 0, 0, 0)","(0.0, 0.0, 0.0, 0.0, 0.0)",True
71,,"(0, 0, 0, 0, 0)","(0.0, 0.0, 0.0, 0.0, 0.0)",True
72,,"(0, 0, 0, 0, 0)","(0.0, 0.0, 0.0, 0.0, 0.0)",True
73,,"(0, 0, 0, 0, 0)","(0.0, 0.0, 0.0, 0.0, 0.0)",True
74,,"(0, 0, 0, 0, 0)","(0.0, 0.0, 0.0, 0.0, 0.0)",True
75,,"(0, 0, 0, 0, 0)","(0.0, 0.0, 0.0, 0.0, 0.0)",True
76,,"(0, 0, 0, 0, 0)","(0.0, 0.0, 0.0, 0.0, 0.0)",True
77,,"(0, 0, 0, 0, 0)","(0.0, 0.0, 0.0, 0.0, 0.0)",True
78,,"(0, 0, 0, 0, 0)","(0.0, 0.0, 0.0, 0.0, 0.0)",True
79,,"(0, 0, 0, 0, 0)","(0.0, 0.0, 0.0, 0.0, 0.0)",True
80,,"(0, 0, 0, 0, 0)","(0.0, 0.0, 0.0, 0.0, 0.0)",True
81,,"(0, 0, 0, 0, 0)","(0.0, 0.0, 0.0, 0.0, 0.0)",True
82,,"(0, 0, 0, 0, 0)","(0.0, 0.0, 0.0, 0.0, 0.0)",True
83,,"(0, 0, 0, 0, 0)","(0.0, 0.0, 0.0, 0.0, 0.0)",True
84,,"(0, 0, 0, 0, 0)","(0.0, 0.0, 0.0, 0.0, 0.0)",True
85,,"(0, 0, 0, 0, 0)","(0.0, 0.0, 0.0, 0.0, 0.0)",True
86,,"(0, 0, 0, 0, 0)","(0.0, 0.0, 0.0, 0.0, 0.0)",True
87,,"(0, 0, 0, 0, 0)","(0.0, 0.0, 0.0, 0.0, 0.0)",True
88,,"(0, 0, 0, 0, 0)","(0.0, 0.0, 0.0, 0.0, 0.0)",True
89,,"(0, 0, 0, 0, 0)","(0.0, 0.0, 0.0, 0.0, 0.0)",True
90,,"(0, 0, 0, 0, 0)","(0.0, 0.0, 0.0, 0.0, 0.0)",True
91,,"(0, 0, 0, 0, 0)","(0.0, 0.0, 0.0, 0.0, 0.0)",True
92,,"(0, 0, 0, 0, 0)","(0.0, 0.0, 0.0, 0.0, 0.0)",True
93,,"(0, 0, 0, 0, 0)","(0.0, 0.0, 0.0, 0.0, 0.0)",True
94,,"(0, 0, 0, 0, 0)","(0.0, 0.0, 0.0, 0.0, 0.0)",True
95,,"(0, 0, 0, 0, 0)","(0.0, 0.0, 0.0, 0.0, 0.0)",True
96,,"(0, 0, 0, 0, 0)","(0.0, 0.0, 0.0, 0.0, 0.0)",True
97,,"(0, 0, 0, 0, 0)","(0.0, 0.0, 0.0, 0.0, 0.0)",True
98,,"(0, 0, 0, 0, 0)","(0.0, 0.0, 0.0, 0.0, 0.0)",True
99,,"(0, 0, 0, 0, 0)","(0.0, 0.0, 0.0, 0.0, 0.0)",True
100,,"(0, 0, 0, 0, 0)","(0.0, 0.0, 0.0, 0.0, 0.0)",True
101,,"(0, 0, 0, 0, 0)","(0.0, 0.0, 0.0, 0.0, 0.0)",True
102,,"(0, 0, 0, 0, 0)","(0.0, 0.0, 0.0, 0.0, 0.0)",True
103,,"(0, 0, 0, 0, 0)","(0.0, 0.0, 0.0, 0.0, 0.0)",True
104,,"(0, 0, 0, 0, 0)","(0.0, 0.0, 0.0, 0.0, 0.0)",True
105,,"(0, 0, 0, 0, 0)","(0.0, 0.0, 0.0, 0.0, 0.0)",True
106,,"(0, 0, 0, 0, 0)","(0.0, 0.0, 0.0, 0.0, 0.0)",True
107,,"(0, 0, 0, 0, 0)","(0.0, 0.0, 0.0, 0.0, 0.0)",True
108,,"(0, 0, 0, 0, 0)","(0.0, 0.0, 0.0, 0.0, 0.0)",True
109,,"(0, 0, 0, 0, 0)","(0.0, 0.0, 0.0, 0.0, 0.0)",True
110,,"(0, 0, 0, 0, 0)","(0.0, 0.0, 0.0, 0.0, 0.0)",True
111,,"(0, 0, 0, 0, 0)","(0.0, 0.0, 0.0, 0.0, 0.0)",True
112,,"(0, 0, 0, 0, 0)","(0.0, 0.0, 0.0, 0.0, 0.0)",True
113,,"(0, 0, 0, 0, 0)","(0.0, 0.0, 0.0, 0.0, 0.0)",True
114,,"(0, 0, 0, 0, 0)","(0.0, 0.0, 0.0, 0.0, 0.0)",True
115,,"(0, 0, 0, 0, 0)","(0.0, 0.0, 0.0, 0.0, 0.0)",True
116,,"(0, 0, 0, 0, 0)","(0.0, 0.0, 0.0, 0.0, 0.0)",True
117,,"(0, 0, 0, 0, 0)","(0.0, 0.0, 0.0, 0.0, 0.0)",True
118,,"(0, 0, 0, 0, 0)","(0.0, 0.0, 0.0, 0.0, 0.0)",True
119,,"(0, 0, 0, 0, 0)","(0.0, 0.0, 0.0, 0.0, 0.0)",True
120,,"(0, 0, 0, 0, 0)","(0.0, 0.0, 0.0, 0.0, 0.0)",True
121,,"(0, 0, 0, 0, 0)","(0.0, 0.0, 0.0, 0.0, 0.0)",True
122,,"(0, 0, 0, 0, 0)","(0.0, 0.0, 0.0, 0.0, 0.0)",True
123,,"(0, 0, 0, 0, 0)","(0.0, 0.0, 0.0, 0.0, 0.0)",True
124,,"(0, 0, 0, 0, 0)","(0.0, 0.0, 0.0, 0.0, 0.0)",True
125,,"(0, 0, 0, 0, 0)","(0.0, 0.0, 0.0, 0.0, 0.0)",True
126,,"(0, 0, 0, 0, 0)","(0.0, 0.0, 0.0, 0.0, 0.0)",True
127,,"(0, 0, 0, 0, 0)","(0.0, 0.0, 0.0, 0.0, 0.0)",True
128,,"(0, 0, 0, 0, 0)","(0.0, 0.0, 0.0, 0.0, 0.0)",True
129,,"(0, 0, 0, 0, 0)","(0.0, 0.0, 0.0, 0.0, 0.0)",True
130,,"(0, 0, 0, 0, 0)","(0.0, 0.0, 0.0, 0.0, 0.0)",True
131,,"(0, 0, 0, 0, 0)","(0.0, 0.0, 0.0, 0.0, 0.0)",True
132,,"(0, 0, 0, 0, 0)","(0.0, 0.0, 0.0, 0.0, 0.0)",True
133,,"(0, 0, 0, 0, 0)","(0.0, 0.0, 0.0, 0.0, 0.0)",True
134,,"(0, 0, 0, 0, 0)","(0.0, 0.0, 0.0, 0.0, 0.0)",True
135,,"(0, 0, 0, 0, 0)","(0.0, 0.0, 0.0, 0.0, 0.0)",True
136,,"(0, 0, 0, 0, 0)","(0.0, 0.0, 0.0, 0.0, 0.0)",True
137,,"(0, 0, 0, 0, 0)","(0.0, 0.0, 0.0, 0.0, 0.0)",True
138,,"(0, 0, 0, 0, 0)","(0.0, 0.0, 0.0, 0.0, 0.0)",True
139,,"(0, 0, 0, 0, 0)","(0.0, 0.0, 0.0, 0.0, 0.0)",True
140,,"(0, 0, 0, 0, 0)","(0.0, 0.0, 0.0, 0.0, 0.0)",True
141,,"(0, 0, 0, 0, 0)","(0.0, 0.0, 0.0, 0.0, 0.0)",True
142,,"(0, 0, 0, 0, 0)","(0.0, 0.0, 0.0, 0.0, 0.0)",True
143,,"(0, 0, 0, 0, 0)","(0.0, 0.0, 0.0, 0.0, 0.0)",True
144,,"(0, 0, 0, 0, 0)","(0.0, 0.0, 0.0, 0.0, 0.0)",True
145,,"(0, 0, 0, 0, 0)","(0.0, 0.0, 0.0, 0.0, 0.0)",True
146,,"(0, 0, 0, 0, 0)","(0.0, 0.0, 0.0, 0.0, 0.0)",True
147,,"(0, 0, 0, 0, 0)","(0.0, 0.0, 0.0, 0.0, 0.0)",True
148,,"(0, 0, 0, 0, 0)","(0.0, 0.0, 0.0, 0.0, 0.0)",True
149,,"(0, 0, 0, 0, 0)","(0.0, 0.0, 0.0, 0.0, 0.0)",True
150,,"(0, 0, 0, 0, 0)","(0.0, 0.0, 0.0, 0.0, 0.0)",True
151,,"(0, 0, 0, 0, 0)","(0.0, 0.0, 0.0, 0.0, 0.0)",True
152,,"(0, 0, 0, 0, 0)","(0.0, 0.0, 0.0, 0.0, 0.0)",True
153,,"(0, 0, 0, 0, 0)","(0.0, 0.0, 0.0, 0.0, 0.0)",True
154,,"(0, 0, 0, 0, 0)","(0.0, 0.0, 0.0, 0.0, 0.0)",True
155,,"(0, 0, 0, 0, 0)","(0.0, 0.0, 0.0, 0.0, 0.0)",True
156,,"(0, 0, 0, 0, 0)","(0.0, 0.0, 0.0, 0.0, 0.0)",True
157,,"(0, 0, 0, 0, 0)","(0.0, 0.0, 0.0, 0.0, 0.0)",True
158,,"(0, 0, 0, 0, 0)","(0.0, 0.0, 0.0, 0.0, 0.0)",True
159,,"(0, 0, 0, 0, 0)","(0.0, 0.0, 0.0, 0.0, 0.0)",True
160,,"(0, 0, 0, 0, 0)","(0.0, 0.0, 0.0, 0.0, 0.0)",True
161,,"(0, 0, 0, 0, 0)","(0.0, 0.0, 0.0, 0.0, 0.0)",True
162,,"(0, 0, 0, 0, 0)","(0.0, 0.0, 0.0, 0.0, 0.0)",True
163,,"(0, 0, 0, 0, 0)","(0.0, 0.0, 0.0, 0.0, 0.0)",True
164,,"(0, 0, 0, 0, 0)","(0.0, 0.0, 0.0, 0.0, 0.0)",True
165,,"(0, 0, 0, 0, 0)","(0.0, 0.0, 0.0, 0.0, 0.0)",True
166,,"(0, 0, 0, 0, 0)","(0.0, 0.0, 0.0, 0.0, 0.0)",True
167,,"(0, 0, 0, 0, 0)","(0.0, 0.0, 0.0, 0.0, 0.0)",True
168,,"(0, 0, 0, 0, 0)","(0.0, 0.0, 0.0, 0.0, 0.0)",True
169,,"(0, 0, 0, 0, 0)","(0.0, 0.0, 0.0, 0.0, 0.0)",True
170,,"(0, 0, 0, 0, 0)","(0.0, 0.0, 0.0, 0.0, 0.0)",True
171,,"(0, 0, 0, 0, 0)","(0.0, 0.0, 0.0, 0.0, 0.0)",True
172,,"(0, 0, 0, 0, 0)","(0.0, 0.0, 0.0, 0.0, 0.0)",True
173,,"(0, 0, 0, 0, 0)","(0.0, 0.0, 0.0, 0.0, 0.0)",True
174,,"(0, 0, 0, 0, 0)","(0.0, 0.0, 0.0, 0.0, 0.0)",True
175,,"(0, 0, 0, 0, 0)","(0.0, 0.0, 0.0, 0.0, 0.0)",True
176,,"(0, 0, 0, 0, 0)","(0.0, 0.0, 0.0, 0.0, 0.0)",True
177,,"(0, 0, 0, 0, 0)","(0.0, 0.0, 0.0, 0.0, 0.0)",True
178,,"(0, 0, 0, 0, 0)","(0.0, 0.0, 0.0, 0.0, 0.0)",True
179,,"(0, 0, 0, 0, 0)","(0.0, 0.0, 0.0, 0.0, 0.0)",True
180,,"(0, 0, 0, 0, 0)","(0.0, 0.0, 0.0, 0.0, 0.0)",True
181,,"(0, 0, 0, 0, 0)","(0.0, 0.0, 0.0, 0.0, 0.0)",True
182,,"(0, 0, 0, 0, 0)","(0.0, 0.0, 0.0, 0.0, 0.0)",True
183,,"(0, 0, 0, 0, 0)","(0.0, 0.0, 0.0, 0.0, 0.0)",True
184,,"(0, 0, 0, 0, 0)","(0.0, 0.0, 0.0, 0.0, 0.0)",True
185,,"(0, 0, 0, 0, 0)","(0.0, 0.0, 0.0, 0.0, 0.0)",True
186,,"(0, 0, 0, 0, 0)","(0.0, 0.0, 0.0, 0.0, 0.0)",True
187,,"(0, 0, 0, 0, 0)","(0.0, 0.0, 0.0, 0.0, 0.0)",True
188,,"(0, 0, 0, 0, 0)","(0.0, 0.0, 0.0, 0.0, 0.0)",True
189,,"(0, 0, 0, 0, 0)","(0.0, 0.0, 0.0, 0.0, 0.0)",True
190,,"(0, 0, 0, 0, 0)","(0.0, 0.0, 0.0, 0.0, 0.0)",True
191,,"(0, 0, 0, 0, 0)","(0.0, 0.0, 0.0, 0.0, 0.0)",True
192,,"(0, 0, 0, 0, 0)","(0.0, 0.0, 0.0, 0.0, 0.0)",True
193,,"(0, 0, 0, 0, 0)","(0.0, 0.0, 0.0, 0.0, 0.0)",True
194,,"(0, 0, 0, 0, 0)","(0.0, 0.0, 0.0, 0.0, 0.0)",True
195,,"(0, 0, 0, 0, 0)","(0.0, 0.0, 0.0, 0.0, 0.0)",True
196,,"(0, 0, 0, 0, 0)","(0.0, 0.0, 0.0, 0.0, 0.0)",True
197,,"(0, 0, 0, 0, 0)","(0.0, 0.0, 0.0, 0.0, 0.0)",True
198,,"(0, 0, 0, 0, 0)","(0.0, 0.0, 0.0, 0.0, 0.0)",True
199,,"(0, 0, 0, 0, 0)","(0.0, 0.0, 0.0, 0.0, 0.0)",True
200,,"(0, 0, 0, 0, 0)","(0.0, 0.0, 0.0, 0.0, 0.0)",True
201,,"(0, 0, 0, 0, 0)","(0.0, 0.0, 0.0, 0.0, 0.0)",True
202,,"(0, 0, 0, 0, 0)","(0.0, 0.0, 0.0, 0.0, 0.0)",True
203,,"(0, 0, 0, 0, 0)","(0.0, 0.0, 0.0, 0.0, 0.0)",True
204,,"(0, 0, 0, 0, 0)","(0.0, 0.0, 0.0, 0.0, 0.0)",True
205,,"(0, 0, 0, 0, 0)","(0.0, 0.0, 0.0, 0.0, 0.0)",True
206,,"(0, 0, 0, 0, 0)","(0.0, 0.0, 0.0, 0.0, 0.0)",True
207,,"(0, 0, 0, 0, 0)","(0.0, 0.0, 0.0, 0.0, 0.0)",True
208,,"(0, 0, 0, 0, 0)","(0.0, 0.0, 0.0, 0.0, 0.0)",True
209,,"(0, 0, 0, 0, 0)","(0.0, 0.0, 0.0, 0.0, 0.0)",True
210,,"(0, 0, 0, 0, 0)","(0.0, 0.0, 0.0, 0.0, 0.0)",True
211,,"(0, 0, 0, 0, 0)","(0.0, 0.0, 0.0, 0.0, 0.0)",True
212,,"(0, 0, 0, 0, 0)","(0.0, 0.0, 0.0, 0.0, 0.0)",True
213,,"(0, 0, 0, 0, 0)","(0.0, 0.0, 0.0, 0.0, 0.0)",True
214,,"(0, 0, 0, 0, 0)","(0.0, 0.0, 0.0, 0.0, 0.0)",True
215,,"(0, 0, 0, 0, 0)","(0.0, 0.0, 0.0, 0.0, 0.0)",True
216,,"(0, 0, 0, 0, 0)","(0.0, 0.0, 0.0, 0.0, 0.0)",True
217,,"(0, 0, 0, 0, 0)","(0.0, 0.0, 0.0, 0.0, 0.0)",True
218,,"(0, 0, 0, 0, 0)","(0.0, 0.0, 0.0, 0.0, 0.0)",True
219,,"(0, 0, 0, 0, 0)","(0.0, 0.0, 0.0, 0.0, 0.0)",True
220,,"(0, 0, 0, 0, 0)","(0.0, 0.0, 0.0, 0.0, 0.0)",True
221,,"(0, 0, 0, 0, 0)","(0.0, 0.0, 0.0, 0.0, 0.0)",True
222,,"(0, 0, 0, 0, 0)","(0.0, 0.0, 0.0, 0.0, 0.0)",True
223,,"(0, 0, 0, 0, 0)","(0.0, 0.0, 0.0, 0.0, 0.0)",True
224,,"(0, 0, 0, 0, 0)","(0.0, 0.0, 0.0, 0.0, 0.0)",True
225,,"(0, 0, 0, 0, 0)","(0.0, 0.0, 0.0, 0.0, 0.0)",True
226,,"(0, 0, 0, 0, 0)","(0.0, 0.0, 0.0, 0.0, 0.0)",True
227,,"(0, 0, 0, 0, 0)","(0.0, 0.0, 0.0, 0.0, 0.0)",True
228,,"(0, 0, 0, 0, 0)","(0.0, 0.0, 0.0, 0.0, 0.0)",True
229,,"(0, 0, 0, 0, 0)","(0.0, 0.0, 0.0, 0.0, 0.0)",True
230,,"(0, 0, 0, 0, 0)","(0.0, 0.0, 0.0, 0.0, 0.0)",True
231,,"(0, 0, 0, 0, 0)","(0.0, 0.0, 0.0, 0.0, 0.0)",True
232,,"(0, 0, 0, 0, 0)","(0.0, 0.0, 0.0, 0.0, 0.0)",True
233,,"(0, 0, 0, 0, 0)","(0.0, 0.0, 0.0, 0.0, 0.0)",True
234,,"(0, 0, 0, 0, 0)","(0.0, 0.0, 0.0, 0.0, 0.0)",True
235,,"(0, 0, 0, 0, 0)","(0.0, 0.0, 0.0, 0.0, 0.0)",True
236,,"(0, 0, 0, 0, 0)","(0.0, 0.0, 0.0, 0.0, 0.0)",True
237,,"(0, 0, 0, 0, 0)","(0.0, 0.0, 0.0, 0.0, 0.0)",True
238,,"(0, 0, 0, 0, 0)","(0.0, 0.0, 0.0, 0.0, 0.0)",True
239,,"(0, 0, 0, 0, 0)","(0.0, 0.0, 0.0, 0.0, 0.0)",True
240,,"(0, 0, 0, 0, 0)","(0.0, 0.0, 0.0, 0.0, 0.0)",True
241,,"(0, 0, 0, 0, 0)","(0.0, 0.0, 0.0, 0.0, 0.0)",True
242,,"(0, 0, 0, 0, 0)","(0.0, 0.0, 0.0, 0.0, 0.0)",True
243,,"(0, 0, 0, 0, 0)","(0.0, 0.0, 0.0, 0.0, 0.0)",True
244,,"(0, 0, 0, 0, 0)","(0.0, 0.0, 0.0, 0.0, 0.0)",True
245,,"(0, 0, 0, 0, 0)","(0.0, 0.0, 0.0, 0.0, 0.0)",True
246,,"(0, 0, 0, 0, 0)","(0.0, 0.0, 0.0, 0.0, 0.0)",True
247,,"(0, 0, 0, 0, 0)","(0.0, 0.0, 0.0, 0.0, 0.0)",True
248,,"(0, 0, 0, 0, 0)","(0.0, 0.0, 0.0, 0.0, 0.0)",True
249,,"(0, 0, 0, 0, 0)","(0.0, 0.0, 0.0, 0.0, 0.0)",True
250,,"(0, 0, 0, 0, 0)","(0.0, 0.0, 0.0, 0.0, 0.0)",True
251,,"(0, 0, 0, 0, 0)","(0.0, 0.0, 0.0, 0.0, 0.0)",True
252,,"(0, 0, 0, 0, 0)","(0.0, 0.0, 0.0, 0.0, 0.0)",True
253,,"(0, 0, 0, 0, 0)","(0.0, 0.0, 0.0, 0.0, 0.0)",True
254,,"(0, 0, 0, 0, 0)","(0.0, 0.0, 0.0, 0.0, 0.0)",True
255,,"(0, 0, 0, 0, 0)","(0.0, 0.0, 0.0, 0.0, 0.0)",True
256,,"(0, 0, 0, 0, 0)","(0.0, 0.0, 0.0, 0.0, 0.0)",True
257,,"(0, 0, 0, 0, 0)","(0.0, 0.0, 0.0, 0.0, 0.0)",True
258,,"(0, 0, 0, 0, 0)","(0.0, 0.0, 0.0, 0.0, 0.0)",True
259,,"(0, 0, 0, 0, 0)","(0.0, 0.0, 0.0, 0.0, 0.0)",True
260,,"(0, 0, 0, 0, 0)","(0.0, 0.0, 0.0, 0.0, 0.0)",True
261,,"(0, 0, 0, 0, 0)","(0.0, 0.0, 0.0, 0.0, 0.0)",True
262,,"(0, 0, 0, 0, 0)","(0.0, 0.0, 0.0, 0.0, 0.0)",True
263,,"(0, 0, 0, 0, 0)","(0.0, 0.0, 0.0, 0.0, 0.0)",True
264,,"(0, 0, 0, 0, 0)","(0.0, 0.0, 0.0, 0.0, 0.0)",True
265,,"(0, 0, 0, 0, 0)","(0.0, 0.0, 0.0, 0.0, 0.0)",True
266,,"(0, 0, 0, 0, 0)","(0.0, 0.0, 0.0, 0.0, 0.0)",True
267,,"(0, 0, 0, 0, 0)","(0.0, 0.0, 0.0, 0.0, 0.0)",True
268,,"(0, 0, 0, 0, 0)","(0.0, 0.0, 0.0, 0.0, 0.0)",True
269,,"(0, 0, 0, 0, 0)","(0.0, 0.0, 0.0, 0.0, 0.0)",True
270,,"(0, 0, 0, 0, 0)","(0.0, 0.0, 0.0, 0.0, 0.0)",True
271,,"(0, 0, 0, 0, 0)","(0.0, 0.0, 0.0, 0.0, 0.0)",True
272,,"(0, 0, 0, 0, 0)","(0.0, 0.0, 0.0, 0.0, 0.0)",True
273,,"(0, 0, 0, 0, 0)","(0.0, 0.0, 0.0, 0.0, 0.0)",True
274,,"(0, 0, 0, 0, 0)","(0.0, 0.0, 0.0, 0.0, 0.0)",True
275,,"(0, 0, 0, 0, 0)","(0.0, 0.0, 0.0, 0.0, 0.0)",True
276,,"(0, 0, 0, 0, 0)","(0.0, 0.0, 0.0, 0.0, 0.0)",True
277,,"(0, 0, 0, 0, 0)","(0.0, 0.0, 0.0, 0.0, 0.0)",True
278,,"(0, 0, 0, 0, 0)","(0.0, 0.0, 0.0, 0.0, 0.0)",True
279,,"(0, 0, 0, 0, 0)","(0.0, 0.0, 0.0, 0.0, 0.0)",True
280,,"(0, 0, 0, 0, 0)","(0.0, 0.0, 0.0, 0.0, 0.0)",True
281,,"(0, 0, 0, 0, 0)","(0.0, 0.0, 0.0, 0.0, 0.0)",True
282,,"(0, 0, 0, 0, 0)","(0.0, 0.0, 0.0, 0.0, 0.0)",True
283,,"(0, 0, 0, 0, 0)","(0.0, 0.0, 0.0, 0.0, 0.0)",True
284,,"(0, 0, 0, 0, 0)","(0.0, 0.0, 0.0, 0.0, 0.0)",True
285,,"(0, 0, 0, 0, 0)","(0.0, 0.0, 0.0, 0.0, 0.0)",True
286,,"(0, 0, 0, 0, 0)","(0.0, 0.0, 0.0, 0.0, 0.0)",True
287,,"(0, 0, 0, 0, 0)","(0.0, 0.0, 0.0, 0.0, 0.0)",True
288,,"(0, 0, 0, 0, 0)","(0.0, 0.0, 0.0, 0.0, 0.0)",True
289,,"(0, 0, 0, 0, 0)","(0.0, 0.0, 0.0, 0.0, 0.0)",True
290,,"(0, 0, 0, 0, 0)","(0.0, 0.0, 0.0, 0.0, 0.0)",True
291,,"(0, 0, 0, 0, 0)","(0.0, 0.0, 0.0, 0.0, 0.0)",True
292,,"(0, 0, 0, 0, 0)","(0.0, 0.0, 0.0, 0.0, 0.0)",True
293,,"(0, 0, 0, 0, 0)","(0.0, 0.0, 0.0, 0.0, 0.0)",True
294,,"(0, 0, 0, 0, 0)","(0.0, 0.0, 0.0, 0.0, 0.0)",True
295,,"(0, 0, 0, 0, 0)","(0.0, 0.0, 0.0, 0.0, 0.0)",True
296,,"(0, 0, 0, 0, 0)","(0.0, 0.0, 0.0, 0.0, 0.0)",True
297,,"(0, 0, 0, 0, 0)","(0.0, 0.0, 0.0, 0.0, 0.0)",True
298,,"(0, 0, 0, 0, 0)","(0.0, 0.0, 0.0, 0.0, 0.0)",True
299,,"(0, 0, 0, 0, 0)","(0.0, 0.0, 0.0, 0.0, 0.0)",True
300,,"(0, 0, 0, 0, 0)","(0.0, 0.0, 0.0, 0.0, 0.0)",True
301,,"(0, 0, 0, 0, 0)","(0.0, 0.0, 0.0, 0.0, 0.0)",True
302,,"(0, 0, 0, 0, 0)","(0.0, 0.0, 0.0, 0.0, 0.0)",True
303,,"(0, 0, 0, 0, 0)","(0.0, 0.0, 0.0, 0.0, 0.0)",True
304,,"(0, 0, 0, 0, 0)","(0.0, 0.0, 0.0, 0.0, 0.0)",True
305,,"(0, 0, 0, 0, 0)","(0.0, 0.0, 0.0, 0.0, 0.0)",True
306,,"(0, 0, 0, 0, 0)","(0.0, 0.0, 0.0, 0.0, 0.0)",True
307,,"(0, 0, 0, 0, 0)","(0.0, 0.0, 0.0, 0.0, 0.0)",True
308,,"(0, 0, 0, 0, 0)","(0.0, 0.0, 0.0, 0.0, 0.0)",True
309,,"(0, 0, 0, 0, 0)","(0.0, 0.0, 0.0, 0.0, 0.0)",True
310,,"(0, 0, 0, 0, 0)","(0.0, 0.0, 0.0, 0.0, 0.0)",True
311,,"(0, 0, 0, 0, 0)","(0.0, 0.0, 0.0, 0.0, 0.0)",True
312,,"(0, 0, 0, 0, 0)","(0.0, 0.0, 0.0, 0.0, 0.0)",True
313,,"(0, 0, 0, 0, 0)","(0.0, 0.0, 0.0, 0.0, 0.0)",True
314,,"(0, 0, 0, 0, 0)","(0.0, 0.0, 0.0, 0.0, 0.0)",True
315,,"(0, 0, 0, 0, 0)","(0.0, 0.0, 0.0, 0.0, 0.0)",True
316,,"(0, 0, 0, 0, 0)","(0.0, 0.0, 0.0, 0.0, 0.0)",True
317,,"(0, 0, 0, 0, 0)","(0.0, 0.0, 0.0, 0.0, 0.0)",True
318,,"(0, 0, 0, 0, 0)","(0.0, 0.0, 0.0, 0.0, 0.0)",True
319,,"(0, 0, 0, 0, 0)","(0.0, 0.0, 0.0, 0.0, 0.0)",True
320,,"(0, 0, 0, 0, 0)","(0.0, 0.0, 0.0, 0.0, 0.0)",True
321,,"(0, 0, 0, 0, 0)","(0.0, 0.0, 0.0, 0.0, 0.0)",True
322,,"(0, 0, 0, 0, 0)","(0.0, 0.0, 0.0, 0.0, 0.0)",True
323,,"(0, 0, 0, 0, 0)","(0.0, 0.0, 0.0, 0.0, 0.0)",True
324,,"(0, 0, 0, 0, 0)","(0.0, 0.0, 0.0, 0.0, 0.0)",True
325,,"(0, 0, 0, 0, 0)","(0.0, 0.0, 0.0, 0.0, 0.0)",True
326,,"(0, 0, 0, 0, 0)","(0.0, 0.0, 0.0, 0.0, 0.0)",True
327,,"(0, 0, 0, 0, 0)","(0.0, 0.0, 0.0, 0.0, 0.0)",True
328,,"(0, 0, 0, 0, 0)","(0.0, 0.0, 0.0, 0.0, 0.0)",True
329,,"(0, 0, 0, 0, 0)","(0.0, 0.0, 0.0, 0.0, 0.0)",True
330,,"(0, 0, 0, 0, 0)","(0.0, 0.0, 0.0, 0.0, 0.0)",True
331,,"(0, 0, 0, 0, 0)","(0.0, 0.0, 0.0, 0.0, 0.0)",True
332,,"(0, 0, 0, 0, 0)","(0.0, 0.0, 0.0, 0.0, 0.0)",True
333,,"(0, 0, 0, 0, 0)","(0.0, 0.0, 0.0, 0.0, 0.0)",True
334,,"(0, 0, 0, 0, 0)","(0.0, 0.0, 0.0, 0.0, 0.0)",True
335,,"(0, 0, 0, 0, 0)","(0.0, 0.0, 0.0, 0.0, 0.0)",True
336,,"(0, 0, 0, 0, 0)","(0.0, 0.0, 0.0, 0.0, 0.0)",True
337,,"(0, 0, 0, 0, 0)","(0.0, 0.0, 0.0, 0.0, 0.0)",True
338,,"(0, 0, 0, 0, 0)","(0.0, 0.0, 0.0, 0.0, 0.0)",True
339,,"(0, 0, 0, 0, 0)","(0.0, 0.0, 0.0, 0.0, 0.0)",True
340,,"(0, 0, 0, 0, 0)","(0.0, 0.0, 0.0, 0.0, 0.0)",True
341,,"(0, 0, 0, 0, 0)","(0.0, 0.0, 0.0, 0.0, 0.0)",True
342,,"(0, 0, 0, 0, 0)","(0.0, 0.0, 0.0, 0.0, 0.0)",True
343,,"(0, 0, 0, 0, 0)","(0.0, 0.0, 0.0, 0.0, 0.0)",True
344,,"(0, 0, 0, 0, 0)","(0.0, 0.0, 0.0, 0.0, 0.0)",True
345,,"(0, 0, 0, 0, 0)","(0.0, 0.0, 0.0, 0.0, 0.0)",True
346,,"(0, 0, 0, 0, 0)","(0.0, 0.0, 0.0, 0.0, 0.0)",True
347,,"(0, 0, 0, 0, 0)","(0.0, 0.0, 0.0, 0.0, 0.0)",True
348,,"(0, 0, 0, 0, 0)","(0.0, 0.0, 0.0, 0.0, 0.0)",True
349,,"(0, 0, 0, 0, 0)","(0.0, 0.0, 0.0, 0.0, 0.0)",True
350,,"(0, 0, 0, 0, 0)","(0.0, 0.0, 0.0, 0.0, 0.0)",True
351,,"(0, 0, 0, 0, 0)","(0.0, 0.0, 0.0, 0.0, 0.0)",True
352,,"(0, 0, 0, 0, 0)","(0.0, 0.0, 0.0, 0.0, 0.0)",True
353,,"(0, 0, 0, 0, 0)","(0.0, 0.0, 0.0, 0.0, 0.0)",True
354,,"(0, 0, 0, 0, 0)","(0.0, 0.0, 0.0, 0.0, 0.0)",True
355,,"(0, 0, 0, 0, 0)","(0.0, 0.0, 0.0, 0.0, 0.0)",True
356,,"(0, 0, 0, 0, 0)","(0.0, 0.0, 0.0, 0.0, 0.0)",True
357,,"(0, 0, 0, 0, 0)","(0.0, 0.0, 0.0, 0.0, 0.0)",True
358,,"(0, 0, 0, 0, 0)","(0.0, 0.0, 0.0, 0.0, 0.0)",True
359,,"(0, 0, 0, 0, 0)","(0.0, 0.0, 0.0, 0.0, 0.0)",True
360,,"(0, 0, 0, 0, 0)","(0.0, 0.0, 0.0, 0.0, 0.0)",True
361,,"(0, 0, 0, 0, 0)","(0.0, 0.0, 0.0, 0.0, 0.0)",True
362,,"(0, 0, 0, 0, 0)","(0.0, 0.0, 0.0, 0.0, 0.0)",True
363,,"(0, 0, 0, 0, 0)","(0.0, 0.0, 0.0, 0.0, 0.0)",True
364,,"(0, 0, 0, 0, 0)","(0.0, 0.0, 0.0, 0.0, 0.0)",True
365,,"(0, 0, 0, 0, 0)","(0.0, 0.0, 0.0, 0.0, 0.0)",True
366,,"(0, 0, 0, 0, 0)","(0.0, 0.0, 0.0, 0.0, 0.0)",True
367,,"(0, 0, 0, 0, 0)","(0.0, 0.0, 0.0, 0.0, 0.0)",True
368,,"(0, 0, 0, 0, 0)","(0.0, 0.0, 0.0, 0.0, 0.0)",True
369,,"(0, 0, 0, 0, 0)","(0.0, 0.0, 0.0, 0.0, 0.0)",True
370,,"(0, 0, 0, 0, 0)","(0.0, 0.0, 0.0, 0.0, 0.0)",True
371,,"(0, 0, 0, 0, 0)","(0.0, 0.0, 0.0, 0.0, 0.0)",True
372,,"(0, 0, 0, 0, 0)","(0.0, 0.0, 0.0, 0.0, 0.0)",True
373,,"(0, 0, 0, 0, 0)","(0.0, 0.0, 0.0, 0.0, 0.0)",True
374,,"(0, 0, 0, 0, 0)","(0.0, 0.0, 0.0, 0.0, 0.0)",True
375,,"(0, 0, 0, 0, 0)","(0.0, 0.0, 0.0, 0.0, 0.0)",True
376,,"(0, 0, 0, 0, 0)","(0.0, 0.0, 0.0, 0.0, 0.0)",True
377,,"(0, 0, 0, 0, 0)","(0.0, 0.0, 0.0, 0.0, 0.0)",True
378,,"(0, 0, 0, 0, 0)","(0.0, 0.0, 0.0, 0.0, 0.0)",True
379,,"(0, 0, 0, 0, 0)","(0.0, 0.0, 0.0, 0.0, 0.0)",True
380,,"(0, 0, 0, 0, 0)","(0.0, 0.0, 0.0, 0.0, 0.0)",True
381,,"(0, 0, 0, 0, 0)","(0.0, 0.0, 0.0, 0.0, 0.0)",True
382,,"(0, 0, 0, 0, 0)","(0.0, 0.0, 0.0, 0.0, 0.0)",True
383,,"(0, 0, 0, 0, 0)","(0.0, 0.0, 0.0, 0.0, 0.0)",True
384,,"(0, 0, 0, 0, 0)","(0.0, 0.0, 0.0, 0.0, 0.0)",True
385,,"(0, 0, 0, 0, 0)","(0.0, 0.0, 0.0, 0.0, 0.0)",True
386,,"(0, 0, 0, 0, 0)","(0.0, 0.0, 0.0, 0.0, 0.0)",True
387,,"(0, 0, 0, 0, 0)","(0.0, 0.0, 0.0, 0.0, 0.0)",True
388,,"(0, 0, 0, 0, 0)","(0.0, 0.0, 0.0, 0.0, 0.0)",True
389,,"(0, 0, 0, 0, 0)","(0.0, 0.0, 0.0, 0.0, 0.0)",True
390,,"(0, 0, 0, 0, 0)","(0.0, 0.0, 0.0, 0.0, 0.0)",True
391,,"(0, 0, 0, 0, 0)","(0.0, 0.0, 0.0, 0.0, 0.0)",True
392,,"(0, 0, 0, 0, 0)","(0.0, 0.0, 0.0, 0.0, 0.0)",True
393,,"(0, 0, 0, 0, 0)","(0.0, 0.0, 0.0, 0.0, 0.0)",True
394,,"(0, 0, 0, 0, 0)","(0.0, 0.0, 0.0, 0.0, 0.0)",True
395,,"(0, 0, 0, 0, 0)","(0.0, 0.0, 0.0, 0.0, 0.0)",True
396,,"(0, 0, 0, 0, 0)","(0.0, 0.0, 0.0, 0.0, 0.0)",True
397,,"(0, 0, 0, 0, 0)","(0.0, 0.0, 0.0, 0.0, 0.0)",True
398,,"(0, 0, 0, 0, 0)","(0.0, 0.0, 0.0, 0.0, 0.0)",True
399,,"(0, 0, 0, 0, 0)","(0.0, 0.0, 0.0, 0.0, 0.0)",True
400,,"(0, 0, 0, 0, 0)","(0.0, 0.0, 0.0, 0.0, 0.0)",True
401,,"(0, 0, 0, 0, 0)","(0.0, 0.0, 0.0, 0.0, 0.0)",True
402,,"(0, 0, 0, 0, 0)","(0.0, 0.0, 0.0, 0.0, 0.0)",True
403,,"(0, 0, 0, 0, 0)","(0.0, 0.0, 0.0, 0.0, 0.0)",True
404,,"(0, 0, 0, 0, 0)","(0.0, 0.0, 0.0, 0.0, 0.0)",True
405,,"(0, 0, 0, 0, 0)","(0.0, 0.0, 0.0, 0.0, 0.0)",True
406,,"(0, 0, 0, 0, 0)","(0.0, 0.0, 0.0, 0.0, 0.0)",True
407,,"(0, 0, 0, 0, 0)","(0.0, 0.0, 0.0, 0.0, 0.0)",True
408,,"(0, 0, 0, 0, 0)","(0.0, 0.0, 0.0, 0.0, 0.0)",True
409,,"(0, 0, 0, 0, 0)","(0.0, 0.0, 0.0, 0.0, 0.0)",True
410,,"(0, 0, 0, 0, 0)","(0.0, 0.0, 0.0, 0.0, 0.0)",True
411,,"(0, 0, 0, 0, 0)","(0.0, 0.0, 0.0, 0.0, 0.0)",True
412,,"(0, 0, 0, 0, 0)","(0.0, 0.0, 0.0, 0.0, 0.0)",True
413,,"(0, 0, 0, 0, 0)","(0.0, 0.0, 0.0, 0.0, 0.0)",True
414,,"(0, 0, 0, 0, 0)","(0.0, 0.0, 0.0, 0.0, 0.0)",True
415,,"(0, 0, 0, 0, 0)","(0.0, 0.0, 0.0, 0.0, 0.0)",True
416,,"(0, 0, 0, 0, 0)","(0.0, 0.0, 0.0, 0.0, 0.0)",True
417,,"(0, 0, 0, 0, 0)","(0.0, 0.0, 0.0, 0.0, 0.0)",True
418,,"(0, 0, 0, 0, 0)","(0.0, 0.0, 0.0, 0.0, 0.0)",True
419,,"(0, 0, 0, 0, 0)","(0.0, 0.0, 0.0, 0.0, 0.0)",True
420,,"(0, 0, 0, 0, 0)","(0.0, 0.0, 0.0, 0.0, 0.0)",True
421,,"(0, 0, 0, 0, 0)","(0.0, 0.0, 0.0, 0.0, 0.0)",True
422,,"(0, 0, 0, 0, 0)","(0.0, 0.0, 0.0, 0.0, 0.0)",True
423,,"(0, 0, 0, 0, 0)","(0.0, 0.0, 0.0, 0.0, 0.0)",True
424,,"(0, 0, 0, 0, 0)","(0.0, 0.0, 0.0, 0.0, 0.0)",True
425,,"(0, 0, 0, 0, 0)","(0.0, 0.0, 0.0, 0.0, 0.0)",True
426,,"(0, 0, 0, 0, 0)","(0.0, 0.0, 0.0, 0.0, 0.0)",True
427,,"(0, 0, 0, 0, 0)","(0.0, 0.0, 0.0, 0.0, 0.0)",True
428,,"(0, 0, 0, 0, 0)","(0.0, 0.0, 0.0, 0.0, 0.0)",True
429,,"(0, 0, 0, 0, 0)","(0.0, 0.0, 0.0, 0.0, 0.0)",True
430,,"(0, 0, 0, 0, 0)","(0.0, 0.0, 0.0, 0.0, 0.0)",True
431,,"(0, 0, 0, 0, 0)","(0.0, 0.0, 0.0, 0.0, 0.0)",True
432,,"(0, 0, 0, 0, 0)","(0.0, 0.0, 0.0, 0.0, 0.0)",True
433,,"(0, 0, 0, 0, 0)","(0.0, 0.0, 0.0, 0.0, 0.0)",True
434,,"(0, 0, 0, 0, 0)","(0.0, 0.0, 0.0, 0.0, 0.0)",True
435,,"(0, 0, 0, 0, 0)","(0.0, 0.0, 0.0, 0.0, 0.0)",True
436,,"(0, 0, 0, 0, 0)","(0.0, 0.0, 0.0, 0.0, 0.0)",True
437,,"(0, 0, 0, 0, 0)","(0.0, 0.0, 0.0, 0.0, 0.0)",True
438,,"(0, 0, 0, 0, 0)","(0.0, 0.0, 0.0, 0.0, 0.0)",True
439,,"(0, 0, 0, 0, 0)","(0.0, 0.0, 0.0, 0.0, 0.0)",True
440,,"(0, 0, 0, 0, 0)","(0.0, 0.0, 0.0, 0.0, 0.0)",True
441,,"(0, 0, 0, 0, 0)","(0.0, 0.0, 0.0, 0.0, 0.0)",True
442,,"(0, 0, 0, 0, 0)","(0.0, 0.0, 0.0, 0.0, 0.0)",True
443,,"(0, 0, 0, 0, 0)","(0.0, 0.0, 0.0, 0.0, 0.0)",True
444,,"(0, 0, 0, 0, 0)","(0.0, 0.0, 0.0, 0.0, 0.0)",True
445,,"(0, 0, 0, 0, 0)","(0.0, 0.0, 0.0, 0.0, 0.0)",True
446,,"(0, 0, 0, 0, 0)","(0.0, 0.0, 0.0, 0.0, 0.0)",True
447,,"(0, 0, 0, 0, 0)","(0.0, 0.0, 0.0, 0.0, 0.0)",True
448,,"(0, 0, 0, 0, 0)","(0.0, 0.0, 0.0, 0.0, 0.0)",True
449,,"(0, 0, 0, 0, 0)","(0.0, 0.0, 0.0, 0.0, 0.0)",True
450,,"(0, 0, 0, 0, 0)","(0.0, 0.0, 0.0, 0.0, 0.0)",True
451,,"(0, 0, 0, 0, 0)","(0.0, 0.0, 0.0, 0.0, 0.0)",True
452,,"(0, 0, 0, 0, 0)","(0.0, 0.0, 0.0, 0.0, 0.0)",True
453,,"(0, 0, 0, 0, 0)","(0.0, 0.0, 0.0, 0.0, 0.0)",True
454,,"(0, 0, 0, 0, 0)","(0.0, 0.0, 0.0, 0.0, 0.0)",True
455,,"(0, 0, 0, 0, 0)","(0.0, 0.0, 0.0, 0.0, 0.0)",True
456,,"(0, 0, 0, 0, 0)","(0.0, 0.0, 0.0, 0.0, 0.0)",True
457,,"(0, 0, 0, 0, 0)","(0.0, 0.0, 0.0, 0.0, 0.0)",True
458,,"(0, 0, 0, 0, 0)","(0.0, 0.0, 0.0, 0.0, 0.0)",True
459,,"(0, 0, 0, 0, 0)","(0.0, 0.0, 0.0, 0.0, 0.0)",True
460,,"(0, 0, 0, 0, 0)","(0.0, 0.0, 0.0, 0.0, 0.0)",True
461,,"(0, 0, 0, 0, 0)","(0.0, 0.0, 0.0, 0.0, 0.0)",True
462,,"(0, 0, 0, 0, 0)","(0.0, 0.0, 0.0, 0.0, 0.0)",True
463,,"(0, 0, 0, 0, 0)","(0.0, 0.0, 0.0, 0.0, 0.0)",True
464,,"(0, 0, 0, 0, 0)","(0.0, 0.0, 0.0, 0.0, 0.0)",True
465,,"(0, 0, 0, 0, 0)","(0.0, 0.0, 0.0, 0.0, 0.0)",True
466,,"(0, 0, 0, 0, 0)","(0.0, 0.0, 0.0, 0.0, 0.0)",True
467,,"(0, 0, 0, 0, 0)","(0.0, 0.0, 0.0, 0.0, 0.0)",True
468,,"(0, 0, 0, 0, 0)","(0.0, 0.0, 0.0, 0.0, 0.0)",True
469,,"(0, 0, 0, 0, 0)","(0.0, 0.0, 0.0, 0.0, 0.0)",True
470,,"(0, 0, 0, 0, 0)","(0.0, 0.0, 0.0, 0.0, 0.0)",True
471,,"(0, 0, 0, 0, 0)","(0.0, 0.0, 0.0, 0.0, 0.0)",True
472,,"(0, 0, 0, 0, 0)","(0.0, 0.0, 0.0, 0.0, 0.0)",True
473,,"(0, 0, 0, 0, 0)","(0.0, 0.0, 0.0, 0.0, 0.0)",True
474,,"(0, 0, 0, 0, 0)","(0.0, 0.0, 0.0, 0.0, 0.0)",True
475,,"(0, 0, 0, 0, 0)","(0.0, 0.0, 0.0, 0.0, 0.0)",True
476,,"(0, 0, 0, 0, 0)","(0.0, 0.0, 0.0, 0.0, 0.0)",True
477,,"(0, 0, 0, 0, 0)","(0.0, 0.0, 0.0, 0.0, 0.0)",True
478,,"(0, 0, 0, 0, 0)","(0.0, 0.0, 0.0, 0.0, 0.0)",True
479,,"(0, 0, 0, 0, 0)","(0.0, 0.0, 0.0, 0.0, 0.0)",True
480,,"(0, 0, 0, 0, 0)","(0.0, 0.0, 0.0, 0.0, 0.0)",True
481,,"(0, 0, 0, 0, 0)","(0.0, 0.0, 0.0, 0.0, 0.0)",True
482,,"(0, 0, 0, 0, 0)","(0.0, 0.0, 0.0, 0.0, 0.0)",True
483,,"(0, 0, 0, 0, 0)","(0.0, 0.0, 0.0, 0.0, 0.0)",True
484,,"(0, 0, 0, 0, 0)","(0.0, 0.0, 0.0, 0.0, 0.0)",True
485,,"(0, 0, 0, 0, 0)","(0.0, 0.0, 0.0, 0.0, 0.0)",True
486,,"(0, 0, 0, 0, 0)","(0.0, 0.0, 0.0, 0.0, 0.0)",True
487,,"(0, 0, 0, 0, 0)","(0.0, 0.0, 0.0, 0.0, 0.0)",True
488,,"(0, 0, 0, 0, 0)","(0.0, 0.0, 0.0, 0.0, 0.0)",True
489,,"(0, 0, 0, 0, 0)","(0.0, 0.0, 0.0, 0.0, 0.0)",True
490,,"(0, 0, 0, 0, 0)","(0.0, 0.0, 0.0, 0.0, 0.0)",True
491,,"(0, 0, 0, 0, 0)","(0.0, 0.0, 0.0, 0.0, 0.0)",True
492,,"(0, 0, 0, 0, 0)","(0.0, 0.0, 0.0, 0.0, 0.0)",True
493,,"(0, 0, 0, 0, 0)","(0.0, 0.0, 0.0, 0.0, 0.0)",True
494,,"(0, 0, 0, 0, 0)","(0.0, 0.0, 0.0, 0.0, 0.0)",True
495,,"(0, 0, 0, 0, 0)","(0.0, 0.0, 0.0, 0.0, 0.0)",True
496,,"(0, 0, 0, 0, 0)","(0.0, 0.0, 0.0, 0.0, 0.0)",True
497,,"(0, 0, 0, 0, 0)","(0.0, 0.0, 0.0, 0.0, 0.0)",True
498,,"(0, 0, 0, 0, 0)","(0.0, 0.0, 0.0, 0.0, 0.0)",True
499,,"(0, 0, 0, 0, 0)","(0.0, 0.0, 0.0, 0.0, 0.0)",True
500,,"(0, 0, 0, 0, 0)","(0.0, 0.0, 0.0, 0.0, 0.0)",True
501,,"(0, 0, 0, 0, 0)","(0.0, 0.0, 0.0, 0.0, 0.0)",True
502,,"(0, 0, 0, 0, 0)","(0.0, 0.0, 0.0, 0.0, 0.0)",True
503,,"(0, 0, 0, 0, 0)","(0.0, 0.0, 0.0, 0.0, 0.0)",True
504,,"(0, 0, 0, 0, 0)","(0.0, 0.0, 0.0, 0.0, 0.0)",True
505,,"(0, 0, 0, 0, 0)","(0.0, 0.0, 0.0, 0.0, 0.0)",True
506,,"(0, 0, 0, 0, 0)","(0.0, 0.0, 0.0, 0.0, 0.0)",True
507,,"(0, 0, 0, 0, 0)","(0.0, 0.0, 0.0, 0.0, 0.0)",True
508,,"(0, 0, 0, 0, 0)","(0.0, 0.0, 0.0, 0.0, 0.0)",True
509,,"(0, 0, 0, 0, 0)","(0.0, 0.0, 0.0, 0.0, 0.0)",True
510,,"(0, 0, 0, 0, 0)","(0.0, 0.0, 0.0, 0.0, 0.0)",True
511,,"(0, 0, 0, 0, 0)","(0.0, 0.0, 0.0, 0.0, 0.0)",True
512,,"(0, 0, 0, 0, 0)","(0.0, 0.0, 0.0, 0.0, 0.0)",True
513,,"(0, 0, 0, 0, 0)","(0.0, 0.0, 0.0, 0.0, 0.0)",True
514,,"(0, 0, 0, 0, 0)","(0.0, 0.0, 0.0, 0.0, 0.0)",True
515,,"(0, 0, 0, 0, 0)","(0.0, 0.0, 0.0, 0.0, 0.0)",True
516,,"(0, 0, 0, 0, 0)","(0.0, 0.0, 0.0, 0.0, 0.0)",True
517,,"(0, 0, 0, 0, 0)","(0.0, 0.0, 0.0, 0.0, 0.0)",True
518,,"(0, 0, 0, 0, 0)","(0.0, 0.0, 0.0, 0.0, 0.0)",True
519,,"(0, 0, 0, 0, 0)","(0.0, 0.0, 0.0, 0.0, 0.0)",True
520,,"(0, 0, 0, 0, 0)","(0.0, 0.0, 0.0, 0.0, 0.0)",True
521,,"(0, 0, 0, 0, 0)","(0.0, 0.0, 0.0, 0.0, 0.0)",True
522,,"(0, 0, 0, 0, 0)","(0.0, 0.0, 0.0, 0.0, 0.0)",True
523,,"(0, 0, 0, 0, 0)","(0.0, 0.0, 0.0, 0.0, 0.0)",True
524,,"(0, 0, 0, 0, 0)","(0.0, 0.0, 0.0, 0.0, 0.0)",True
525,,"(0, 0, 0, 0, 0)","(0.0, 0.0, 0.0, 0.0, 0.0)",True
526,,"(0, 0, 0, 0, 0)","(0.0, 0.0, 0.0, 0.0, 0.0)",True
527,,"(0, 0, 0, 0, 0)","(0.0, 0.0, 0.0, 0.0, 0.0)",True
528,,"(0, 0, 0, 0, 0)","(0.0, 0.0, 0.0, 0.0, 0.0)",True
529,,"(0, 0, 0, 0, 0)","(0.0, 0.0, 0.0, 0.0, 0.0)",True
530,,"(0, 0, 0, 0, 0)","(0.0, 0.0, 0.0, 0.0, 0.0)",True
531,,"(0, 0, 0, 0, 0)","(0.0, 0.0, 0.0, 0.0, 0.0)",True
532,,"(0, 0, 0, 0, 0)","(0.0, 0.0, 0.0, 0.0, 0.0)",True
533,,"(0, 0, 0, 0, 0)","(0.0, 0.0, 0.0, 0.0, 0.0)",True
534,,"(0, 0, 0, 0, 0)","(0.0, 0.0, 0.0, 0.0, 0.0)",True
535,,"(0, 0, 0, 0, 0)","(0.0, 0.0, 0.0, 0.0, 0.0)",True
536,,"(0, 0, 0, 0, 0)","(0.0, 0.0, 0.0, 0.0, 0.0)",True
537,,"(0, 0, 0, 0, 0)","(0.0, 0.0, 0.0, 0.0, 0.0)",True
538,,"(0, 0, 0, 0, 0)","(0.0, 0.0, 0.0, 0.0, 0.0)",True
539,,"(0, 0, 0, 0, 0)","(0.0, 0.0, 0.0, 0.0, 0.0)",True
540,,"(0, 0, 0, 0, 0)","(0.0, 0.0, 0.0, 0.0, 0.0)",True
541,,"(0, 0, 0, 0, 0)","(0.0, 0.0, 0.0, 0.0, 0.0)",True
542,,"(0, 0, 0, 0, 0)","(0.0, 0.0, 0.0, 0.0, 0.0)",True
543,,"(0, 0, 0, 0, 0)","(0.0, 0.0, 0.0, 0.0, 0.0)",True
544,,"(0, 0, 0, 0, 0)","(0.0, 0.0, 0.0, 0.0, 0.0)",True
545,,"(0, 0, 0, 0, 0)","(0.0, 0.0, 0.0, 0.0, 0.0)",True
546,,"(0, 0, 0, 0, 0)","(0.0, 0.0, 0.0, 0.0, 0.0)",True
547,,"(0, 0, 0, 0, 0)","(0.0, 0.0, 0.0, 0.0, 0.0)",True
548,,"(0, 0, 0, 0, 0)","(0.0, 0.0, 0.0, 0.0, 0.0)",True
549,,"(0, 0, 0, 0, 0)","(0.0, 0.0, 0.0, 0.0, 0.0)",True
550,,"(0, 0, 0, 0, 0)","(0.0, 0.0, 0.0, 0.0, 0.0)",True
551,,"(0, 0, 0, 0, 0)","(0.0, 0.0, 0.0, 0.0, 0.0)",True
552,,"(0, 0, 0, 0, 0)","(0.0, 0.0, 0.0, 0.0, 0.0)",True
553,,"(0, 0, 0, 0, 0)","(0.0, 0.0, 0.0, 0.0, 0.0)",True
554,,"(0, 0, 0, 0, 0)","(0.0, 0.0, 0.0, 0.0, 0.0)",True
555,,"(0, 0, 0, 0, 0)","(0.0, 0.0, 0.0, 0.0, 0.0)",True
556,,"(0, 0, 0, 0, 0)","(0.0, 0.0, 0.0, 0.0, 0.0)",True
557,,"(0, 0, 0, 0, 0)","(0.0, 0.0, 0.0, 0.0, 0.0)",True
558,,"(0, 0, 0, 0, 0)","(0.0, 0.0, 0.0, 0.0, 0.0)",True
559,,"(0, 0, 0, 0, 0)","(0.0, 0.0, 0.0, 0.0, 0.0)",True
560,,"(0, 0, 0, 0, 0)","(0.0, 0.0, 0.0, 0.0, 0.0)",True
561,,"(0, 0, 0, 0, 0)","(0.0, 0.0, 0.0, 0.0, 0.0)",True
562,,"(0, 0, 0, 0, 0)","(0.0, 0.0, 0.0, 0.0, 0.0)",True
563,,"(0, 0, 0, 0, 0)","(0.0, 0.0, 0.0, 0.0, 0.0)",True
564,,"(0, 0, 0, 0, 0)","(0.0, 0.0, 0.0, 0.0, 0.0)",True
565,,"(0, 0, 0, 0, 0)","(0.0, 0.0, 0.0, 0.0, 0.0)",True
566,,"(0, 0, 0, 0, 0)","(0.0, 0.0, 0.0, 0.0, 0.0)",True
567,,"(0, 0, 0, 0, 0)","(0.0, 0.0, 0.0, 0.0, 0.0)",True
568,,"(0, 0, 0, 0, 0)","(0.0, 0.0, 0.0, 0.0, 0.0)",True
569,,"(0, 0, 0, 0, 0)","(0.0, 0.0, 0.0, 0.0, 0.0)",True
570,,"(0, 0, 0, 0, 0)","(0.0, 0.0, 0.0, 0.0, 0.0)",True
571,,"(0, 0, 0, 0, 0)","(0.0, 0.0, 0.0, 0.0, 0.0)",True
572,,"(0, 0, 0, 0, 0)","(0.0, 0.0, 0.0, 0.0, 0.0)",True
573,,"(0, 0, 0, 0, 0)","(0.0, 0.0, 0.0, 0.0, 0.0)",True
574,,"(0, 0, 0, 0, 0)","(0.0, 0.0, 0.0, 0.0, 0.0)",True
575,,"(0, 0, 0, 0, 0)","(0.0, 0.0, 0.0, 0.0, 0.0)",True
576,,"(0, 0, 0, 0, 0)","(0.0, 0.0, 0.0, 0.0, 0.0)",True
577,,"(0, 0, 0, 0, 0)","(0.0, 0.0, 0.0, 0.0, 0.0)",True
578,,"(0, 0, 0, 0, 0)","(0.0, 0.0, 0.0, 0.0, 0.0)",True
579,,"(0, 0, 0, 0, 0)","(0.0, 0.0, 0.0, 0.0, 0.0)",True
580,,"(0, 0, 0, 0, 0)","(0.0, 0.0, 0.0, 0.0, 0.0)",True
581,,"(0, 0, 0, 0, 0)","(0.0, 0.0, 0.0, 0.0, 0.0)",True
582,,"(0, 0, 0, 0, 0)","(0.0, 0.0, 0.0, 0.0, 0.0)",True
583,,"(0, 0, 0, 0, 0)","(0.0, 0.0, 0.0, 0.0, 0.0)",True
584,,"(0, 0, 0, 0, 0)","(0.0, 0.0, 0.0, 0.0, 0.0)",True
585,,"(0, 0, 0, 0, 0)","(0.0, 0.0, 0.0, 0.0, 0.0)",True
586,,"(0, 0, 0, 0, 0)","(0.0, 0.0, 0.0, 0.0, 0.0)",True
587,,"(0, 0, 0, 0, 0)","(0.0, 0.0, 0.0, 0.0, 0.0)",True
588,,"(0, 0, 0, 0, 0)","(0.0, 0.0, 0.0, 0.0, 0.0)",True
589,,"(0, 0, 0, 0, 0)","(0.0, 0.0, 0.0, 0.0, 0.0)",True
590,,"(0, 0, 0, 0, 0)","(0.0, 0.0, 0.0, 0.0, 0.0)",True
591,,"(0, 0, 0, 0, 0)","(0.0, 0.0, 0.0, 0.0, 0.0)",True
592,,"(0, 0, 0, 0, 0)","(0.0, 0.0, 0.0, 0.0, 0.0)",True
593,,"(0, 0, 0, 0, 0)","(0.0, 0.0, 0.0, 0.0, 0.0)",True
594,,"(0, 0, 0, 0, 0)","(0.0, 0.0, 0.0, 0.0, 0.0)",True
595,,"(0, 0, 0, 0, 0)","(0.0, 0.0, 0.0, 0.0, 0.0)",True
596,,"(0, 0, 0, 0, 0)","(0.0, 0.0, 0.0, 0.0, 0.0)",True
597,,"(0, 0, 0, 0, 0)","(0.0, 0.0, 0.0, 0.0, 0.0)",True
598,,"(0, 0, 0, 0, 0)","(0.0, 0.0, 0.0, 0.0, 0.0)",True
599,,"(0, 0, 0, 0, 0)","(0.0, 0.0, 0.0, 0.0, 0.0)",True
600,,"(0, 0, 0, 0, 0)","(0.0, 0.0, 0.0, 0.0, 0.0)",True
601,,"(0, 0, 0, 0, 0)","(0.0, 0.0, 0.0, 0.0, 0.0)",True
602,,"(0, 0, 0, 0, 0)","(0.0, 0.0, 0.0, 0.0, 0.0)",True
603,,"(0, 0, 0, 0, 0)","(0.0, 0.0, 0.0, 0.0, 0.0)",True
604,,"(0, 0, 0, 0, 0)","(0.0, 0.0, 0.0, 0.0, 0.0)",True
605,,"(0, 0, 0, 0, 0)","(0.0, 0.0, 0.0, 0.0, 0.0)",True
606,,"(0, 0, 0, 0, 0)","(0.0, 0.0, 0.0, 0.0, 0.0)",True
607,,"(0, 0, 0, 0, 0)","(0.0, 0.0, 0.0, 0.0, 0.0)",True
608,,"(0, 0, 0, 0, 0)","(0.0, 0.0, 0.0, 0.0, 0.0)",True
609,,"(0, 0, 0, 0, 0)","(0.0, 0.0, 0.0, 0.0, 0.0)",True
610,,"(0, 0, 0, 0, 0)","(0.0, 0.0, 0.0, 0.0, 0.0)",True
611,,"(0, 0, 0, 0, 0)","(0.0, 0.0, 0.0, 0.0, 0.0)",True
612,,"(0, 0, 0, 0, 0)","(0.0, 0.0, 0.0, 0.0, 0.0)",True
613,,"(0, 0, 0, 0, 0)","(0.0, 0.0, 0.0, 0.0, 0.0)",True
614,,"(0, 0, 0, 0, 0)","(0.0, 0.0, 0.0, 0.0, 0.0)",True
615,,"(0, 0, 0, 0, 0)","(0.0, 0.0, 0.0, 0.0, 0.0)",True
616,,"(0, 0, 0, 0, 0)","(0.0, 0.0, 0.0, 0.0, 0.0)",True
617,,"(0, 0, 0, 0, 0)","(0.0, 0.0, 0.0, 0.0, 0.0)",True
618,,"(0, 0, 0, 0, 0)","(0.0, 0.0, 0.0, 0.0, 0.0)",True
619,,"(0, 0, 0, 0, 0)","(0.0, 0.0, 0.0, 0.0, 0.0)",True
620,,"(0, 0, 0, 0, 0)","(0.0, 0.0, 0.0, 0.0, 0.0)",True
621,,"(0, 0, 0, 0, 0)","(0.0, 0.0, 0.0, 0.0, 0.0)",True
622,,"(0, 0, 0, 0, 0)","(0.0, 0.0, 0.0, 0.0, 0.0)",True
623,,"(0, 0, 0, 0, 0)","(0.0, 0.0, 0.0, 0.0, 0.0)",True
624,,"(0, 0, 0, 0, 0)","(0.0, 0.0, 0.0, 0.0, 0.0)",True
625,,"(0, 0, 0, 0, 0)","(0.0, 0.0, 0.0, 0.0, 0.0)",True
626,,"(0, 0, 0, 0, 0)","(0.0, 0.0, 0.0, 0.0, 0.0)",True
627,,"(0, 0, 0, 0, 0)","(0.0, 0.0, 0.0, 0.0, 0.0)",True
628,,"(0, 0, 0, 0, 0)","(0.0, 0.0, 0.0, 0.0, 0.0)",True
629,,"(0, 0, 0, 0, 0)","(0.0, 0.0, 0.0, 0.0, 0.0)",True
630,,"(0, 0, 0, 0, 0)","(0.0, 0.0, 0.0, 0.0, 0.0)",True
631,,"(0, 0, 0, 0, 0)","(0.0, 0.0, 0.0, 0.0, 0.0)",True
632,,"(0, 0, 0, 0, 0)","(0.0, 0.0, 0.0, 0.0, 0.0)",True
633,,"(0, 0, 0, 0, 0)","(0.0, 0.0, 0.0, 0.0, 0.0)",True
634,,"(0, 0, 0, 0, 0)","(0.0, 0.0, 0.0, 0.0, 0.0)",True
635,,"(0, 0, 0, 0, 0)","(0.0, 0.0, 0.0, 0.0, 0.0)",True
636,,"(0, 0, 0, 0, 0)","(0.0, 0.0, 0.0, 0.0, 0.0)",True
637,,"(0, 0, 0, 0, 0)","(0.0, 0.0, 0.0, 0.0, 0.0)",True
638,,"(0, 0, 0, 0, 0)","(0.0, 0.0, 0.0, 0.0, 0.0)",True
639,,"(0, 0, 0, 0, 0)","(0.0, 0.0, 0.0, 0.0, 0.0)",True
640,,"(0, 0, 0, 0, 0)","(0.0, 0.0, 0.0, 0.0, 0.0)",True
641,,"(0, 0, 0, 0, 0)","(0.0, 0.0, 0.0, 0.0, 0.0)",True
642,,"(0, 0, 0, 0, 0)","(0.0, 0.0, 0.0, 0.0, 0.0)",True
643,,"(0, 0, 0, 0, 0)","(0.0, 0.0, 0.0, 0.0, 0.0)",True
644,,"(0, 0, 0, 0, 0)","(0.0, 0.0, 0.0, 0.0, 0.0)",True
645,,"(0, 0, 0, 0, 0)","(0.0, 0.0, 0.0, 0.0, 0.0)",True
646,,"(0, 0, 0, 0, 0)","(0.0, 0.0, 0.0, 0.0, 0.0)",True
647,,"(0, 0, 0, 0, 0)","(0.0, 0.0, 0.0, 0.0, 0.0)",True
648,,"(0, 0, 0, 0, 0)","(0.0, 0.0, 0.0, 0.0, 0.0)",True
649,,"(0, 0, 0, 0, 0)","(0.0, 0.0, 0.0, 0.0, 0.0)",True
650,,"(0, 0, 0, 0, 0)","(0.0, 0.0, 0.0, 0.0, 0.0)",True
651,,"(0, 0, 0, 0, 0)","(0.0, 0.0, 0.0, 0.0, 0.0)",True
652,,"(0, 0, 0, 0, 0)","(0.0, 0.0, 0.0, 0.0, 0.0)",True
653,,"(0, 0, 0, 0, 0)","(0.0, 0.0, 0.0, 0.0, 0.0)",True
654,,"(0, 0, 0, 0, 0)","(0.0, 0.0, 0.0, 0.0, 0.0)",True
655,,"(0, 0, 0, 0, 0)","(0.0, 0.0, 0.0, 0.0, 0.0)",True
656,,"(0, 0, 0, 0, 0)","(0.0, 0.0, 0.0, 0.0, 0.0)",True
657,,"(0, 0, 0, 0, 0)","(0.0, 0.0, 0.0, 0.0, 0.0)",True
658,,"(0, 0, 0, 0, 0)","(0.0, 0.0, 0.0, 0.0, 0.0)",True
659,,"(0, 0, 0, 0, 0)","(0.0, 0.0, 0.0, 0.0, 0.0)",True
660,,"(0, 0, 0, 0, 0)","(0.0, 0.0, 0.0, 0.0, 0.0)",True
661,,"(0, 0, 0, 0, 0)","(0.0, 0.0, 0.0, 0.0, 0.0)",True
662,,"(0, 0, 0, 0, 0)","(0.0, 0.0, 0.0, 0.0, 0.0)",True
663,,"(0, 0, 0, 0, 0)","(0.0, 0.0, 0.0, 0.0, 0.0)",True
664,,"(0, 0, 0, 0, 0)","(0.0, 0.0, 0.0, 0.0, 0.0)",True
665,,"(0, 0, 0, 0, 0)","(0.0, 0.0, 0.0, 0.0, 0.0)",True
666,,"(0, 0, 0, 0, 0)","(0.0, 0.0, 0.0, 0.0, 0.0)",True
667,,"(0, 0, 0, 0, 0)","(0.0, 0.0, 0.0, 0.0, 0.0)",True
668,,"(0, 0, 0, 0, 0)","(0.0, 0.0, 0.0, 0.0, 0.0)",True
669,,"(0, 0, 0, 0, 0)","(0.0, 0.0, 0.0, 0.0, 0.0)",True
670,,"(0, 0, 0, 0, 0)","(0.0, 0.0, 0.0, 0.0, 0.0)",True
671,,"(0, 0, 0, 0, 0)","(0.0, 0.0, 0.0, 0.0, 0.0)",True
672,,"(0, 0, 0, 0, 0)","(0.0, 0.0, 0.0, 0.0, 0.0)",True
673,,"(0, 0, 0, 0, 0)","(0.0, 0.0, 0.0, 0.0, 0.0)",True
674,,"(0, 0, 0, 0, 0)","(0.0, 0.0, 0.0, 0.0, 0.0)",True
675,,"(0, 0, 0, 0, 0)","(0.0, 0.0, 0.0, 0.0, 0.0)",True
676,,"(0, 0, 0, 0, 0)","(0.0, 0.0, 0.0, 0.0, 0.0)",True
677,,"(0, 0, 0, 0, 0)","(0.0, 0.0, 0.0, 0.0, 0.0)",True
678,,"(0, 0, 0, 0, 0)","(0.0, 0.0, 0.0, 0.0, 0.0)",True
679,,"(0, 0, 0, 0, 0)","(0.0, 0.0, 0.0, 0.0, 0.0)",True
680,,"(0, 0, 0, 0, 0)","(0.0, 0.0, 0.0, 0.0, 0.0)",True
681,,"(0, 0, 0, 0, 0)","(0.0, 0.0, 0.0, 0.0, 0.0)",True
682,,"(0, 0, 0, 0, 0)","(0.0, 0.0, 0.0, 0.0, 0.0)",True
683,,"(0, 0, 0, 0, 0)","(0.0, 0.0, 0.0, 0.0, 0.0)",True
684,,"(0, 0, 0, 0, 0)","(0.0, 0.0, 0.0, 0.0, 0.0)",True
685,,"(0, 0, 0, 0, 0)","(0.0, 0.0, 0.0, 0.0, 0.0)",True
686,,"(0, 0, 0, 0, 0)","(0.0, 0.0, 0.0, 0.0, 0.0)",True
687,,"(0, 0, 0, 0, 0)","(0.0, 0.0, 0.0, 0.0, 0.0)",True
688,,"(0, 0, 0, 0, 0)","(0.0, 0.0, 0.0, 0.0, 0.0)",True
689,,"(0, 0, 0, 0, 0)","(0.0, 0.0, 0.0, 0.0, 0.0)",True
690,,"(0, 0, 0, 0, 0)","(0.0, 0.0, 0.0, 0.0, 0.0)",True
691,,"(0, 0, 0, 0, 0)","(0.0, 0.0, 0.0, 0.0, 0.0)",True
692,,"(0, 0, 0, 0, 0)","(0.0, 0.0, 0.0, 0.0, 0.0)",True
693,,"(0, 0, 0, 0, 0)","(0.0, 0.0, 0.0, 0.0, 0.0)",True
694,,"(0, 0, 0, 0, 0)","(0.0, 0.0, 0.0, 0.0, 0.0)",True
695,,"(0, 0, 0, 0, 0)","(0.0, 0.0, 0.0, 0.0, 0.0)",True
696,,"(0, 0, 0, 0, 0)","(0.0, 0.0, 0.0, 0.0, 0.0)",True
697,,"(0, 0, 0, 0, 0)","(0.0, 0.0, 0.0, 0.0, 0.0)",True
698,,"(0, 0, 0, 0, 0)","(0.0, 0.0, 0.0, 0.0, 0.0)",True
699,,"(0, 0, 0, 0, 0)","(0.0, 0.0, 0.0, 0.0, 0.0)",True
700,,"(0, 0, 0, 0, 0)","(0.0, 0.0, 0.0, 0.0, 0.0)",True
701,,"(0, 0, 0, 0, 0)","(0.0, 0.0, 0.0, 0.0, 0.0)",True
702,,"(0, 0, 0, 0, 0)","(0.0, 0.0, 0.0, 0.0, 0.0)",True
703,,"(0, 0, 0, 0, 0)","(0.0, 0.0, 0.0, 0.0, 0.0)",True
704,,"(0, 0, 0, 0, 0)","(0.0, 0.0, 0.0, 0.0, 0.0)",True
705,,"(0, 0, 0, 0, 0)","(0.0, 0.0, 0.0, 0.0, 0.0)",True
706,,"(0, 0, 0, 0, 0)","(0.0, 0.0, 0.0, 0.0, 0.0)",True
707,,"(0, 0, 0, 0, 0)","(0.0, 0.0, 0.0, 0.0, 0.0)",True
708,,"(0, 0, 0, 0, 0)","(0.0, 0.0, 0.0, 0.0, 0.0)",True
709,,"(0, 0, 0, 0, 0)","(0.0, 0.0, 0.0, 0.0, 0.0)",True
710,,"(0, 0, 0, 0, 0)","(0.0, 0.0, 0.0, 0.0, 0.0)",True
711,,"(0, 0, 0, 0, 0)","(0.0, 0.0, 0.0, 0.0, 0.0)",True
712,,"(0, 0, 0, 0, 0)","(0.0, 0.0, 0.0, 0.0, 0.0)",True
713,,"(0, 0, 0, 0, 0)","(0.0, 0.0, 0.0, 0.0, 0.0)",True
714,,"(0, 0, 0, 0, 0)","(0.0, 0.0, 0.0, 0.0, 0.0)",True
715,,"(0, 0, 0, 0, 0)","(0.0, 0.0, 0.0, 0.0, 0.0)",True
716,,"(0, 0, 0, 0, 0)","(0.0, 0.0, 0.0, 0.0, 0.0)",True
717,,"(0, 0, 0, 0, 0)","(0.0, 0.0, 0.0, 0.0, 0.0)",True
718,,"(0, 0, 0, 0, 0)","(0.0, 0.0, 0.0, 0.0, 0.0)",True
719,,"(0, 0, 0, 0, 0)","(0.0, 0.0, 0.0, 0.0, 0.0)",True
720,,"(0, 0, 0, 0, 0)","(0.0, 0.0, 0.0, 0.0, 0.0)",True
721,,"(0, 0, 0, 0, 0)","(0.0, 0.0, 0.0, 0.0, 0.0)",True
722,,"(0, 0, 0, 0, 0)","(0.0, 0.0, 0.0, 0.0, 0.0)",True
723,,"(0, 0, 0, 0, 0)","(0.0, 0.0, 0.0, 0.0, 0.0)",True
724,,"(0, 0, 0, 0, 0)","(0.0, 0.0, 0.0, 0.0, 0.0)",True
725,,"(0, 0, 0, 0, 0)","(0.0, 0.0, 0.0, 0.0, 0.0)",True
726,,"(0, 0, 0, 0, 0)","(0.0, 0.0, 0.0, 0.0, 0.0)",True
727,,"(0, 0, 0, 0, 0)","(0.0, 0.0, 0.0, 0.0, 0.0)",True
728,,"(0, 0, 0, 0, 0)","(0.0, 0.0, 0.0, 0.0, 0.0)",True
729,,"(0, 0, 0, 0, 0)","(0.0, 0.0, 0.0, 0.0, 0.0)",True
730,,"(0, 0, 0, 0, 0)","(0.0, 0.0, 0.0, 0.0, 0.0)",True
731,,"(0, 0, 0, 0, 0)","(0.0, 0.0, 0.0, 0.0, 0.0)",True
732,,"(0, 0, 0, 0, 0)","(0.0, 0.0, 0.0, 0.0, 0.0)",True
733,,"(0, 0, 0, 0, 0)","(0.0, 0.0, 0.0, 0.0, 0.0)",True
734,,"(0, 0, 0, 0, 0)","(0.0, 0.0, 0.0, 0.0, 0.0)",True
735,,"(0, 0, 0, 0, 0)","(0.0, 0.0, 0.0, 0.0, 0.0)",True
736,,"(0, 0, 0, 0, 0)","(0.0, 0.0, 0.0, 0.0, 0.0)",True
737,,"(0, 0, 0, 0, 0)","(0.0, 0.0, 0.0, 0.0, 0.0)",True
738,,"(0, 0, 0, 0, 0)","(0.0, 0.0, 0.0, 0.0, 0.0)",True
739,,"(0, 0, 0, 0, 0)","(0.0, 0.0, 0.0, 0.0, 0.0)",True
740,,"(0, 0, 0, 0, 0)","(0.0, 0.0, 0.0, 0.0, 0.0)",True
741,,"(0, 0, 0, 0, 0)","(0.0, 0.0, 0.0, 0.0, 0.0)",True
742,,"(0, 0, 0, 0, 0)","(0.0, 0.0, 0.0, 0.0, 0.0)",True
743,,"(0, 0, 0, 0, 0)","(0.0, 0.0, 0.0, 0.0, 0.0)",True
744,,"(0, 0, 0, 0, 0)","(0.0, 0.0, 0.0, 0.0, 0.0)",True
745,,"(0, 0, 0, 0, 0)","(0.0, 0.0, 0.0, 0.0, 0.0)",True
746,,"(0, 0, 0, 0, 0)","(0.0, 0.0, 0.0, 0.0, 0.0)",True
747,,"(0, 0, 0, 0, 0)","(0.0, 0.0, 0.0, 0.0, 0.0)",True
748,,"(0, 0, 0, 0, 0)","(0.0, 0.0, 0.0, 0.0, 0.0)",True
749,,"(0, 0, 0, 0, 0)","(0.0, 0.0, 0.0, 0.0, 0.0)",True
750,,"(0, 0, 0, 0, 0)","(0.0, 0.0, 0.0, 0.0, 0.0)",True
751,,"(0, 0, 0, 0, 0)","(0.0, 0.0, 0.0, 0.0, 0.0)",True
752,,"(0, 0, 0, 0, 0)","(0.0, 0.0, 0.0, 0.0, 0.0)",True
753,,"(0, 0, 0, 0, 0)","(0.0, 0.0, 0.0, 0.0, 0.0)",True
754,,"(0, 0, 0, 0, 0)","(0.0, 0.0, 0.0, 0.0, 0.0)",True
755,,"(0, 0, 0, 0, 0)","(0.0, 0.0, 0.0, 0.0, 0.0)",True
756,,"(0, 0, 0, 0, 0)","(0.0, 0.0, 0.0, 0.0, 0.0)",True
757,,"(0, 0, 0, 0, 0)","(0.0, 0.0, 0.0, 0.0, 0.0)",True
758,,"(0, 0, 0, 0, 0)","(0.0, 0.0, 0.0, 0.0, 0.0)",True
759,,"(0, 0, 0, 0, 0)","(0.0, 0.0, 0.0, 0.0, 0.0)",True
760,,"(0, 0, 0, 0, 0)","(0.0, 0.0, 0.0, 0.0, 0.0)",True
761,,"(0, 0, 0, 0, 0)","(0.0, 0.0, 0.0, 0.0, 0.0)",True
762,,"(0, 0, 0, 0, 0)","(0.0, 0.0, 0.0, 0.0, 0.0)",True
763,,"(0, 0, 0, 0, 0)","(0.0, 0.0, 0.0, 0.0, 0.0)",True
764,,"(0, 0, 0, 0, 0)","(0.0, 0.0, 0.0, 0.0, 0.0)",True
765,,"(0, 0, 0, 0, 0)","(0.0, 0.0, 0.0, 0.0, 0.0)",True
766,,"(0, 0, 0, 0, 0)","(0.0, 0.0, 0.0, 0.0, 0.0)",True
767,,"(0, 0, 0, 0, 0)","(0.0, 0.0, 0.0, 0.0, 0.0)",True
768,,"(0, 0, 0, 0, 0)","(0.0, 0.0, 0.0, 0.0, 0.0)",True
769,,"(0, 0, 0, 0, 0)","(0.0, 0.0, 0.0, 0.0, 0.0)",True
770,,"(0, 0, 0, 0, 0)","(0.0, 0.0, 0.0, 0.0, 0.0)",True
771,,"(0, 0, 0, 0, 0)","(0.0, 0.0, 0.0, 0.0, 0.0)",True
772,,"(0, 0, 0, 0, 0)","(0.0, 0.0, 0.0, 0.0, 0.0)",True
773,,"(0, 0, 0, 0, 0)","(0.0, 0.0, 0.0, 0.0, 0.0)",True
774,,"(0, 0, 0, 0, 0)","(0.0, 0.0, 0.0, 0.0, 0.0)",True
775,,"(0, 0, 0, 0, 0)","(0.0, 0.0, 0.0, 0.0, 0.0)",True
776,,"(0, 0, 0, 0, 0)","(0.0, 0.0, 0.0, 0.0, 0.0)",True
777,,"(0, 0, 0, 0, 0)","(0.0, 0.0, 0.0, 0.0, 0.0)",True
778,,"(0, 0, 0, 0, 0)","(0.0, 0.0, 0.0, 0.0, 0.0)",True
779,,"(0, 0, 0, 0, 0)","(0.0, 0.0, 0.0, 0.0, 0.0)",True
780,,"(0, 0, 0, 0, 0)","(0.0, 0.0, 0.0, 0.0, 0.0)",True
781,,"(0, 0, 0, 0, 0)","(0.0, 0.0, 0.0, 0.0, 0.0)",True
782,,"(0, 0, 0, 0, 0)","(0.0, 0.0, 0.0, 0.0, 0.0)",True
783,,"(0, 0, 0, 0, 0)","(0.0, 0.0, 0.0, 0.0, 0.0)",True
784,,"(0, 0, 0, 0, 0)","(0.0, 0.0, 0.0, 0.0, 0.0)",True
785,,"(0, 0, 0, 0, 0)","(0.0, 0.0, 0.0, 0.0, 0.0)",True
786,,"(0, 0, 0, 0, 0)","(0.0, 0.0, 0.0, 0.0, 0.0)",True
787,,"(0, 0, 0, 0, 0)","(0.0, 0.0, 0.0, 0.0, 0.0)",True
788,,"(0, 0, 0, 0, 0)","(0.0, 0.0, 0.0, 0.0, 0.0)",True
789,,"(0, 0, 0, 0, 0)","(0.0, 0.0, 0.0, 0.0, 0.0)",True
790,,"(0, 0, 0, 0, 0)","(0.0, 0.0, 0.0, 0.0, 0.0)",True
791,,"(0, 0, 0, 0, 0)","(0.0, 0.0, 0.0, 0.0, 0.0)",True
792,,"(0, 0, 0, 0, 0)","(0.0, 0.0, 0.0, 0.0, 0.0)",True
793,,"(0, 0, 0, 0, 0)","(0.0, 0.0, 0.0, 0.0, 0.0)",True
794,,"(0, 0, 0, 0, 0)","(0.0, 0.0, 0.0, 0.0, 0.0)",True
795,,"(0, 0, 0, 0, 0)","(0.0, 0.0, 0.0, 0.0, 0.0)",True
796,,"(0, 0, 0, 0, 0)","(0.0, 0.0, 0.0, 0.0, 0.0)",True
797,,"(0, 0, 0, 0, 0)","(0.0, 0.0, 0.0, 0.0, 0.0)",True
798,,"(0, 0, 0, 0, 0)","(0.0, 0.0, 0.0, 0.0, 0.0)",True
799,,"(0, 0, 0, 0, 0)","(0.0, 0.0, 0.0, 0.0, 0.0)",True
800,,"(0, 0, 0, 0, 0)","(0.0, 0.0, 0.0, 0.0, 0.0)",True
801,,"(0, 0, 0, 0, 0)","(0.0, 0.0, 0.0, 0.0, 0.0)",True
802,,"(0, 0, 0, 0, 0)","(0.0, 0.0, 0.0, 0.0, 0.0)",True
803,,"(0, 0, 0, 0, 0)","(0.0, 0.0, 0.0, 0.0, 0.0)",True
804,,"(0, 0, 0, 0, 0)","(0.0, 0.0, 0.0, 0.0, 0.0)",True
805,,"(0, 0, 0, 0, 0)","(0.0, 0.0, 0.0, 0.0, 0.0)",True
806,,"(0, 0, 0, 0, 0)","(0.0, 0.0, 0.0, 0.0, 0.0)",True
807,,"(0, 0, 0, 0, 0)","(0.0, 0.0, 0.0, 0.0, 0.0)",True
808,,"(0, 0, 0, 0, 0)","(0.0, 0.0, 0.0, 0.0, 0.0)",True
809,,"(0, 0, 0, 0, 0)","(0.0, 0.0, 0.0, 0.0, 0.0)",True
810,,"(0, 0, 0, 0, 0)","(0.0, 0.0, 0.0, 0.0, 0.0)",True
811,,"(0, 0, 0, 0, 0)","(0.0, 0.0, 0.0, 0.0, 0.0)",True
812,,"(0, 0, 0, 0, 0)","(0.0, 0.0, 0.0, 0.0, 0.0)",True
813,,"(0, 0, 0, 0, 0)","(0.0, 0.0, 0.0, 0.0, 0.0)",True
814,,"(0, 0, 0, 0, 0)","(0.0, 0.0, 0.0, 0.0, 0.0)",True
815,,"(0, 0, 0, 0, 0)","(0.0, 0.0, 0.0, 0.0, 0.0)",True
816,,"(0, 0, 0, 0, 0)","(0.0, 0.0, 0.0, 0.0, 0.0)",True
817,,"(0, 0, 0, 0, 0)","(0.0, 0.0, 0.0, 0.0, 0.0)",True
818,,"(0, 0, 0, 0, 0)","(0.0, 0.0, 0.0, 0.0, 0.0)",True
819,,"(0, 0, 0, 0, 0)","(0.0, 0.0, 0.0, 0.0, 0.0)",True
820,,"(0, 0, 0, 0, 0)","(0.0, 0.0, 0.0, 0.0, 0.0)",True
821,,"(0, 0, 0, 0, 0)","(0.0, 0.0, 0.0, 0.0, 0.0)",True
822,,"(0, 0, 0, 0, 0)","(0.0, 0.0, 0.0, 0.0, 0.0)",True
823,,"(0, 0, 0, 0, 0)","(0.0, 0.0, 0.0, 0.0, 0.0)",True
824,,"(0, 0, 0, 0, 0)","(0.0, 0.0, 0.0, 0.0, 0.0)",True
825,,"(0, 0, 0, 0, 0)","(0.0, 0.0, 0.0, 0.0, 0.0)",True
826,,"(0, 0, 0, 0, 0)","(0.0, 0.0, 0.0, 0.0, 0.0)",True
827,,"(0, 0, 0, 0, 0)","(0.0, 0.0, 0.0, 0.0, 0.0)",True
828,,"(0, 0, 0, 0, 0)","(0.0, 0.0, 0.0, 0.0, 0.0)",True
829,,"(0, 0, 0, 0, 0)","(0.0, 0.0, 0.0, 0.0, 0.0)",True
830,,"(0, 0, 0, 0, 0)","(0.0, 0.0, 0.0, 0.0, 0.0)",True
831,,"(0, 0, 0, 0, 0)","(0.0, 0.0, 0.0, 0.0, 0.0)",True
832,,"(0, 0, 0, 0, 0)","(0.0, 0.0, 0.0, 0.0, 0.0)",True
833,,"(0, 0, 0, 0, 0)","(0.0, 0.0, 0.0, 0.0, 0.0)",True
834,,"(0, 0, 0, 0, 0)","(0.0, 0.0, 0.0, 0.0, 0.0)",True
835,,"(0, 0, 0, 0, 0)","(0.0, 0.0, 0.0, 0.0, 0.0)",True
836,,"(0, 0, 0, 0, 0)","(0.0, 0.0, 0.0, 0.0, 0.0)",True
837,,"(0, 0, 0, 0, 0)","(0.0, 0.0, 0.0, 0.0, 0.0)",True
838,,"(0, 0, 0, 0, 0)","(0.0, 0.0, 0.0, 0.0, 0.0)",True
839,,"(0, 0, 0, 0, 0)","(0.0, 0.0, 0.0, 0.0, 0.0)",True
840,,"(0, 0, 0, 0, 0)","(0.0, 0.0, 0.0, 0.0, 0.0)",True
841,,"(0, 0, 0, 0, 0)","(0.0, 0.0, 0.0, 0.0, 0.0)",True
842,,"(0, 0, 0, 0, 0)","(0.0, 0.0, 0.0, 0.0, 0.0)",True
843,,"(0, 0, 0, 0, 0)","(0.0, 0.0, 0.0, 0.0, 0.0)",True
844,,"(0, 0, 0, 0, 0)","(0.0, 0.0, 0.0, 0.0, 0.0)",True
845,,"(0, 0, 0, 0, 0)","(0.0, 0.0, 0.0, 0.0, 0.0)",True
846,,"(0, 0, 0, 0, 0)","(0.0, 0.0, 0.0, 0.0, 0.0)",True
847,,"(0, 0, 0, 0, 0)","(0.0, 0.0, 0.0, 0.0, 0.0)",True
848,,"(0, 0, 0, 0, 0)","(0.0, 0.0, 0.0, 0.0, 0.0)",True
849,,"(0, 0, 0, 0, 0)","(0.0, 0.0, 0.0, 0.0, 0.0)",True
850,,"(0, 0, 0, 0, 0)","(0.0, 0.0, 0.0, 0.0, 0.0)",True
851,,"(0, 0, 0, 0, 0)","(0.0, 0.0, 0.0, 0.0, 0.0)",True
852,,"(0, 0, 0, 0, 0)","(0.0, 0.0, 0.0, 0.0, 0.0)",True
853,,"(0, 0, 0, 0, 0)","(0.0, 0.0, 0.0, 0.0, 0.0)",True
854,,"(0, 0, 0, 0, 0)","(0.0, 0.0, 0.0, 0.0, 0.0)",True
855,,"(0, 0, 0, 0, 0)","(0.0, 0.0, 0.0, 0.0, 0.0)",True
856,,"(0, 0, 0, 0, 0)","(0.0, 0.0, 0.0, 0.0, 0.0)",True
857,,"(0, 0, 0, 0, 0)","(0.0, 0.0, 0.0, 0.0, 0.0)",True
858,,"(0, 0, 0, 0, 0)","(0.0, 0.0, 0.0, 0.0, 0.0)",True
859,,"(0, 0, 0, 0, 0)","(0.0, 0.0, 0.0, 0.0, 0.0)",True
860,,"(0, 0, 0, 0, 0)","(0.0, 0.0, 0.0, 0.0, 0.0)",True
861,,"(0, 0, 0, 0, 0)","(0.0, 0.0, 0.0, 0.0, 0.0)",True
862,,"(0, 0, 0, 0, 0)","(0.0, 0.0, 0.0, 0.0, 0.0)",True
863,,"(0, 0, 0, 0, 0)","(0.0, 0.0, 0.0, 0.0, 0.0)",True
864,,"(0, 0, 0, 0, 0)","(0.0, 0.0, 0.0, 0.0, 0.0)",True
865,,"(0, 0, 0, 0, 0)","(0.0, 0.0, 0.0, 0.0, 0.0)",True
866,,"(0, 0, 0, 0, 0)","(0.0, 0.0, 0.0, 0.0, 0.0)",True
867,,"(0, 0, 0, 0, 0)","(0.0, 0.0, 0.0, 0.0, 0.0)",True
868,,"(0, 0, 0, 0, 0)","(0.0, 0.0, 0.0, 0.0, 0.0)",True
869,,"(0, 0, 0, 0, 0)","(0.0, 0.0, 0.0, 0.0, 0.0)",True
870,,"(0, 0, 0, 0, 0)","(0.0, 0.0, 0.0, 0.0, 0.0)",True
871,,"(0, 0, 0, 0, 0)","(0.0, 0.0, 0.0, 0.0, 0.0)",True
872,,"(0, 0, 0, 0, 0)","(0.0, 0.0, 0.0, 0.0, 0.0)",True
873,,"(0, 0, 0, 0, 0)","(0.0, 0.0, 0.0, 0.0, 0.0)",True
874,,"(0, 0, 0, 0, 0)","(0.0, 0.0, 0.0, 0.0, 0.0)",True
875,,"(0, 0, 0, 0, 0)","(0.0, 0.0, 0.0, 0.0, 0.0)",True
876,,"(0, 0, 0, 0, 0)","(0.0, 0.0, 0.0, 0.0, 0.0)",True
877,,"(0, 0, 0, 0, 0)","(0.0, 0.0, 0.0, 0.0, 0.0)",True
878,,"(0, 0, 0, 0, 0)","(0.0, 0.0, 0.0, 0.0, 0.0)",True
879,,"(0, 0, 0, 0, 0)","(0.0, 0.0, 0.0, 0.0, 0.0)",True
880,,"(0, 0, 0, 0, 0)","(0.0, 0.0, 0.0, 0.0, 0.0)",True
881,,"(0, 0, 0, 0, 0)","(0.0, 0.0, 0.0, 0.0, 0.0)",True
882,,"(0, 0, 0, 0, 0)","(0.0, 0.0, 0.0, 0.0, 0.0)",True
883,,"(0, 0, 0, 0, 0)","(0.0, 0.0, 0.0, 0.0, 0.0)",True
884,,"(0, 0, 0, 0, 0)","(0.0, 0.0, 0.0, 0.0, 0.0)",True
885,,"(0, 0, 0, 0, 0)","(0.0, 0.0, 0.0, 0.0, 0.0)",True
886,,"(0, 0, 0, 0, 0)","(0.0, 0.0, 0.0, 0.0, 0.0)",True
887,,"(0, 0, 0, 0, 0)","(0.0, 0.0, 0.0, 0.0, 0.0)",True
888,,"(0, 0, 0, 0, 0)","(0.0, 0.0, 0.0, 0.0, 0.0)",True
889,,"(0, 0, 0, 0, 0)","(0.0, 0.0, 0.0, 0.0, 0.0)",True
890,,"(0, 0, 0, 0, 0)","(0.0, 0.0, 0.0, 0.0, 0.0)",True
891,,"(0, 0, 0, 0, 0)","(0.0, 0.0, 0.0, 0.0, 0.0)",True
892,,"(0, 0, 0, 0, 0)","(0.0, 0.0, 0.0, 0.0, 0.0)",True
893,,"(0, 0, 0, 0, 0)","(0.0, 0.0, 0.0, 0.0, 0.0)",True
894,,"(0, 0, 0, 0, 0)","(0.0, 0.0, 0.0, 0.0, 0.0)",True
895,,"(0, 0, 0, 0, 0)","(0.0, 0.0, 0.0, 0.0, 0.0)",True
896,,"(0, 0, 0, 0, 0)","(0.0, 0.0, 0.0, 0.0, 0.0)",True
897,,"(0, 0, 0, 0, 0)","(0.0, 0.0, 0.0, 0.0, 0.0)",True
898,,"(0, 0, 0, 0, 0)","(0.0, 0.0, 0.0, 0.0, 0.0)",True
899,,"(0, 0, 0, 0, 0)","(0.0, 0.0, 0.0, 0.0, 0.0)",True
900,,"(0, 0, 0, 0, 0)","(0.0, 0.0, 0.0, 0.0, 0.0)",True
901,,"(0, 0, 0, 0, 0)","(0.0, 0.0, 0.0, 0.0, 0.0)",True
902,,"(0, 0, 0, 0, 0)","(0.0, 0.0, 0.0, 0.0, 0.0)",True
903,,"(0, 0, 0, 0, 0)","(0.0, 0.0, 0.0, 0.0, 0.0)",True
904,,"(0, 0, 0, 0, 0)","(0.0, 0.0, 0.0, 0.0, 0.0)",True
905,,"(0, 0, 0, 0, 0)","(0.0, 0.0, 0.0, 0.0, 0.0)",True
906,,"(0, 0, 0, 0, 0)","(0.0, 0.0, 0.0, 0.0, 0.0)",True
907,,"(0, 0, 0, 0, 0)","(0.0, 0.0, 0.0, 0.0, 0.0)",True
908,,"(0, 0, 0, 0, 0)","(0.0, 0.0, 0.0, 0.0, 0.0)",True
909,,"(0, 0, 0, 0, 0)","(0.0, 0.0, 0.0, 0.0, 0.0)",True
910,,"(0, 0, 0, 0, 0)","(0.0, 0.0, 0.0, 0.0, 0.0)",True
911,,"(0, 0, 0, 0, 0)","(0.0, 0.0, 0.0, 0.0, 0.0)",True
912,,"(0, 0, 0, 0, 0)","(0.0, 0.0, 0.0, 0.0, 0.0)",True
913,,"(0, 0, 0, 0, 0)","(0.0, 0.0, 0.0, 0.0, 0.0)",True
914,,"(0, 0, 0, 0, 0)","(0.0, 0.0, 0.0, 0.0, 0.0)",True
915,,"(0, 0, 0, 0, 0)","(0.0, 0.0, 0.0, 0.0, 0.0)",True
916,,"(0, 0, 0, 0, 0)","(0.0, 0.0, 0.0, 0.0, 0.0)",True
917,,"(0, 0, 0, 0, 0)","(0.0, 0.0, 0.0, 0.0, 0.0)",True
918,,"(0, 0, 0, 0, 0)","(0.0, 0.0, 0.0, 0.0, 0.0)",True
919,,"(0, 0, 0, 0, 0)","(0.0, 0.0, 0.0, 0.0, 0.0)",True
920,,"(0, 0, 0, 0, 0)","(0.0, 0.0, 0.0, 0.0, 0.0)",True
921,,"(0, 0, 0, 0, 0)","(0.0, 0.0, 0.0, 0.0, 0.0)",True
922,,"(0, 0, 0, 0, 0)","(0.0, 0.0, 0.0, 0.0, 0.0)",True
923,,"(0, 0, 0, 0, 0)","(0.0, 0.0, 0.0, 0.0, 0.0)",True
924,,"(0, 0, 0, 0, 0)","(0.0, 0.0, 0.0, 0.0, 0.0)",True
925,,"(0, 0, 0, 0, 0)","(0.0, 0.0, 0.0, 0.0, 0.0)",True
926,,"(0, 0, 0, 0, 0)","(0.0, 0.0, 0.0, 0.0, 0.0)",True
927,,"(0, 0, 0, 0, 0)","(0.0, 0.0, 0.0, 0.0, 0.0)",True
928,,"(0, 0, 0, 0, 0)","(0.0, 0.0, 0.0, 0.0, 0.0)",True
929,,"(0, 0, 0, 0, 0)","(0.0, 0.0, 0.0, 0.0, 0.0)",True
930,,"(0, 0, 0, 0, 0)","(0.0, 0.0, 0.0, 0.0, 0.0)",True
931,,"(0, 0, 0, 0, 0)","(0.0, 0.0, 0.0, 0.0, 0.0)",True
932,,"(0, 0, 0, 0, 0)","(0.0, 0.0, 0.0, 0.0, 0.0)",True
933,,"(0, 0, 0, 0, 0)","(0.0, 0.0, 0.0, 0.0, 0.0)",True
934,,"(0, 0, 0, 0, 0)","(0.0, 0.0, 0.0, 0.0, 0.0)",True
935,,"(0, 0, 0, 0, 0)","(0.0, 0.0, 0.0, 0.0, 0.0)",True
936,,"(0, 0, 0, 0, 0)","(0.0, 0.0, 0.0, 0.0, 0.0)",True
937,,"(0, 0, 0, 0, 0)","(0.0, 0.0, 0.0, 0.0, 0.0)",True
938,,"(0, 0, 0, 0, 0)","(0.0, 0.0, 0.0, 0.0, 0.0)",True
939,,"(0, 0, 0, 0, 0)","(0.0, 0.0, 0.0, 0.0, 0.0)",True
940,,"(0, 0, 0, 0, 0)","(0.0, 0.0, 0.0, 0.0, 0.0)",True
941,,"(0, 0, 0, 0, 0)","(0.0, 0.0, 0.0, 0.0, 0.0)",True
942,,"(0, 0, 0, 0, 0)","(0.0, 0.0, 0.0, 0.0, 0.0)",True
943,,"(0, 0, 0, 0, 0)","(0.0, 0.0, 0.0, 0.0, 0.0)",True
944,,"(0, 0, 0, 0, 0)","(0.0, 0.0, 0.0, 0.0, 0.0)",True
945,,"(0, 0, 0, 0, 0)","(0.0, 0.0, 0.0, 0.0, 0.0)",True
946,,"(0, 0, 0, 0, 0)","(0.0, 0.0, 0.0, 0.0, 0.0)",True
947,,"(0, 0, 0, 0, 0)","(0.0, 0.0, 0.0, 0.0, 0.0)",True
948,,"(0, 0, 0, 0, 0)","(0.0, 0.0, 0.0, 0.0, 0.0)",True
949,,"(0, 0, 0, 0, 0)","(0.0, 0.0, 0.0, 0.0, 0.0)",True
950,,"(0, 0, 0, 0, 0)","(0.0, 0.0, 0.0, 0.0, 0.0)",True
951,,"(0, 0, 0, 0, 0)","(0.0, 0.0, 0.0, 0.0, 0.0)",True
952,,"(0, 0, 0, 0, 0)","(0.0, 0.0, 0.0, 0.0, 0.0)",True
953,,"(0, 0, 0, 0, 0)","(0.0, 0.0, 0.0, 0.0, 0.0)",True
954,,"(0, 0, 0, 0, 0)","(0.0, 0.0, 0.0, 0.0, 0.0)",True
955,,"(0, 0, 0, 0, 0)","(0.0, 0.0, 0.0, 0.0, 0.0)",True
956,,"(0, 0, 0, 0, 0)","(0.0, 0.0, 0.0, 0.0, 0.0)",True
957,,"(0, 0, 0, 0, 0)","(0.0, 0.0, 0.0, 0.0, 0.0)",True
958,,"(0, 0, 0, 0, 0)","(0.0, 0.0, 0.0, 0.0, 0.0)",True
959,,"(0, 0, 0, 0, 0)","(0.0, 0.0, 0.0, 0.0, 0.0)",True
960,,"(0, 0, 0, 0, 0)","(0.0, 0.0, 0.0, 0.0, 0.0)",True
961,,"(0, 0, 0, 0, 0)","(0.0, 0.0, 0.0, 0.0, 0.0)",True
962,,"(0, 0, 0, 0, 0)","(0.0, 0.0, 0.0, 0.0, 0.0)",True
963,,"(0, 0, 0, 0, 0)","(0.0, 0.0, 0.0, 0.0, 0.0)",True
964,,"(0, 0, 0, 0, 0)","(0.0, 0.0, 0.0, 0.0, 0.0)",True
965,,"(0, 0, 0, 0, 0)","(0.0, 0.0, 0.0, 0.0, 0.0)",True
966,,"(0, 0, 0, 0, 0)","(0.0, 0.0, 0.0, 0.0, 0.0)",True
967,,"(0, 0, 0, 0, 0)","(0.0, 0.0, 0.0, 0.0, 0.0)",True
968,,"(0, 0, 0, 0, 0)","(0.0, 0.0, 0.0, 0.0, 0.0)",True
969,,"(0, 0, 0, 0, 0)","(0.0, 0.0, 0.0, 0.0, 0.0)",True
970,,"(0, 0, 0, 0, 0)","(0.0, 0.0, 0.0, 0.0, 0.0)",True
971,,"(0, 0, 0, 0, 0)","(0.0, 0.0, 0.0, 0.0, 0.0)",True
972,,"(0, 0, 0, 0, 0)","(0.0, 0.0, 0.0, 0.0, 0.0)",True
973,,"(0, 0, 0, 0, 0)","(0.0, 0.0, 0.0, 0.0, 0.0)",True
974,,"(0, 0, 0, 0, 0)","(0.0, 0.0, 0.0, 0.0, 0.0)",True
975,,"(0, 0, 0, 0, 0)","(0.0, 0.0, 0.0, 0.0, 0.0)",True
976,,"(0, 0, 0, 0, 0)","(0.0, 0.0, 0.0, 0.0, 0.0)",True
977,,"(0, 0, 0, 0, 0)","(0.0, 0.0, 0.0, 0.0, 0.0)",True
978,,"(0, 0, 0, 0, 0)","(0.0, 0.0, 0.0, 0.0, 0.0)",True
979,,"(0, 0, 0, 0, 0)","(0.0, 0.0, 0.0, 0.0, 0.0)",True
980,,"(0, 0, 0, 0, 0)","(0.0, 0.0, 0.0, 0.0, 0.0)",True
981,,"(0, 0, 0, 0, 0)","(0.0, 0.0, 0.0, 0.0, 0.0)",True
982,,"(0, 0, 0, 0, 0)","(0.0, 0.0, 0.0, 0.0, 0.0)",True
983,,"(0, 0, 0, 0, 0)","(0.0, 0.0, 0.0, 0.0, 0.0)",True
984,,"(0, 0, 0, 0, 0)","(0.0, 0.0, 0.0, 0.0, 0.0)",True
985,,"(0, 0, 0, 0, 0)","(0.0, 0.0, 0.0, 0.0, 0.0)",True
986,,"(0, 0, 0, 0, 0)","(0.0, 0.0, 0.0, 0.0, 0.0)",True
987,,"(0, 0, 0, 0, 0)","(0.0, 0.0, 0.0, 0.0, 0.0)",True
988,,"(0, 0, 0, 0, 0)","(0.0, 0.0, 0.0, 0.0, 0.0)",True
989,,"(0, 0, 0, 0, 0)","(0.0, 0.0, 0.0, 0.0, 0.0)",True
990,,"(0, 0, 0, 0, 0)","(0.0, 0.0, 0.0, 0.0, 0.0)",True
991,,"(0, 0, 0, 0, 0)","(0.0, 0.0, 0.0, 0.0, 0.0)",True
992,,"(0, 0, 0, 0, 0)","(0.0, 0.0, 0.0, 0.0, 0.0)",True
993,,"(0, 0, 0, 0, 0)","(0.0, 0.0, 0.0, 0.0, 0.0)",True
994,,"(0, 0, 0, 0, 0)","(0.0, 0.0, 0.0, 0.0, 0.0)",True
995,,"(0, 0, 0, 0, 0)","(0.0, 0.0, 0.0, 0.0, 0.0)",True
996,,"(0, 0, 0, 0, 0)","(0.0, 0.0, 0.0, 0.0, 0.0)",True
997,,"(0, 0, 0, 0, 0)","(0.0, 0.0, 0.0, 0.0, 0.0)",True
998,,"(0, 0, 0, 0, 0)","(0.0, 0.0, 0.0, 0.0, 0.0)",True
999,,"(0, 0, 0, 0, 0)","(0.0, 0.0, 0.0, 0.0, 0.0)",True
1000,,"(0, 0, 0, 0, 0)","(0.0, 0.0, 0.0, 0.0, 0.0)",True
1001,,"(0, 0, 0, 0, 0)","(0.0, 0.0, 0.0, 0.0, 0.0)",True
1002,,"(0, 0, 0, 0, 0)","(0.0, 0.0, 0.0, 0.0, 0.0)",True
1003,,"(0, 0, 0, 0, 0)","(0.0, 0.0, 0.0, 0.0, 0.0)",True
1004,,"(0, 0, 0, 0, 0)","(0.0, 0.0, 0.0, 0.0, 0.0)",True
1005,,"(0, 0, 0, 0, 0)","(0.0, 0.0, 0.0, 0.0, 0.0)",True
1006,,"(0, 0, 0, 0, 0)","(0.0, 0.0, 0.0, 0.0, 0.0)",True
1007,,"(0, 0, 0, 0, 0)","(0.0, 0.0, 0.0, 0.0, 0.0)",True
1008,,"(0, 0, 0, 0, 0)","(0.0, 0.0, 0.0, 0.0, 0.0)",True
1009,,"(0, 0, 0, 0, 0)","(0.0, 0.0, 0.0, 0.0, 0.0)",True
1010,,"(0, 0, 0, 0, 0)","(0.0, 0.0, 0.0, 0.0, 0.0)",True
1011,,"(0, 0, 0, 0, 0)","(0.0, 0.0, 0.0, 0.0, 0.0)",True
1012,,"(0, 0, 0, 0, 0)","(0.0, 0.0, 0.0, 0.0, 0.0)",True
1013,,"(0, 0, 0, 0, 0)","(0.0, 0.0, 0.0, 0.0, 0.0)",True
1014,,"(0, 0, 0, 0, 0)","(0.0, 0.0, 0.0, 0.0, 0.0)",True
1015,,"(0, 0, 0, 0, 0)","(0.0, 0.0, 0.0, 0.0, 0.0)",True
1016,,"(0, 0, 0, 0, 0)","(0.0, 0.0, 0.0, 0.0, 0.0)",True
1017,,"(0, 0, 0, 0, 0)","(0.0, 0.0, 0.0, 0.0, 0.0)",True
1018,,"(0, 0, 0, 0, 0)","(0.0, 0.0, 0.0, 0.0, 0.0)",True
1019,,"(0, 0, 0, 0, 0)","(0.0, 0.0, 0.0, 0.0, 0.0)",True
1020,,"(0, 0, 0, 0, 0)","(0.0, 0.0, 0.0, 0.0, 0.0)",True
1021,,"(0, 0, 0, 0, 0)","(0.0, 0.0, 0.0, 0.0, 0.0)",True
1022,,"(0, 0, 0, 0, 0)","(0.0, 0.0, 0.0, 0.0, 0.0)",True
1023,,"(0, 0, 0, 0, 0)","(0.0, 0.0, 0.0, 0.0, 0.0)",True
1024,,"(0, 0, 0, 0, 0)","(0.0, 0.0, 0.0, 0.0, 0.0)",True
1025,,"(0, 0, 0, 0, 0)","(0.0, 0.0, 0.0, 0.0, 0.0)",True
1026,,"(0, 0, 0, 0, 0)","(0.0, 0.0, 0.0, 0.0, 0.0)",True
1027,,"(0, 0, 0, 0, 0)","(0.0, 0.0, 0.0, 0.0, 0.0)",True
1028,,"(0, 0, 0, 0, 0)","(0.0, 0.0, 0.0, 0.0, 0.0)",True
1029,,"(0, 0, 0, 0, 0)","(0.0, 0.0, 0.0, 0.0, 0.0)",True
1030,,"(0, 0, 0, 0, 0)","(0.0, 0.0, 0.0, 0.0, 0.0)",True
1031,,"(0, 0, 0, 0, 0)","(0.0, 0.0, 0.0, 0.0, 0.0)",True
1032,,"(0, 0, 0, 0, 0)","(0.0, 0.0, 0.0, 0.0, 0.0)",True
1033,,"(0, 0, 0, 0, 0)","(0.0, 0.0, 0.0, 0.0, 0.0)",True
1034,,"(0, 0, 0, 0, 0)","(0.0, 0.0, 0.0, 0.0, 0.0)",True
1035,,"(0, 0, 0, 0, 0)","(0.0, 0.0, 0.0, 0.0, 0.0)",True
1036,,"(0, 0, 0, 0, 0)","(0.0, 0.0, 0.0, 0.0, 0.0)",True
1037,,"(0, 0, 0, 0, 0)","(0.0, 0.0, 0.0, 0.0, 0.0)",True
1038,,"(0, 0, 0, 0, 0)","(0.0, 0.0, 0.0, 0.0, 0.0)",True
1039,,"(0, 0, 0, 0, 0)","(0.0, 0.0, 0.0, 0.0, 0.0)",True
1040,,"(0, 0, 0, 0, 0)","(0.0, 0.0, 0.0, 0.0, 0.0)",True
1041,,"(0, 0, 0, 0, 0)","(0.0, 0.0, 0.0, 0.0, 0.0)",True
1042,,"(0, 0, 0, 0, 0)","(0.0, 0.0, 0.0, 0.0, 0.0)",True
1043,,"(0, 0, 0, 0, 0)","(0.0, 0.0, 0.0, 0.0, 0.0)",True
1044,,"(0, 0, 0, 0, 0)","(0.0, 0.0, 0.0, 0.0, 0.0)",True
1045,,"(0, 0, 0, 0, 0)","(0.0, 0.0, 0.0, 0.0, 0.0)",True
1046,,"(0, 0, 0, 0, 0)","(0.0, 0.0, 0.0, 0.0, 0.0)",True
1047,,"(0, 0, 0, 0, 0)","(0.0, 0.0, 0.0, 0.0, 0.0)",True
1048,,"(0, 0, 0, 0, 0)","(0.0, 0.0, 0.0, 0.0, 0.0)",True
1049,,"(0, 0, 0, 0, 0)","(0.0, 0.0, 0.0, 0.0, 0.0)",True
1050,,"(0, 0, 0, 0, 0)","(0.0, 0.0, 0.0, 0.0, 0.0)",True
1051,,"(0, 0, 0, 0, 0)","(0.0, 0.0, 0.0, 0.0, 0.0)",True
1052,,"(0, 0, 0, 0, 0)","(0.0, 0.0, 0.0, 0.0, 0.0)",True
1053,,"(0, 0, 0, 0, 0)","(0.0, 0.0, 0.0, 0.0, 0.0)",True
1054,,"(0, 0, 0, 0, 0)","(0.0, 0.0, 0.0, 0.0, 0.0)",True
1055,,"(0, 0, 0, 0, 0)","(0.0, 0.0, 0.0, 0.0, 0.0)",True
1056,,"(0, 0, 0, 0, 0)","(0.0, 0.0, 0.0, 0.0, 0.0)",True
1057,,"(0, 0, 0, 0, 0)","(0.0, 0.0, 0.0, 0.0, 0.0)",True
1058,,"(0, 0, 0, 0, 0)","(0.0, 0.0, 0.0, 0.0, 0.0)",True
1059,,"(0, 0, 0, 0, 0)","(0.0, 0.0, 0.0, 0.0, 0.0)",True
1060,,"(0, 0, 0, 0, 0)","(0.0, 0.0, 0.0, 0.0, 0.0)",True
1061,,"(0, 0, 0, 0, 0)","(0.0, 0.0, 0.0, 0.0, 0.0)",True
1062,,"(0, 0, 0, 0, 0)","(0.0, 0.0, 0.0, 0.0, 0.0)",True
1063,,"(0, 0, 0, 0, 0)","(0.0, 0.0, 0.0, 0.0, 0.0)",True
1064,,"(0, 0, 0, 0, 0)","(0.0, 0.0, 0.0, 0.0, 0.0)",True
1065,,"(0, 0, 0, 0, 0)","(0.0, 0.0, 0.0, 0.0, 0.0)",True
1066,,"(0, 0, 0, 0, 0)","(0.0, 0.0, 0.0, 0.0, 0.0)",True
1067,,"(0, 0, 0, 0, 0)","(0.0, 0.0, 0.0, 0.0, 0.0)",True
1068,,"(0, 0, 0, 0, 0)","(0.0, 0.0, 0.0, 0.0, 0.0)",True
1069,,"(0, 0, 0, 0, 0)","(0.0, 0.0, 0.0, 0.0, 0.0)",True
1070,,"(0, 0, 0, 0, 0)","(0.0, 0.0, 0.0, 0.0, 0.0)",True
1071,,"(0, 0, 0, 0, 0)","(0.0, 0.0, 0.0, 0.0, 0.0)",True
1072,,"(0, 0, 0, 0, 0)","(0.0, 0.0, 0.0, 0.0, 0.0)",True
1073,,"(0, 0, 0, 0, 0)","(0.0, 0.0, 0.0, 0.0, 0.0)",True
1074,,"(0, 0, 0, 0, 0)","(0.0, 0.0, 0.0, 0.0, 0.0)",True
1075,,"(0, 0, 0, 0, 0)","(0.0, 0.0, 0.0, 0.0, 0.0)",True
1076,,"(0, 0, 0, 0, 0)","(0.0, 0.0, 0.0, 0.0, 0.0)",True
1077,,"(0, 0, 0, 0, 0)","(0.0, 0.0, 0.0, 0.0, 0.0)",True
1078,,"(0, 0, 0, 0, 0)","(0.0, 0.0, 0.0, 0.0, 0.0)",True
1079,,"(0, 0, 0, 0, 0)","(0.0, 0.0, 0.0, 0.0, 0.0)",True
1080,,"(0, 0, 0, 0, 0)","(0.0, 0.0, 0.0, 0.0, 0.0)",True
1081,,"(0, 0, 0, 0, 0)","(0.0, 0.0, 0.0, 0.0, 0.0)",True
1082,,"(0, 0, 0, 0, 0)","(0.0, 0.0, 0.0, 0.0, 0.0)",True
1083,,"(0, 0, 0, 0, 0)","(0.0, 0.0, 0.0, 0.0, 0.0)",True
1084,,"(0, 0, 0, 0, 0)","(0.0, 0.0, 0.0, 0.0, 0.0)",True
1085,,"(0, 0, 0, 0, 0)","(0.0, 0.0, 0.0, 0.0, 0.0)",True
1086,,"(0, 0, 0, 0, 0)","(0.0, 0.0, 0.0, 0.0, 0.0)",True
1087,,"(0, 0, 0, 0, 0)","(0.0, 0.0, 0.0, 0.0, 0.0)",True
1088,,"(0, 0, 0, 0, 0)","(0.0, 0.0, 0.0, 0.0, 0.0)",True
1089,,"(0, 0, 0, 0, 0)","(0.0, 0.0, 0.0, 0.0, 0.0)",True
1090,,"(0, 0, 0, 0, 0)","(0.0, 0.0, 0.0, 0.0, 0.0)",True
1091,,"(0, 0, 0, 0, 0)","(0.0, 0.0, 0.0, 0.0, 0.0)",True
1092,,"(0, 0, 0, 0, 0)","(0.0, 0.0, 0.0, 0.0, 0.0)",True
1093,,"(0, 0, 0, 0, 0)","(0.0, 0.0, 0.0, 0.0, 0.0)",True
1094,,"(0, 0, 0, 0, 0)","(0.0, 0.0, 0.0, 0.0, 0.0)",True
1095,,"(0, 0, 0, 0, 0)","(0.0, 0.0, 0.0, 0.0, 0.0)",True
1096,,"(0, 0, 0, 0, 0)","(0.0, 0.0, 0.0, 0.0, 0.0)",True
1097,,"(0, 0, 0, 0, 0)","(0.0, 0.0, 0.0, 0.0, 0.0)",True
1098,,"(0, 0, 0, 0, 0)","(0.0, 0.0, 0.0, 0.0, 0.0)",True
1099,,"(0, 0, 0, 0, 0)","(0.0, 0.0, 0.0, 0.0, 0.0)",True
1100,,"(0, 0, 0, 0, 0)","(0.0, 0.0, 0.0, 0.0, 0.0)",True
1101,,"(0, 0, 0, 0, 0)","(0.0, 0.0, 0.0, 0.0, 0.0)",True
1102,,"(0, 0, 0, 0, 0)","(0.0, 0.0, 0.0, 0.0, 0.0)",True
1103,,"(0, 0, 0, 0, 0)","(0.0, 0.0, 0.0, 0.0, 0.0)",True
1104,,"(0, 0, 0, 0, 0)","(0.0, 0.0, 0.0, 0.0, 0.0)",True
1105,,"(0, 0, 0, 0, 0)","(0.0, 0.0, 0.0, 0.0, 0.0)",True
1106,,"(0, 0, 0, 0, 0)","(0.0, 0.0, 0.0, 0.0, 0.0)",True
1107,,"(0, 0, 0, 0, 0)","(0.0, 0.0, 0.0, 0.0, 0.0)",True
1108,,"(0, 0, 0, 0, 0)","(0.0, 0.0, 0.0, 0.0, 0.0)",True
1109,,"(0, 0, 0, 0, 0)","(0.0, 0.0, 0.0, 0.0, 0.0)",True
1110,,"(0, 0, 0, 0, 0)","(0.0, 0.0, 0.0, 0.0, 0.0)",True
1111,,"(0, 0, 0, 0, 0)","(0.0, 0.0, 0.0, 0.0, 0.0)",True
1112,,"(0, 0, 0, 0, 0)","(0.0, 0.0, 0.0, 0.0, 0.0)",True
1113,,"(0, 0, 0, 0, 0)","(0.0, 0.0, 0.0, 0.0, 0.0)",True
1114,,"(0, 0, 0, 0, 0)","(0.0, 0.0, 0.0, 0.0, 0.0)",True
1115,,"(0, 0, 0, 0, 0)","(0.0, 0.0, 0.0, 0.0, 0.0)",True
1116,,"(0, 0, 0, 0, 0)","(0.0, 0.0, 0.0, 0.0, 0.0)",True
1117,,"(0, 0, 0, 0, 0)","(0.0, 0.0, 0.0, 0.0, 0.0)",True
1118,,"(0, 0, 0, 0, 0)","(0.0, 0.0, 0.0, 0.0, 0.0)",True
1119,,"(0, 0, 0, 0, 0)","(0.0, 0.0, 0.0, 0.0, 0.0)",True
1120,,"(0, 0, 0, 0, 0)","(0.0, 0.0, 0.0, 0.0, 0.0)",True
1121,,"(0, 0, 0, 0, 0)","(0.0, 0.0, 0.0, 0.0, 0.0)",True
1122,,"(0, 0, 0, 0, 0)","(0.0, 0.0, 0.0, 0.0, 0.0)",True
1123,,"(0, 0, 0, 0, 0)","(0.0, 0.0, 0.0, 0.0, 0.0)",True
1124,,"(0, 0, 0, 0, 0)","(0.0, 0.0, 0.0, 0.0, 0.0)",True
1125,,"(0, 0, 0, 0, 0)","(0.0, 0.0, 0.0, 0.0, 0.0)",True
1126,,"(0, 0, 0, 0, 0)","(0.0, 0.0, 0.0, 0.0, 0.0)",True
1127,,"(0, 0, 0, 0, 0)","(0.0, 0.0, 0.0, 0.0, 0.0)",True
1128,,"(0, 0, 0, 0, 0)","(0.0, 0.0, 0.0, 0.0, 0.0)",True
1129,,"(0, 0, 0, 0, 0)","(0.0, 0.0, 0.0, 0.0, 0.0)",True
1130,,"(0, 0, 0, 0, 0)","(0.0, 0.0, 0.0, 0.0, 0.0)",True
1131,,"(0, 0, 0, 0, 0)","(0.0, 0.0, 0.0, 0.0, 0.0)",True
1132,,"(0, 0, 0, 0, 0)","(0.0, 0.0, 0.0, 0.0, 0.0)",True
1133,,"(0, 0, 0, 0, 0)","(0.0, 0.0, 0.0, 0.0, 0.0)",True
1134,,"(0, 0, 0, 0, 0)","(0.0, 0.0, 0.0, 0.0, 0.0)",True
1135,,"(0, 0, 0, 0, 0)","(0.0, 0.0, 0.0, 0.0, 0.0)",True
1136,,"(0, 0, 0, 0, 0)","(0.0, 0.0, 0.0, 0.0, 0.0)",True
1137,,"(0, 0, 0, 0, 0)","(0.0, 0.0, 0.0, 0.0, 0.0)",True
1138,,"(0, 0, 0, 0, 0)","(0.0, 0.0, 0.0, 0.0, 0.0)",True
1139,,"(0, 0, 0, 0, 0)","(0.0, 0.0, 0.0, 0.0, 0.0)",True
1140,,"(0, 0, 0, 0, 0)","(0.0, 0.0, 0.0, 0.0, 0.0)",True
1141,,"(0, 0, 0, 0, 0)","(0.0, 0.0, 0.0, 0.0, 0.0)",True
1142,,"(0, 0, 0, 0, 0)","(0.0, 0.0, 0.0, 0.0, 0.0)",True
1143,,"(0, 0, 0, 0, 0)","(0.0, 0.0, 0.0, 0.0, 0.0)",True
1144,,"(0, 0, 0, 0, 0)","(0.0, 0.0, 0.0, 0.0, 0.0)",True
1145,,"(0, 0, 0, 0, 0)","(0.0, 0.0, 0.0, 0.0, 0.0)",True
1146,,"(0, 0, 0, 0, 0)","(0.0, 0.0, 0.0, 0.0, 0.0)",True
1147,,"(0, 0, 0, 0, 0)","(0.0, 0.0, 0.0, 0.0, 0.0)",True
1148,,"(0, 0, 0, 0, 0)","(0.0, 0.0, 0.0, 0.0, 0.0)",True
1149,,"(0, 0, 0, 0, 0)","(0.0, 0.0, 0.0, 0.0, 0.0)",True
1150,,"(0, 0, 0, 0, 0)","(0.0, 0.0, 0.0, 0.0, 0.0)",True
1151,,"(0, 0, 0, 0, 0)","(0.0, 0.0, 0.0, 0.0, 0.0)",True
1152,,"(0, 0, 0, 0, 0)","(0.0, 0.0, 0.0, 0.0, 0.0)",True
1153,,"(0, 0, 0, 0, 0)","(0.0, 0.0, 0.0, 0.0, 0.0)",True
1154,,"(0, 0, 0, 0, 0)","(0.0, 0.0, 0.0, 0.0, 0.0)",True
1155,,"(0, 0, 0, 0, 0)","(0.0, 0.0, 0.0, 0.0, 0.0)",True
1156,,"(0, 0, 0, 0, 0)","(0.0, 0.0, 0.0, 0.0, 0.0)",True
1157,,"(0, 0, 0, 0, 0)","(0.0, 0.0, 0.0, 0.0, 0.0)",True
1158,,"(0, 0, 0, 0, 0)","(0.0, 0.0, 0.0, 0.0, 0.0)",True
1159,,"(0, 0, 0, 0, 0)","(0.0, 0.0, 0.0, 0.0, 0.0)",True
1160,,"(0, 0, 0, 0, 0)","(0.0, 0.0, 0.0, 0.0, 0.0)",True
1161,,"(0, 0, 0, 0, 0)","(0.0, 0.0, 0.0, 0.0, 0.0)",True
1162,,"(0, 0, 0, 0, 0)","(0.0, 0.0, 0.0, 0.0, 0.0)",True
1163,,"(0, 0, 0, 0, 0)","(0.0, 0.0, 0.0, 0.0, 0.0)",True
1164,,"(0, 0, 0, 0, 0)","(0.0, 0.0, 0.0, 0.0, 0.0)",True
1165,,"(0, 0, 0, 0, 0)","(0.0, 0.0, 0.0, 0.0, 0.0)",True
1166,,"(0, 0, 0, 0, 0)","(0.0, 0.0, 0.0, 0.0, 0.0)",True
1167,,"(0, 0, 0, 0, 0)","(0.0, 0.0, 0.0, 0.0, 0.0)",True
1168,,"(0, 0, 0, 0, 0)","(0.0, 0.0, 0.0, 0.0, 0.0)",True
1169,,"(0, 0, 0, 0, 0)","(0.0, 0.0, 0.0, 0.0, 0.0)",True
1170,,"(0, 0, 0, 0, 0)","(0.0, 0.0, 0.0, 0.0, 0.0)",True
1171,,"(0, 0, 0, 0, 0)","(0.0, 0.0, 0.0, 0.0, 0.0)",True
1172,,"(0, 0, 0, 0, 0)","(0.0, 0.0, 0.0, 0.0, 0.0)",True
1173,,"(0, 0, 0, 0, 0)","(0.0, 0.0, 0.0, 0.0, 0.0)",True
1174,,"(0, 0, 0, 0, 0)","(0.0, 0.0, 0.0, 0.0, 0.0)",True
1175,,"(0, 0, 0, 0, 0)","(0.0, 0.0, 0.0, 0.0, 0.0)",True
1176,,"(0, 0, 0, 0, 0)","(0.0, 0.0, 0.0, 0.0, 0.0)",True
1177,,"(0, 0, 0, 0, 0)","(0.0, 0.0, 0.0, 0.0, 0.0)",True
1178,,"(0, 0, 0, 0, 0)","(0.0, 0.0, 0.0, 0.0, 0.0)",True
1179,,"(0, 0, 0, 0, 0)","(0.0, 0.0, 0.0, 0.0, 0.0)",True
1180,,"(0, 0, 0, 0, 0)","(0.0, 0.0, 0.0, 0.0, 0.0)",True
1181,,"(0, 0, 0, 0, 0)","(0.0, 0.0, 0.0, 0.0, 0.0)",True
1182,,"(0, 0, 0, 0, 0)","(0.0, 0.0, 0.0, 0.0, 0.0)",True
1183,,"(0, 0, 0, 0, 0)","(0.0, 0.0, 0.0, 0.0, 0.0)",True
1184,,"(0, 0, 0, 0, 0)","(0.0, 0.0, 0.0, 0.0, 0.0)",True
1185,,"(0, 0, 0, 0, 0)","(0.0, 0.0, 0.0, 0.0, 0.0)",True
1186,,"(0, 0, 0, 0, 0)","(0.0, 0.0, 0.0, 0.0, 0.0)",True
1187,,"(0, 0, 0, 0, 0)","(0.0, 0.0, 0.0, 0.0, 0.0)",True
1188,,"(0, 0, 0, 0, 0)","(0.0, 0.0, 0.0, 0.0, 0.0)",True
1189,,"(0, 0, 0, 0, 0)","(0.0, 0.0, 0.0, 0.0, 0.0)",True
1190,,"(0, 0, 0, 0, 0)","(0.0, 0.0, 0.0, 0.0, 0.0)",True
1191,,"(0, 0, 0, 0, 0)","(0.0, 0.0, 0.0, 0.0, 0.0)",True
1192,,"(0, 0, 0, 0, 0)","(0.0, 0.0, 0.0, 0.0, 0.0)",True
1193,,"(0, 0, 0, 0, 0)","(0.0, 0.0, 0.0, 0.0, 0.0)",True
1194,,"(0, 0, 0, 0, 0)","(0.0, 0.0, 0.0, 0.0, 0.0)",True
1195,,"(0, 0, 0, 0, 0)","(0.0, 0.0, 0.0, 0.0, 0.0)",True
1196,,"(0, 0, 0, 0, 0)","(0.0, 0.0, 0.0, 0.0, 0.0)",True
1197,,"(0, 0, 0, 0, 0)","(0.0, 0.0, 0.0, 0.0, 0.0)",True
1198,,"(0, 0, 0, 0, 0)","(0.0, 0.0, 0.0, 0.0, 0.0)",True
1199,,"(0, 0, 0, 0, 0)","(0.0, 0.0, 0.0, 0.0, 0.0)",True
1200,,"(0, 0, 0, 0, 0)","(0.0, 0.0, 0.0, 0.0, 0.0)",True
1201,,"(0, 0, 0, 0, 0)","(0.0, 0.0, 0.0, 0.0, 0.0)",True
1202,,"(0, 0, 0, 0, 0)","(0.0, 0.0, 0.0, 0.0, 0.0)",True
1203,,"(0, 0, 0, 0, 0)","(0.0, 0.0, 0.0, 0.0, 0.0)",True
1204,,"(0, 0, 0, 0, 0)","(0.0, 0.0, 0.0, 0.0, 0.0)",True
1205,,"(0, 0, 0, 0, 0)","(0.0, 0.0, 0.0, 0.0, 0.0)",True
1206,,"(0, 0, 0, 0, 0)","(0.0, 0.0, 0.0, 0.0, 0.0)",True
1207,,"(0, 0, 0, 0, 0)","(0.0, 0.0, 0.0, 0.0, 0.0)",True
1208,,"(0, 0, 0, 0, 0)","(0.0, 0.0, 0.0, 0.0, 0.0)",True
1209,,"(0, 0, 0, 0, 0)","(0.0, 0.0, 0.0, 0.0, 0.0)",True
1210,,"(0, 0, 0, 0, 0)","(0.0, 0.0, 0.0, 0.0, 0.0)",True
1211,,"(0, 0, 0, 0, 0)","(0.0, 0.0, 0.0, 0.0, 0.0)",True
1212,,"(0, 0, 0, 0, 0)","(0.0, 0.0, 0.0, 0.0, 0.0)",True
1213,,"(0, 0, 0, 0, 0)","(0.0, 0.0, 0.0, 0.0, 0.0)",True
1214,,"(0, 0, 0, 0, 0)","(0.0, 0.0, 0.0, 0.0, 0.0)",True
1215,,"(0, 0, 0, 0, 0)","(0.0, 0.0, 0.0, 0.0, 0.0)",True
1216,,"(0, 0, 0, 0, 0)","(0.0, 0.0, 0.0, 0.0, 0.0)",True
1217,,"(0, 0, 0, 0, 0)","(0.0, 0.0, 0.0, 0.0, 0.0)",True
1218,,"(0, 0, 0, 0, 0)","(0.0, 0.0, 0.0, 0.0, 0.0)",True
1219,,"(0, 0, 0, 0, 0)","(0.0, 0.0, 0.0, 0.0, 0.0)",True
1220,,"(0, 0, 0, 0, 0)","(0.0, 0.0, 0.0, 0.0, 0.0)",True
1221,,"(0, 0, 0, 0, 0)","(0.0, 0.0, 0.0, 0.0, 0.0)",True
1222,,"(0, 0, 0, 0, 0)","(0.0, 0.0, 0.0, 0.0, 0.0)",True
1223,,"(0, 0, 0, 0, 0)","(0.0, 0.0, 0.0, 0.0, 0.0)",True
1224,,"(0, 0, 0, 0, 0)","(0.0, 0.0, 0.0, 0.0, 0.0)",True
1225,,"(0, 0, 0, 0, 0)","(0.0, 0.0, 0.0, 0.0, 0.0)",True
1226,,"(0, 0, 0, 0, 0)","(0.0, 0.0, 0.0, 0.0, 0.0)",True
1227,,"(0, 0, 0, 0, 0)","(0.0, 0.0, 0.0, 0.0, 0.0)",True
1228,,"(0, 0, 0, 0, 0)","(0.0, 0.0, 0.0, 0.0, 0.0)",True
1229,,"(0, 0, 0, 0, 0)","(0.0, 0.0, 0.0, 0.0, 0.0)",True
1230,,"(0, 0, 0, 0, 0)","(0.0, 0.0, 0.0, 0.0, 0.0)",True
1231,,"(0, 0, 0, 0, 0)","(0.0, 0.0, 0.0, 0.0, 0.0)",True
1232,,"(0, 0, 0, 0, 0)","(0.0, 0.0, 0.0, 0.0, 0.0)",True
1233,,"(0, 0, 0, 0, 0)","(0.0, 0.0, 0.0, 0.0, 0.0)",True
1234,,"(0, 0, 0, 0, 0)","(0.0, 0.0, 0.0, 0.0, 0.0)",True
1235,,"(0, 0, 0, 0, 0)","(0.0, 0.0, 0.0, 0.0, 0.0)",True
1236,,"(0, 0, 0, 0, 0)","(0.0, 0.0, 0.0, 0.0, 0.0)",True
1237,,"(0, 0, 0, 0, 0)","(0.0, 0.0, 0.0, 0.0, 0.0)",True
1238,,"(0, 0, 0, 0, 0)","(0.0, 0.0, 0.0, 0.0, 0.0)",True
1239,,"(0, 0, 0, 0, 0)","(0.0, 0.0, 0.0, 0.0, 0.0)",True
1240,,"(0, 0, 0, 0, 0)","(0.0, 0.0, 0.0, 0.0, 0.0)",True
1241,,"(0, 0, 0, 0, 0)","(0.0, 0.0, 0.0, 0.0, 0.0)",True
1242,,"(0, 0, 0, 0, 0)","(0.0, 0.0, 0.0, 0.0, 0.0)",True
1243,,"(0, 0, 0, 0, 0)","(0.0, 0.0, 0.0, 0.0, 0.0)",True
1244,,"(0, 0, 0, 0, 0)","(0.0, 0.0, 0.0, 0.0, 0.0)",True
1245,,"(0, 0, 0, 0, 0)","(0.0, 0.0, 0.0, 0.0, 0.0)",True
1246,,"(0, 0, 0, 0, 0)","(0.0, 0.0, 0.0, 0.0, 0.0)",True
1247,,"(0, 0, 0, 0, 0)","(0.0, 0.0, 0.0, 0.0, 0.0)",True
1248,,"(0, 0, 0, 0, 0)","(0.0, 0.0, 0.0, 0.0, 0.0)",True
1249,,"(0, 0, 0, 0, 0)","(0.0, 0.0, 0.0, 0.0, 0.0)",True
1250,,"(0, 0, 0, 0, 0)","(0.0, 0.0, 0.0, 0.0, 0.0)",True
1251,,"(0, 0, 0, 0, 0)","(0.0, 0.0, 0.0, 0.0, 0.0)",True
1252,,"(0, 0, 0, 0, 0)","(0.0, 0.0, 0.0, 0.0, 0.0)",True
1253,,"(0, 0, 0, 0, 0)","(0.0, 0.0, 0.0, 0.0, 0.0)",True
1254,,"(0, 0, 0, 0, 0)","(0.0, 0.0, 0.0, 0.0, 0.0)",True
1255,,"(0, 0, 0, 0, 0)","(0.0, 0.0, 0.0, 0.0, 0.0)",True
1256,,"(0, 0, 0, 0, 0)","(0.0, 0.0, 0.0, 0.0, 0.0)",True
1257,,"(0, 0, 0, 0, 0)","(0.0, 0.0, 0.0, 0.0, 0.0)",True
1258,,"(0, 0, 0, 0, 0)","(0.0, 0.0, 0.0, 0.0, 0.0)",True
1259,,"(0, 0, 0, 0, 0)","(0.0, 0.0, 0.0, 0.0, 0.0)",True
1260,,"(0, 0, 0, 0, 0)","(0.0, 0.0, 0.0, 0.0, 0.0)",True
1261,,"(0, 0, 0, 0, 0)","(0.0, 0.0, 0.0, 0.0, 0.0)",True
1262,,"(0, 0, 0, 0, 0)","(0.0, 0.0, 0.0, 0.0, 0.0)",True
1263,,"(0, 0, 0, 0, 0)","(0.0, 0.0, 0.0, 0.0, 0.0)",True
1264,,"(0, 0, 0, 0, 0)","(0.0, 0.0, 0.0, 0.0, 0.0)",True
1265,,"(0, 0, 0, 0, 0)","(0.0, 0.0, 0.0, 0.0, 0.0)",True
1266,,"(0, 0, 0, 0, 0)","(0.0, 0.0, 0.0, 0.0, 0.0)",True
1267,,"(0, 0, 0, 0, 0)","(0.0, 0.0, 0.0, 0.0, 0.0)",True
1268,,"(0, 0, 0, 0, 0)","(0.0, 0.0, 0.0, 0.0, 0.0)",True
1269,,"(0, 0, 0, 0, 0)","(0.0, 0.0, 0.0, 0.0, 0.0)",True
1270,,"(0, 0, 0, 0, 0)","(0.0, 0.0, 0.0, 0.0, 0.0)",True
1271,,"(0, 0, 0, 0, 0)","(0.0, 0.0, 0.0, 0.0, 0.0)",True
1272,,"(0, 0, 0, 0, 0)","(0.0, 0.0, 0.0, 0.0, 0.0)",True
1273,,"(0, 0, 0, 0, 0)","(0.0, 0.0, 0.0, 0.0, 0.0)",True
1274,,"(0, 0, 0, 0, 0)","(0.0, 0.0, 0.0, 0.0, 0.0)",True
1275,,"(0, 0, 0, 0, 0)","(0.0, 0.0, 0.0, 0.0, 0.0)",True
1276,,"(0, 0, 0, 0, 0)","(0.0, 0.0, 0.0, 0.0, 0.0)",True
1277,,"(0, 0, 0, 0, 0)","(0.0, 0.0, 0.0, 0.0, 0.0)",True
1278,,"(0, 0, 0, 0, 0)","(0.0, 0.0, 0.0, 0.0, 0.0)",True
1279,,"(0, 0, 0, 0, 0)","(0.0, 0.0, 0.0, 0.0, 0.0)",True
1280,,"(0, 0, 0, 0, 0)","(0.0, 0.0, 0.0, 0.0, 0.0)",True
1281,,"(0, 0, 0, 0, 0)","(0.0, 0.0, 0.0, 0.0, 0.0)",True
1282,,"(0, 0, 0, 0, 0)","(0.0, 0.0, 0.0, 0.0, 0.0)",True
1283,,"(0, 0, 0, 0, 0)","(0.0, 0.0, 0.0, 0.0, 0.0)",True
1284,,"(0, 0, 0, 0, 0)","(0.0, 0.0, 0.0, 0.0, 0.0)",True
1285,,"(0, 0, 0, 0, 0)","(0.0, 0.0, 0.0, 0.0, 0.0)",True
1286,,"(0, 0, 0, 0, 0)","(0.0, 0.0, 0.0, 0.0, 0.0)",True
1287,,"(0, 0, 0, 0, 0)","(0.0, 0.0, 0.0, 0.0, 0.0)",True
1288,,"(0, 0, 0, 0, 0)","(0.0, 0.0, 0.0, 0.0, 0.0)",True
1289,,"(0, 0, 0, 0, 0)","(0.0, 0.0, 0.0, 0.0, 0.0)",True
1290,,"(0, 0, 0, 0, 0)","(0.0, 0.0, 0.0, 0.0, 0.0)",True
1291,,"(0, 0, 0, 0, 0)","(0.0, 0.0, 0.0, 0.0, 0.0)",True
1292,,"(0, 0, 0, 0, 0)","(0.0, 0.0, 0.0, 0.0, 0.0)",True
1293,,"(0, 0, 0, 0, 0)","(0.0, 0.0, 0.0, 0.0, 0.0)",True
1294,,"(0, 0, 0, 0, 0)","(0.0, 0.0, 0.0, 0.0, 0.0)",True
1295,,"(0, 0, 0, 0, 0)","(0.0, 0.0, 0.0, 0.0, 0.0)",True
1296,,"(0, 0, 0, 0, 0)","(0.0, 0.0, 0.0, 0.0, 0.0)",True
1297,,"(0, 0, 0, 0, 0)","(0.0, 0.0, 0.0, 0.0, 0.0)",True
1298,,"(0, 0, 0, 0, 0)","(0.0, 0.0, 0.0, 0.0, 0.0)",True
1299,,"(0, 0, 0, 0, 0)","(0.0, 0.0, 0.0, 0.0, 0.0)",True
1300,,"(0, 0, 0, 0, 0)","(0.0, 0.0, 0.0, 0.0, 0.0)",True
1301,,"(0, 0, 0, 0, 0)","(0.0, 0.0, 0.0, 0.0, 0.0)",True
1302,,"(0, 0, 0, 0, 0)","(0.0, 0.0, 0.0, 0.0, 0.0)",True
1303,,"(0, 0, 0, 0, 0)","(0.0, 0.0, 0.0, 0.0, 0.0)",True
1304,,"(0, 0, 0, 0, 0)","(0.0, 0.0, 0.0, 0.0, 0.0)",True
1305,,"(0, 0, 0, 0, 0)","(0.0, 0.0, 0.0, 0.0, 0.0)",True
1306,,"(0, 0, 0, 0, 0)","(0.0, 0.0, 0.0, 0.0, 0.0)",True
1307,,"(0, 0, 0, 0, 0)","(0.0, 0.0, 0.0, 0.0, 0.0)",True
1308,,"(0, 0, 0, 0, 0)","(0.0, 0.0, 0.0, 0.0, 0.0)",True
1309,,"(0, 0, 0, 0, 0)","(0.0, 0.0, 0.0, 0.0, 0.0)",True
1310,,"(0, 0, 0, 0, 0)","(0.0, 0.0, 0.0, 0.0, 0.0)",True
1311,,"(0, 0, 0, 0, 0)","(0.0, 0.0, 0.0, 0.0, 0.0)",True
1312,,"(0, 0, 0, 0, 0)","(0.0, 0.0, 0.0, 0.0, 0.0)",True
1313,,"(0, 0, 0, 0, 0)","(0.0, 0.0, 0.0, 0.0, 0.0)",True
1314,,"(0, 0, 0, 0, 0)","(0.0, 0.0, 0.0, 0.0, 0.0)",True
1315,,"(0, 0, 0, 0, 0)","(0.0, 0.0, 0.0, 0.0, 0.0)",True
1316,,"(0, 0, 0, 0, 0)","(0.0, 0.0, 0.0, 0.0, 0.0)",True
1317,,"(0, 0, 0, 0, 0)","(0.0, 0.0, 0.0, 0.0, 0.0)",True
1318,,"(0, 0, 0, 0, 0)","(0.0, 0.0, 0.0, 0.0, 0.0)",True
1319,,"(0, 0, 0, 0, 0)","(0.0, 0.0, 0.0, 0.0, 0.0)",True
1320,,"(0, 0, 0, 0, 0)","(0.0, 0.0, 0.0, 0.0, 0.0)",True
1321,,"(0, 0, 0, 0, 0)","(0.0, 0.0, 0.0, 0.0, 0.0)",True
1322,,"(0, 0, 0, 0, 0)","(0.0, 0.0, 0.0, 0.0, 0.0)",True
1323,,"(0, 0, 0, 0, 0)","(0.0, 0.0, 0.0, 0.0, 0.0)",True
1324,,"(0, 0, 0, 0, 0)","(0.0, 0.0, 0.0, 0.0, 0.0)",True
1325,,"(0, 0, 0, 0, 0)","(0.0, 0.0, 0.0, 0.0, 0.0)",True
1326,,"(0, 0, 0, 0, 0)","(0.0, 0.0, 0.0, 0.0, 0.0)",True
1327,,"(0, 0, 0, 0, 0)","(0.0, 0.0, 0.0, 0.0, 0.0)",True
1328,,"(0, 0, 0, 0, 0)","(0.0, 0.0, 0.0, 0.0, 0.0)",True
1329,,"(0, 0, 0, 0, 0)","(0.0, 0.0, 0.0, 0.0, 0.0)",True
1330,,"(0, 0, 0, 0, 0)","(0.0, 0.0, 0.0, 0.0, 0.0)",True
1331,,"(0, 0, 0, 0, 0)","(0.0, 0.0, 0.0, 0.0, 0.0)",True
1332,,"(0, 0, 0, 0, 0)","(0.0, 0.0, 0.0, 0.0, 0.0)",True
1333,,"(0, 0, 0, 0, 0)","(0.0, 0.0, 0.0, 0.0, 0.0)",True
1334,,"(0, 0, 0, 0, 0)","(0.0, 0.0, 0.0, 0.0, 0.0)",True
1335,,"(0, 0, 0, 0, 0)","(0.0, 0.0, 0.0, 0.0, 0.0)",True
1336,,"(0, 0, 0, 0, 0)","(0.0, 0.0, 0.0, 0.0, 0.0)",True
1337,,"(0, 0, 0, 0, 0)","(0.0, 0.0, 0.0, 0.0, 0.0)",True
1338,,"(0, 0, 0, 0, 0)","(0.0, 0.0, 0.0, 0.0, 0.0)",True
1339,,"(0, 0, 0, 0, 0)","(0.0, 0.0, 0.0, 0.0, 0.0)",True
1340,,"(0, 0, 0, 0, 0)","(0.0, 0.0, 0.0, 0.0, 0.0)",True
1341,,"(0, 0, 0, 0, 0)","(0.0, 0.0, 0.0, 0.0, 0.0)",True
1342,,"(0, 0, 0, 0, 0)","(0.0, 0.0, 0.0, 0.0, 0.0)",True
1343,,"(0, 0, 0, 0, 0)","(0.0, 0.0, 0.0, 0.0, 0.0)",True
1344,,"(0, 0, 0, 0, 0)","(0.0, 0.0, 0.0, 0.0, 0.0)",True
1345,,"(0, 0, 0, 0, 0)","(0.0, 0.0, 0.0, 0.0, 0.0)",True
1346,,"(0, 0, 0, 0, 0)","(0.0, 0.0, 0.0, 0.0, 0.0)",True
1347,,"(0, 0, 0, 0, 0)","(0.0, 0.0, 0.0, 0.0, 0.0)",True
1348,,"(0, 0, 0, 0, 0)","(0.0, 0.0, 0.0, 0.0, 0.0)",True
1349,,"(0, 0, 0, 0, 0)","(0.0, 0.0, 0.0, 0.0, 0.0)",True
1350,,"(0, 0, 0, 0, 0)","(0.0, 0.0, 0.0, 0.0, 0.0)",True
1351,,"(0, 0, 0, 0, 0)","(0.0, 0.0, 0.0, 0.0, 0.0)",True
1352,,"(0, 0, 0, 0, 0)","(0.0, 0.0, 0.0, 0.0, 0.0)",True
1353,,"(0, 0, 0, 0, 0)","(0.0, 0.0, 0.0, 0.0, 0.0)",True
1354,,"(0, 0, 0, 0, 0)","(0.0, 0.0, 0.0, 0.0, 0.0)",True
1355,,"(0, 0, 0, 0, 0)","(0.0, 0.0, 0.0, 0.0, 0.0)",True
1356,,"(0, 0, 0, 0, 0)","(0.0, 0.0, 0.0, 0.0, 0.0)",True
1357,,"(0, 0, 0, 0, 0)","(0.0, 0.0, 0.0, 0.0, 0.0)",True
1358,,"(0, 0, 0, 0, 0)","(0.0, 0.0, 0.0, 0.0, 0.0)",True
1359,,"(0, 0, 0, 0, 0)","(0.0, 0.0, 0.0, 0.0, 0.0)",True
1360,,"(0, 0, 0, 0, 0)","(0.0, 0.0, 0.0, 0.0, 0.0)",True
1361,,"(0, 0, 0, 0, 0)","(0.0, 0.0, 0.0, 0.0, 0.0)",True
1362,,"(0, 0, 0, 0, 0)","(0.0, 0.0, 0.0, 0.0, 0.0)",True
1363,,"(0, 0, 0, 0, 0)","(0.0, 0.0, 0.0, 0.0, 0.0)",True
1364,,"(0, 0, 0, 0, 0)","(0.0, 0.0, 0.0, 0.0, 0.0)",True
1365,,"(0, 0, 0, 0, 0)","(0.0, 0.0, 0.0, 0.0, 0.0)",True
1366,,"(0, 0, 0, 0, 0)","(0.0, 0.0, 0.0, 0.0, 0.0)",True
1367,,"(0, 0, 0, 0, 0)","(0.0, 0.0, 0.0, 0.0, 0.0)",True
1368,,"(0, 0, 0, 0, 0)","(0.0, 0.0, 0.0, 0.0, 0.0)",True
1369,,"(0, 0, 0, 0, 0)","(0.0, 0.0, 0.0, 0.0, 0.0)",True
1370,,"(0, 0, 0, 0, 0)","(0.0, 0.0, 0.0, 0.0, 0.0)",True
1371,,"(0, 0, 0, 0, 0)","(0.0, 0.0, 0.0, 0.0, 0.0)",True
1372,,"(0, 0, 0, 0, 0)","(0.0, 0.0, 0.0, 0.0, 0.0)",True
1373,,"(0, 0, 0, 0, 0)","(0.0, 0.0, 0.0, 0.0, 0.0)",True
1374,,"(0, 0, 0, 0, 0)","(0.0, 0.0, 0.0, 0.0, 0.0)",True
1375,,"(0, 0, 0, 0, 0)","(0.0, 0.0, 0.0, 0.0, 0.0)",True
1376,,"(0, 0, 0, 0, 0)","(0.0, 0.0, 0.0, 0.0, 0.0)",True
1377,,"(0, 0, 0, 0, 0)","(0.0, 0.0, 0.0, 0.0, 0.0)",True
1378,,"(0, 0, 0, 0, 0)","(0.0, 0.0, 0.0, 0.0, 0.0)",True
1379,,"(0, 0, 0, 0, 0)","(0.0, 0.0, 0.0, 0.0, 0.0)",True
1380,,"(0, 0, 0, 0, 0)","(0.0, 0.0, 0.0, 0.0, 0.0)",True
1381,,"(0, 0, 0, 0, 0)","(0.0, 0.0, 0.0, 0.0, 0.0)",True
1382,,"(0, 0, 0, 0, 0)","(0.0, 0.0, 0.0, 0.0, 0.0)",True
1383,,"(0, 0, 0, 0, 0)","(0.0, 0.0, 0.0, 0.0, 0.0)",True
1384,,"(0, 0, 0, 0, 0)","(0.0, 0.0, 0.0, 0.0, 0.0)",True
1385,,"(0, 0, 0, 0, 0)","(0.0, 0.0, 0.0, 0.0, 0.0)",True
1386,,"(0, 0, 0, 0, 0)","(0.0, 0.0, 0.0, 0.0, 0.0)",True
1387,,"(0, 0, 0, 0, 0)","(0.0, 0.0, 0.0, 0.0, 0.0)",True
1388,,"(0, 0, 0, 0, 0)","(0.0, 0.0, 0.0, 0.0, 0.0)",True
1389,,"(0, 0, 0, 0, 0)","(0.0, 0.0, 0.0, 0.0, 0.0)",True
1390,,"(0, 0, 0, 0, 0)","(0.0, 0.0, 0.0, 0.0, 0.0)",True
1391,,"(0, 0, 0, 0, 0)","(0.0, 0.0, 0.0, 0.0, 0.0)",True
1392,,"(0, 0, 0, 0, 0)","(0.0, 0.0, 0.0, 0.0, 0.0)",True
1393,,"(0, 0, 0, 0, 0)","(0.0, 0.0, 0.0, 0.0, 0.0)",True
1394,,"(0, 0, 0, 0, 0)","(0.0, 0.0, 0.0, 0.0, 0.0)",True
1395,,"(0, 0, 0, 0, 0)","(0.0, 0.0, 0.0, 0.0, 0.0)",True
1396,,"(0, 0, 0, 0, 0)","(0.0, 0.0, 0.0, 0.0, 0.0)",True
1397,,"(0, 0, 0, 0, 0)","(0.0, 0.0, 0.0, 0.0, 0.0)",True
1398,,"(0, 0, 0, 0, 0)","(0.0, 0.0, 0.0, 0.0, 0.0)",True
1399,,"(0, 0, 0, 0, 0)","(0.0, 0.0, 0.0, 0.0, 0.0)",True
1400,,"(0, 0, 0, 0, 0)","(0.0, 0.0, 0.0, 0.0, 0.0)",True
1401,,"(0, 0, 0, 0, 0)","(0.0, 0.0, 0.0, 0.0, 0.0)",True
1402,,"(0, 0, 0, 0, 0)","(0.0, 0.0, 0.0, 0.0, 0.0)",True
1403,,"(0, 0, 0, 0, 0)","(0.0, 0.0, 0.0, 0.0, 0.0)",True
1404,,"(0, 0, 0, 0, 0)","(0.0, 0.0, 0.0, 0.0, 0.0)",True
1405,,"(0, 0, 0, 0, 0)","(0.0, 0.0, 0.0, 0.0, 0.0)",True
1406,,"(0, 0, 0, 0, 0)","(0.0, 0.0, 0.0, 0.0, 0.0)",True
1407,,"(0, 0, 0, 0, 0)","(0.0, 0.0, 0.0, 0.0, 0.0)",True
1408,,"(0, 0, 0, 0, 0)","(0.0, 0.0, 0.0, 0.0, 0.0)",True
1409,,"(0, 0, 0, 0, 0)","(0.0, 0.0, 0.0, 0.0, 0.0)",True
1410,,"(0, 0, 0, 0, 0)","(0.0, 0.0, 0.0, 0.0, 0.0)",True
1411,,"(0, 0, 0, 0, 0)","(0.0, 0.0, 0.0, 0.0, 0.0)",True
1412,,"(0, 0, 0, 0, 0)","(0.0, 0.0, 0.0, 0.0, 0.0)",True
1413,,"(0, 0, 0, 0, 0)","(0.0, 0.0, 0.0, 0.0, 0.0)",True
1414,,"(0, 0, 0, 0, 0)","(0.0, 0.0, 0.0, 0.0, 0.0)",True
1415,,"(0, 0, 0, 0, 0)","(0.0, 0.0, 0.0, 0.0, 0.0)",True
1416,,"(0, 0, 0, 0, 0)","(0.0, 0.0, 0.0, 0.0, 0.0)",True
1417,,"(0, 0, 0, 0, 0)","(0.0, 0.0, 0.0, 0.0, 0.0)",True
1418,,"(0, 0, 0, 0, 0)","(0.0, 0.0, 0.0, 0.0, 0.0)",True
1419,,"(0, 0, 0, 0, 0)","(0.0, 0.0, 0.0, 0.0, 0.0)",True
1420,,"(0, 0, 0, 0, 0)","(0.0, 0.0, 0.0, 0.0, 0.0)",True
1421,,"(0, 0, 0, 0, 0)","(0.0, 0.0, 0.0, 0.0, 0.0)",True
1422,,"(0, 0, 0, 0, 0)","(0.0, 0.0, 0.0, 0.0, 0.0)",True
1423,,"(0, 0, 0, 0, 0)","(0.0, 0.0, 0.0, 0.0, 0.0)",True
1424,,"(0, 0, 0, 0, 0)","(0.0, 0.0, 0.0, 0.0, 0.0)",True
1425,,"(0, 0, 0, 0, 0)","(0.0, 0.0, 0.0, 0.0, 0.0)",True
1426,,"(0, 0, 0, 0, 0)","(0.0, 0.0, 0.0, 0.0, 0.0)",True
1427,,"(0, 0, 0, 0, 0)","(0.0, 0.0, 0.0, 0.0, 0.0)",True
1428,,"(0, 0, 0, 0, 0)","(0.0, 0.0, 0.0, 0.0, 0.0)",True
1429,,"(0, 0, 0, 0, 0)","(0.0, 0.0, 0.0, 0.0, 0.0)",True
1430,,"(0, 0, 0, 0, 0)","(0.0, 0.0, 0.0, 0.0, 0.0)",True
1431,,"(0, 0, 0, 0, 0)","(0.0, 0.0, 0.0, 0.0, 0.0)",True
1432,,"(0, 0, 0, 0, 0)","(0.0, 0.0, 0.0, 0.0, 0.0)",True
1433,,"(0, 0, 0, 0, 0)","(0.0, 0.0, 0.0, 0.0, 0.0)",True
1434,,"(0, 0, 0, 0, 0)","(0.0, 0.0, 0.0, 0.0, 0.0)",True
1435,,"(0, 0, 0, 0, 0)","(0.0, 0.0, 0.0, 0.0, 0.0)",True
1436,,"(0, 0, 0, 0, 0)","(0.0, 0.0, 0.0, 0.0, 0.0)",True
1437,,"(0, 0, 0, 0, 0)","(0.0, 0.0, 0.0, 0.0, 0.0)",True
1438,,"(0, 0, 0, 0, 0)","(0.0, 0.0, 0.0, 0.0, 0.0)",True
1439,,"(0, 0, 0, 0, 0)","(0.0, 0.0, 0.0, 0.0, 0.0)",True
1440,,"(0, 0, 0, 0, 0)","(0.0, 0.0, 0.0, 0.0, 0.0)",True
1441,,"(0, 0, 0, 0, 0)","(0.0, 0.0, 0.0, 0.0, 0.0)",True
1442,,"(0, 0, 0, 0, 0)","(0.0, 0.0, 0.0, 0.0, 0.0)",True
1443,,"(0, 0, 0, 0, 0)","(0.0, 0.0, 0.0, 0.0, 0.0)",True
1444,,"(0, 0, 0, 0, 0)","(0.0, 0.0, 0.0, 0.0, 0.0)",True
1445,,"(0, 0, 0, 0, 0)","(0.0, 0.0, 0.0, 0.0, 0.0)",True
1446,,"(0, 0, 0, 0, 0)","(0.0, 0.0, 0.0, 0.0, 0.0)",True
1447,,"(0, 0, 0, 0, 0)","(0.0, 0.0, 0.0, 0.0, 0.0)",True
1448,,"(0, 0, 0, 0, 0)","(0.0, 0.0, 0.0, 0.0, 0.0)",True
1449,,"(0, 0, 0, 0, 0)","(0.0, 0.0, 0.0, 0.0, 0.0)",True
1450,,"(0, 0, 0, 0, 0)","(0.0, 0.0, 0.0, 0.0, 0.0)",True
1451,,"(0, 0, 0, 0, 0)","(0.0, 0.0, 0.0, 0.0, 0.0)",True
1452,,"(0, 0, 0, 0, 0)","(0.0, 0.0, 0.0, 0.0, 0.0)",True
1453,,"(0, 0, 0, 0, 0)","(0.0, 0.0, 0.0, 0.0, 0.0)",True
1454,,"(0, 0, 0, 0, 0)","(0.0, 0.0, 0.0, 0.0, 0.0)",True
1455,,"(0, 0, 0, 0, 0)","(0.0, 0.0, 0.0, 0.0, 0.0)",True
1456,,"(0, 0, 0, 0, 0)","(0.0, 0.0, 0.0, 0.0, 0.0)",True
1457,,"(0, 0, 0, 0, 0)","(0.0, 0.0, 0.0, 0.0, 0.0)",True
1458,,"(0, 0, 0, 0, 0)","(0.0, 0.0, 0.0, 0.0, 0.0)",True
1459,,"(0, 0, 0, 0, 0)","(0.0, 0.0, 0.0, 0.0, 0.0)",True
1460,,"(0, 0, 0, 0, 0)","(0.0, 0.0, 0.0, 0.0, 0.0)",True
1461,,"(0, 0, 0, 0, 0)","(0.0, 0.0, 0.0, 0.0, 0.0)",True
1462,,"(0, 0, 0, 0, 0)","(0.0, 0.0, 0.0, 0.0, 0.0)",True
1463,,"(0, 0, 0, 0, 0)","(0.0, 0.0, 0.0, 0.0, 0.0)",True
1464,,"(0, 0, 0, 0, 0)","(0.0, 0.0, 0.0, 0.0, 0.0)",True
1465,,"(0, 0, 0, 0, 0)","(0.0, 0.0, 0.0, 0.0, 0.0)",True
1466,,"(0, 0, 0, 0, 0)","(0.0, 0.0, 0.0, 0.0, 0.0)",True
1467,,"(0, 0, 0, 0, 0)","(0.0, 0.0, 0.0, 0.0, 0.0)",True
1468,,"(0, 0, 0, 0, 0)","(0.0, 0.0, 0.0, 0.0, 0.0)",True
1469,,"(0, 0, 0, 0, 0)","(0.0, 0.0, 0.0, 0.0, 0.0)",True
1470,,"(0, 0, 0, 0, 0)","(0.0, 0.0, 0.0, 0.0, 0.0)",True
1471,,"(0, 0, 0, 0, 0)","(0.0, 0.0, 0.0, 0.0, 0.0)",True
1472,,"(0, 0, 0, 0, 0)","(0.0, 0.0, 0.0, 0.0, 0.0)",True
1473,,"(0, 0, 0, 0, 0)","(0.0, 0.0, 0.0, 0.0, 0.0)",True
1474,,"(0, 0, 0, 0, 0)","(0.0, 0.0, 0.0, 0.0, 0.0)",True
1475,,"(0, 0, 0, 0, 0)","(0.0, 0.0, 0.0, 0.0, 0.0)",True
1476,,"(0, 0, 0, 0, 0)","(0.0, 0.0, 0.0, 0.0, 0.0)",True
1477,,"(0, 0, 0, 0, 0)","(0.0, 0.0, 0.0, 0.0, 0.0)",True
1478,,"(0, 0, 0, 0, 0)","(0.0, 0.0, 0.0, 0.0, 0.0)",True
1479,,"(0, 0, 0, 0, 0)","(0.0, 0.0, 0.0, 0.0, 0.0)",True
1480,,"(0, 0, 0, 0, 0)","(0.0, 0.0, 0.0, 0.0, 0.0)",True
1481,,"(0, 0, 0, 0, 0)","(0.0, 0.0, 0.0, 0.0, 0.0)",True
1482,,"(0, 0, 0, 0, 0)","(0.0, 0.0, 0.0, 0.0, 0.0)",True
1483,,"(0, 0, 0, 0, 0)","(0.0, 0.0, 0.0, 0.0, 0.0)",True
1484,,"(0, 0, 0, 0, 0)","(0.0, 0.0, 0.0, 0.0, 0.0)",True
1485,,"(0, 0, 0, 0, 0)","(0.0, 0.0, 0.0, 0.0, 0.0)",True
1486,,"(0, 0, 0, 0, 0)","(0.0, 0.0, 0.0, 0.0, 0.0)",True
1487,,"(0, 0, 0, 0, 0)","(0.0, 0.0, 0.0, 0.0, 0.0)",True
1488,,"(0, 0, 0, 0, 0)","(0.0, 0.0, 0.0, 0.0, 0.0)",True
1489,,"(0, 0, 0, 0, 0)","(0.0, 0.0, 0.0, 0.0, 0.0)",True
1490,,"(0, 0, 0, 0, 0)","(0.0, 0.0, 0.0, 0.0, 0.0)",True
1491,,"(0, 0, 0, 0, 0)","(0.0, 0.0, 0.0, 0.0, 0.0)",True
1492,,"(0, 0, 0, 0, 0)","(0.0, 0.0, 0.0, 0.0, 0.0)",True
1493,,"(0, 0, 0, 0, 0)","(0.0, 0.0, 0.0, 0.0, 0.0)",True
1494,,"(0, 0, 0, 0, 0)","(0.0, 0.0, 0.0, 0.0, 0.0)",True
1495,,"(0, 0, 0, 0, 0)","(0.0, 0.0, 0.0, 0.0, 0.0)",True
1496,,"(0, 0, 0, 0, 0)","(0.0, 0.0, 0.0, 0.0, 0.0)",True
1497,,"(0, 0, 0, 0, 0)","(0.0, 0.0, 0.0, 0.0, 0.0)",True
1498,,"(0, 0, 0, 0, 0)","(0.0, 0.0, 0.0, 0.0, 0.0)",True
1499,,"(0, 0, 0, 0, 0)","(0.0, 0.0, 0.0, 0.0, 0.0)",True
1500,,"(0, 0, 0, 0, 0)","(0.0, 0.0, 0.0, 0.0, 0.0)",True
1501,,"(0, 0, 0, 0, 0)","(0.0, 0.0, 0.0, 0.0, 0.0)",True
1502,,"(0, 0, 0, 0, 0)","(0.0, 0.0, 0.0, 0.0, 0.0)",True
1503,,"(0, 0, 0, 0, 0)","(0.0, 0.0, 0.0, 0.0, 0.0)",True
1504,,"(0, 0, 0, 0, 0)","(0.0, 0.0, 0.0, 0.0, 0.0)",True
1505,,"(0, 0, 0, 0, 0)","(0.0, 0.0, 0.0, 0.0, 0.0)",True
1506,,"(0, 0, 0, 0, 0)","(0.0, 0.0, 0.0, 0.0, 0.0)",True
1507,,"(0, 0, 0, 0, 0)","(0.0, 0.0, 0.0, 0.0, 0.0)",True
1508,,"(0, 0, 0, 0, 0)","(0.0, 0.0, 0.0, 0.0, 0.0)",True
1509,,"(0, 0, 0, 0, 0)","(0.0, 0.0, 0.0, 0.0, 0.0)",True
1510,,"(0, 0, 0, 0, 0)","(0.0, 0.0, 0.0, 0.0, 0.0)",True
1511,,"(0, 0, 0, 0, 0)","(0.0, 0.0, 0.0, 0.0, 0.0)",True
1512,,"(0, 0, 0, 0, 0)","(0.0, 0.0, 0.0, 0.0, 0.0)",True
1513,,"(0, 0, 0, 0, 0)","(0.0, 0.0, 0.0, 0.0, 0.0)",True
1514,,"(0, 0, 0, 0, 0)","(0.0, 0.0, 0.0, 0.0, 0.0)",True
1515,,"(0, 0, 0, 0, 0)","(0.0, 0.0, 0.0, 0.0, 0.0)",True
1516,,"(0, 0, 0, 0, 0)","(0.0, 0.0, 0.0, 0.0, 0.0)",True
1517,,"(0, 0, 0, 0, 0)","(0.0, 0.0, 0.0, 0.0, 0.0)",True
1518,,"(0, 0, 0, 0, 0)","(0.0, 0.0, 0.0, 0.0, 0.0)",True
1519,,"(0, 0, 0, 0, 0)","(0.0, 0.0, 0.0, 0.0, 0.0)",True
1520,,"(0, 0, 0, 0, 0)","(0.0, 0.0, 0.0, 0.0, 0.0)",True
1521,,"(0, 0, 0, 0, 0)","(0.0, 0.0, 0.0, 0.0, 0.0)",True
1522,,"(0, 0, 0, 0, 0)","(0.0, 0.0, 0.0, 0.0, 0.0)",True
1523,,"(0, 0, 0, 0, 0)","(0.0, 0.0, 0.0, 0.0, 0.0)",True
1524,,"(0, 0, 0, 0, 0)","(0.0, 0.0, 0.0, 0.0, 0.0)",True
1525,,"(0, 0, 0, 0, 0)","(0.0, 0.0, 0.0, 0.0, 0.0)",True
1526,,"(0, 0, 0, 0, 0)","(0.0, 0.0, 0.0, 0.0, 0.0)",True
1527,,"(0, 0, 0, 0, 0)","(0.0, 0.0, 0.0, 0.0, 0.0)",True
1528,,"(0, 0, 0, 0, 0)","(0.0, 0.0, 0.0, 0.0, 0.0)",True
1529,,"(0, 0, 0, 0, 0)","(0.0, 0.0, 0.0, 0.0, 0.0)",True
1530,,"(0, 0, 0, 0, 0)","(0.0, 0.0, 0.0, 0.0, 0.0)",True
1531,,"(0, 0, 0, 0, 0)","(0.0, 0.0, 0.0, 0.0, 0.0)",True
1532,,"(0, 0, 0, 0, 0)","(0.0, 0.0, 0.0, 0.0, 0.0)",True
1533,,"(0, 0, 0, 0, 0)","(0.0, 0.0, 0.0, 0.0, 0.0)",True
1534,,"(0, 0, 0, 0, 0)","(0.0, 0.0, 0.0, 0.0, 0.0)",True
1535,,"(0, 0, 0, 0, 0)","(0.0, 0.0, 0.0, 0.0, 0.0)",True
1536,,"(0, 0, 0, 0, 0)","(0.0, 0.0, 0.0, 0.0, 0.0)",True
1537,,"(0, 0, 0, 0, 0)","(0.0, 0.0, 0.0, 0.0, 0.0)",True
1538,,"(0, 0, 0, 0, 0)","(0.0, 0.0, 0.0, 0.0, 0.0)",True
1539,,"(0, 0, 0, 0, 0)","(0.0, 0.0, 0.0, 0.0, 0.0)",True
1540,,"(0, 0, 0, 0, 0)","(0.0, 0.0, 0.0, 0.0, 0.0)",True
1541,,"(0, 0, 0, 0, 0)","(0.0, 0.0, 0.0, 0.0, 0.0)",True
1542,,"(0, 0, 0, 0, 0)","(0.0, 0.0, 0.0, 0.0, 0.0)",True
1543,,"(0, 0, 0, 0, 0)","(0.0, 0.0, 0.0, 0.0, 0.0)",True
1544,,"(0, 0, 0, 0, 0)","(0.0, 0.0, 0.0, 0.0, 0.0)",True
1545,,"(0, 0, 0, 0, 0)","(0.0, 0.0, 0.0, 0.0, 0.0)",True
1546,,"(0, 0, 0, 0, 0)","(0.0, 0.0, 0.0, 0.0, 0.0)",True
1547,,"(0, 0, 0, 0, 0)","(0.0, 0.0, 0.0, 0.0, 0.0)",True
1548,,"(0, 0, 0, 0, 0)","(0.0, 0.0, 0.0, 0.0, 0.0)",True
1549,,"(0, 0, 0, 0, 0)","(0.0, 0.0, 0.0, 0.0, 0.0)",True
1550,,"(0, 0, 0, 0, 0)","(0.0, 0.0, 0.0, 0.0, 0.0)",True
1551,,"(0, 0, 0, 0, 0)","(0.0, 0.0, 0.0, 0.0, 0.0)",True
1552,,"(0, 0, 0, 0, 0)","(0.0, 0.0, 0.0, 0.0, 0.0)",True
1553,,"(0, 0, 0, 0, 0)","(0.0, 0.0, 0.0, 0.0, 0.0)",True
1554,,"(0, 0, 0, 0, 0)","(0.0, 0.0, 0.0, 0.0, 0.0)",True
1555,,"(0, 0, 0, 0, 0)","(0.0, 0.0, 0.0, 0.0, 0.0)",True
1556,,"(0, 0, 0, 0, 0)","(0.0, 0.0, 0.0, 0.0, 0.0)",True
1557,,"(0, 0, 0, 0, 0)","(0.0, 0.0, 0.0, 0.0, 0.0)",True
1558,,"(0, 0, 0, 0, 0)","(0.0, 0.0, 0.0, 0.0, 0.0)",True
1559,,"(0, 0, 0, 0, 0)","(0.0, 0.0, 0.0, 0.0, 0.0)",True
1560,,"(0, 0, 0, 0, 0)","(0.0, 0.0, 0.0, 0.0, 0.0)",True
1561,,"(0, 0, 0, 0, 0)","(0.0, 0.0, 0.0, 0.0, 0.0)",True
1562,,"(0, 0, 0, 0, 0)","(0.0, 0.0, 0.0, 0.0, 0.0)",True
1563,,"(0, 0, 0, 0, 0)","(0.0, 0.0, 0.0, 0.0, 0.0)",True
1564,,"(0, 0, 0, 0, 0)","(0.0, 0.0, 0.0, 0.0, 0.0)",True
1565,,"(0, 0, 0, 0, 0)","(0.0, 0.0, 0.0, 0.0, 0.0)",True
1566,,"(0, 0, 0, 0, 0)","(0.0, 0.0, 0.0, 0.0, 0.0)",True
1567,,"(0, 0, 0, 0, 0)","(0.0, 0.0, 0.0, 0.0, 0.0)",True
1568,,"(0, 0, 0, 0, 0)","(0.0, 0.0, 0.0, 0.0, 0.0)",True
1569,,"(0, 0, 0, 0, 0)","(0.0, 0.0, 0.0, 0.0, 0.0)",True
1570,,"(0, 0, 0, 0, 0)","(0.0, 0.0, 0.0, 0.0, 0.0)",True
1571,,"(0, 0, 0, 0, 0)","(0.0, 0.0, 0.0, 0.0, 0.0)",True
1572,,"(0, 0, 0, 0, 0)","(0.0, 0.0, 0.0, 0.0, 0.0)",True
1573,,"(0, 0, 0, 0, 0)","(0.0, 0.0, 0.0, 0.0, 0.0)",True
1574,,"(0, 0, 0, 0, 0)","(0.0, 0.0, 0.0, 0.0, 0.0)",True
1575,,"(0, 0, 0, 0, 0)","(0.0, 0.0, 0.0, 0.0, 0.0)",True
1576,,"(0, 0, 0, 0, 0)","(0.0, 0.0, 0.0, 0.0, 0.0)",True
1577,,"(0, 0, 0, 0, 0)","(0.0, 0.0, 0.0, 0.0, 0.0)",True
1578,,"(0, 0, 0, 0, 0)","(0.0, 0.0, 0.0, 0.0, 0.0)",True
1579,,"(0, 0, 0, 0, 0)","(0.0, 0.0, 0.0, 0.0, 0.0)",True
1580,,"(0, 0, 0, 0, 0)","(0.0, 0.0, 0.0, 0.0, 0.0)",True
1581,,"(0, 0, 0, 0, 0)","(0.0, 0.0, 0.0, 0.0, 0.0)",True
1582,,"(0, 0, 0, 0, 0)","(0.0, 0.0, 0.0, 0.0, 0.0)",True
1583,,"(0, 0, 0, 0, 0)","(0.0, 0.0, 0.0, 0.0, 0.0)",True
1584,,"(0, 0, 0, 0, 0)","(0.0, 0.0, 0.0, 0.0, 0.0)",True
1585,,"(0, 0, 0, 0, 0)","(0.0, 0.0, 0.0, 0.0, 0.0)",True
1586,,"(0, 0, 0, 0, 0)","(0.0, 0.0, 0.0, 0.0, 0.0)",True
1587,,"(0, 0, 0, 0, 0)","(0.0, 0.0, 0.0, 0.0, 0.0)",True
1588,,"(0, 0, 0, 0, 0)","(0.0, 0.0, 0.0, 0.0, 0.0)",True
1589,,"(0, 0, 0, 0, 0)","(0.0, 0.0, 0.0, 0.0, 0.0)",True
1590,,"(0, 0, 0, 0, 0)","(0.0, 0.0, 0.0, 0.0, 0.0)",True
1591,,"(0, 0, 0, 0, 0)","(0.0, 0.0, 0.0, 0.0, 0.0)",True
1592,,"(0, 0, 0, 0, 0)","(0.0, 0.0, 0.0, 0.0, 0.0)",True
1593,,"(0, 0, 0, 0, 0)","(0.0, 0.0, 0.0, 0.0, 0.0)",True
1594,,"(0, 0, 0, 0, 0)","(0.0, 0.0, 0.0, 0.0, 0.0)",True
1595,,"(0, 0, 0, 0, 0)","(0.0, 0.0, 0.0, 0.0, 0.0)",True
1596,,"(0, 0, 0, 0, 0)","(0.0, 0.0, 0.0, 0.0, 0.0)",True
1597,,"(0, 0, 0, 0, 0)","(0.0, 0.0, 0.0, 0.0, 0.0)",True
1598,,"(0, 0, 0, 0, 0)","(0.0, 0.0, 0.0, 0.0, 0.0)",True
1599,,"(0, 0, 0, 0, 0)","(0.0, 0.0, 0.0, 0.0, 0.0)",True
1600,,"(0, 0, 0, 0, 0)","(0.0, 0.0, 0.0, 0.0, 0.0)",True
1601,,"(0, 0, 0, 0, 0)","(0.0, 0.0, 0.0, 0.0, 0.0)",True
1602,,"(0, 0, 0, 0, 0)","(0.0, 0.0, 0.0, 0.0, 0.0)",True
1603,,"(0, 0, 0, 0, 0)","(0.0, 0.0, 0.0, 0.0, 0.0)",True
1604,,"(0, 0, 0, 0, 0)","(0.0, 0.0, 0.0, 0.0, 0.0)",True
1605,,"(0, 0, 0, 0, 0)","(0.0, 0.0, 0.0, 0.0, 0.0)",True
1606,,"(0, 0, 0, 0, 0)","(0.0, 0.0, 0.0, 0.0, 0.0)",True
1607,,"(0, 0, 0, 0, 0)","(0.0, 0.0, 0.0, 0.0, 0.0)",True
1608,,"(0, 0, 0, 0, 0)","(0.0, 0.0, 0.0, 0.0, 0.0)",True
1609,,"(0, 0, 0, 0, 0)","(0.0, 0.0, 0.0, 0.0, 0.0)",True
1610,,"(0, 0, 0, 0, 0)","(0.0, 0.0, 0.0, 0.0, 0.0)",True
1611,,"(0, 0, 0, 0, 0)","(0.0, 0.0, 0.0, 0.0, 0.0)",True
1612,,"(0, 0, 0, 0, 0)","(0.0, 0.0, 0.0, 0.0, 0.0)",True
1613,,"(0, 0, 0, 0, 0)","(0.0, 0.0, 0.0, 0.0, 0.0)",True
1614,,"(0, 0, 0, 0, 0)","(0.0, 0.0, 0.0, 0.0, 0.0)",True
1615,,"(0, 0, 0, 0, 0)","(0.0, 0.0, 0.0, 0.0, 0.0)",True
1616,,"(0, 0, 0, 0, 0)","(0.0, 0.0, 0.0, 0.0, 0.0)",True
1617,,"(0, 0, 0, 0, 0)","(0.0, 0.0, 0.0, 0.0, 0.0)",True
1618,,"(0, 0, 0, 0, 0)","(0.0, 0.0, 0.0, 0.0, 0.0)",True
1619,,"(0, 0, 0, 0, 0)","(0.0, 0.0, 0.0, 0.0, 0.0)",True
1620,,"(0, 0, 0, 0, 0)","(0.0, 0.0, 0.0, 0.0, 0.0)",True
1621,,"(0, 0, 0, 0, 0)","(0.0, 0.0, 0.0, 0.0, 0.0)",True
1622,,"(0, 0, 0, 0, 0)","(0.0, 0.0, 0.0, 0.0, 0.0)",True
1623,,"(0, 0, 0, 0, 0)","(0.0, 0.0, 0.0, 0.0, 0.0)",True
1624,,"(0, 0, 0, 0, 0)","(0.0, 0.0, 0.0, 0.0, 0.0)",True
1625,,"(0, 0, 0, 0, 0)","(0.0, 0.0, 0.0, 0.0, 0.0)",True
1626,,"(0, 0, 0, 0, 0)","(0.0, 0.0, 0.0, 0.0, 0.0)",True
1627,,"(0, 0, 0, 0, 0)","(0.0, 0.0, 0.0, 0.0, 0.0)",True
1628,,"(0, 0, 0, 0, 0)","(0.0, 0.0, 0.0, 0.0, 0.0)",True
1629,,"(0, 0, 0, 0, 0)","(0.0, 0.0, 0.0, 0.0, 0.0)",True
1630,,"(0, 0, 0, 0, 0)","(0.0, 0.0, 0.0, 0.0, 0.0)",True
1631,,"(0, 0, 0, 0, 0)","(0.0, 0.0, 0.0, 0.0, 0.0)",True
1632,,"(0, 0, 0, 0, 0)","(0.0, 0.0, 0.0, 0.0, 0.0)",True
1633,,"(0, 0, 0, 0, 0)","(0.0, 0.0, 0.0, 0.0, 0.0)",True
1634,,"(0, 0, 0, 0, 0)","(0.0, 0.0, 0.0, 0.0, 0.0)",True
1635,,"(0, 0, 0, 0, 0)","(0.0, 0.0, 0.0, 0.0, 0.0)",True
1636,,"(0, 0, 0, 0, 0)","(0.0, 0.0, 0.0, 0.0, 0.0)",True
1637,,"(0, 0, 0, 0, 0)","(0.0, 0.0, 0.0, 0.0, 0.0)",True
1638,,"(0, 0, 0, 0, 0)","(0.0, 0.0, 0.0, 0.0, 0.0)",True
1639,,"(0, 0, 0, 0, 0)","(0.0, 0.0, 0.0, 0.0, 0.0)",True
1640,,"(0, 0, 0, 0, 0)","(0.0, 0.0, 0.0, 0.0, 0.0)",True
1641,,"(0, 0, 0, 0, 0)","(0.0, 0.0, 0.0, 0.0, 0.0)",True
1642,,"(0, 0, 0, 0, 0)","(0.0, 0.0, 0.0, 0.0, 0.0)",True
1643,,"(0, 0, 0, 0, 0)","(0.0, 0.0, 0.0, 0.0, 0.0)",True
1644,,"(0, 0, 0, 0, 0)","(0.0, 0.0, 0.0, 0.0, 0.0)",True
1645,,"(0, 0, 0, 0, 0)","(0.0, 0.0, 0.0, 0.0, 0.0)",True
1646,,"(0, 0, 0, 0, 0)","(0.0, 0.0, 0.0, 0.0, 0.0)",True
1647,,"(0, 0, 0, 0, 0)","(0.0, 0.0, 0.0, 0.0, 0.0)",True
1648,,"(0, 0, 0, 0, 0)","(0.0, 0.0, 0.0, 0.0, 0.0)",True
1649,,"(0, 0, 0, 0, 0)","(0.0, 0.0, 0.0, 0.0, 0.0)",True
1650,,"(0, 0, 0, 0, 0)","(0.0, 0.0, 0.0, 0.0, 0.0)",True
1651,,"(0, 0, 0, 0, 0)","(0.0, 0.0, 0.0, 0.0, 0.0)",True
1652,,"(0, 0, 0, 0, 0)","(0.0, 0.0, 0.0, 0.0, 0.0)",True
1653,,"(0, 0, 0, 0, 0)","(0.0, 0.0, 0.0, 0.0, 0.0)",True
1654,,"(0, 0, 0, 0, 0)","(0.0, 0.0, 0.0, 0.0, 0.0)",True
1655,,"(0, 0, 0, 0, 0)","(0.0, 0.0, 0.0, 0.0, 0.0)",True
1656,,"(0, 0, 0, 0, 0)","(0.0, 0.0, 0.0, 0.0, 0.0)",True
1657,,"(0, 0, 0, 0, 0)","(0.0, 0.0, 0.0, 0.0, 0.0)",True
1658,,"(0, 0, 0, 0, 0)","(0.0, 0.0, 0.0, 0.0, 0.0)",True
1659,,"(0, 0, 0, 0, 0)","(0.0, 0.0, 0.0, 0.0, 0.0)",True
1660,,"(0, 0, 0, 0, 0)","(0.0, 0.0, 0.0, 0.0, 0.0)",True
1661,,"(0, 0, 0, 0, 0)","(0.0, 0.0, 0.0, 0.0, 0.0)",True
1662,,"(0, 0, 0, 0, 0)","(0.0, 0.0, 0.0, 0.0, 0.0)",True
1663,,"(0, 0, 0, 0, 0)","(0.0, 0.0, 0.0, 0.0, 0.0)",True
1664,,"(0, 0, 0, 0, 0)","(0.0, 0.0, 0.0, 0.0, 0.0)",True
1665,,"(0, 0, 0, 0, 0)","(0.0, 0.0, 0.0, 0.0, 0.0)",True
1666,,"(0, 0, 0, 0, 0)","(0.0, 0.0, 0.0, 0.0, 0.0)",True
1667,,"(0, 0, 0, 0, 0)","(0.0, 0.0, 0.0, 0.0, 0.0)",True
1668,,"(0, 0, 0, 0, 0)","(0.0, 0.0, 0.0, 0.0, 0.0)",True
1669,,"(0, 0, 0, 0, 0)","(0.0, 0.0, 0.0, 0.0, 0.0)",True
1670,,"(0, 0, 0, 0, 0)","(0.0, 0.0, 0.0, 0.0, 0.0)",True
1671,,"(0, 0, 0, 0, 0)","(0.0, 0.0, 0.0, 0.0, 0.0)",True
1672,,"(0, 0, 0, 0, 0)","(0.0, 0.0, 0.0, 0.0, 0.0)",True
1673,,"(0, 0, 0, 0, 0)","(0.0, 0.0, 0.0, 0.0, 0.0)",True
1674,,"(0, 0, 0, 0, 0)","(0.0, 0.0, 0.0, 0.0, 0.0)",True
1675,,"(0, 0, 0, 0, 0)","(0.0, 0.0, 0.0, 0.0, 0.0)",True
1676,,"(0, 0, 0, 0, 0)","(0.0, 0.0, 0.0, 0.0, 0.0)",True
1677,,"(0, 0, 0, 0, 0)","(0.0, 0.0, 0.0, 0.0, 0.0)",True
1678,,"(0, 0, 0, 0, 0)","(0.0, 0.0, 0.0, 0.0, 0.0)",True
1679,,"(0, 0, 0, 0, 0)","(0.0, 0.0, 0.0, 0.0, 0.0)",True
1680,,"(0, 0, 0, 0, 0)","(0.0, 0.0, 0.0, 0.0, 0.0)",True
1681,,"(0, 0, 0, 0, 0)","(0.0, 0.0, 0.0, 0.0, 0.0)",True
1682,,"(0, 0, 0, 0, 0)","(0.0, 0.0, 0.0, 0.0, 0.0)",True
1683,,"(0, 0, 0, 0, 0)","(0.0, 0.0, 0.0, 0.0, 0.0)",True
1684,,"(0, 0, 0, 0, 0)","(0.0, 0.0, 0.0, 0.0, 0.0)",True
1685,,"(0, 0, 0, 0, 0)","(0.0, 0.0, 0.0, 0.0, 0.0)",True
1686,,"(0, 0, 0, 0, 0)","(0.0, 0.0, 0.0, 0.0, 0.0)",True
1687,,"(0, 0, 0, 0, 0)","(0.0, 0.0, 0.0, 0.0, 0.0)",True
1688,,"(0, 0, 0, 0, 0)","(0.0, 0.0, 0.0, 0.0, 0.0)",True
1689,,"(0, 0, 0, 0, 0)","(0.0, 0.0, 0.0, 0.0, 0.0)",True
1690,,"(0, 0, 0, 0, 0)","(0.0, 0.0, 0.0, 0.0, 0.0)",True
1691,,"(0, 0, 0, 0, 0)","(0.0, 0.0, 0.0, 0.0, 0.0)",True
1692,,"(0, 0, 0, 0, 0)","(0.0, 0.0, 0.0, 0.0, 0.0)",True
1693,,"(0, 0, 0, 0, 0)","(0.0, 0.0, 0.0, 0.0, 0.0)",True
1694,,"(0, 0, 0, 0, 0)","(0.0, 0.0, 0.0, 0.0, 0.0)",True
1695,,"(0, 0, 0, 0, 0)","(0.0, 0.0, 0.0, 0.0, 0.0)",True
1696,,"(0, 0, 0, 0, 0)","(0.0, 0.0, 0.0, 0.0, 0.0)",True
1697,,"(0, 0, 0, 0, 0)","(0.0, 0.0, 0.0, 0.0, 0.0)",True
1698,,"(0, 0, 0, 0, 0)","(0.0, 0.0, 0.0, 0.0, 0.0)",True
1699,,"(0, 0, 0, 0, 0)","(0.0, 0.0, 0.0, 0.0, 0.0)",True
1700,,"(0, 0, 0, 0, 0)","(0.0, 0.0, 0.0, 0.0, 0.0)",True
1701,,"(0, 0, 0, 0, 0)","(0.0, 0.0, 0.0, 0.0, 0.0)",True
1702,,"(0, 0, 0, 0, 0)","(0.0, 0.0, 0.0, 0.0, 0.0)",True
1703,,"(0, 0, 0, 0, 0)","(0.0, 0.0, 0.0, 0.0, 0.0)",True
1704,,"(0, 0, 0, 0, 0)","(0.0, 0.0, 0.0, 0.0, 0.0)",True
1705,,"(0, 0, 0, 0, 0)","(0.0, 0.0, 0.0, 0.0, 0.0)",True
1706,,"(0, 0, 0, 0, 0)","(0.0, 0.0, 0.0, 0.0, 0.0)",True
1707,,"(0, 0, 0, 0, 0)","(0.0, 0.0, 0.0, 0.0, 0.0)",True
1708,,"(0, 0, 0, 0, 0)","(0.0, 0.0, 0.0, 0.0, 0.0)",True
1709,,"(0, 0, 0, 0, 0)","(0.0, 0.0, 0.0, 0.0, 0.0)",True
1710,,"(0, 0, 0, 0, 0)","(0.0, 0.0, 0.0, 0.0, 0.0)",True
1711,,"(0, 0, 0, 0, 0)","(0.0, 0.0, 0.0, 0.0, 0.0)",True
1712,,"(0, 0, 0, 0, 0)","(0.0, 0.0, 0.0, 0.0, 0.0)",True
1713,,"(0, 0, 0, 0, 0)","(0.0, 0.0, 0.0, 0.0, 0.0)",True
1714,,"(0, 0, 0, 0, 0)","(0.0, 0.0, 0.0, 0.0, 0.0)",True
1715,,"(0, 0, 0, 0, 0)","(0.0, 0.0, 0.0, 0.0, 0.0)",True
1716,,"(0, 0, 0, 0, 0)","(0.0, 0.0, 0.0, 0.0, 0.0)",True
1717,,"(0, 0, 0, 0, 0)","(0.0, 0.0, 0.0, 0.0, 0.0)",True
1718,,"(0, 0, 0, 0, 0)","(0.0, 0.0, 0.0, 0.0, 0.0)",True
1719,,"(0, 0, 0, 0, 0)","(0.0, 0.0, 0.0, 0.0, 0.0)",True
1720,,"(0, 0, 0, 0, 0)","(0.0, 0.0, 0.0, 0.0, 0.0)",True
1721,,"(0, 0, 0, 0, 0)","(0.0, 0.0, 0.0, 0.0, 0.0)",True
1722,,"(0, 0, 0, 0, 0)","(0.0, 0.0, 0.0, 0.0, 0.0)",True
1723,,"(0, 0, 0, 0, 0)","(0.0, 0.0, 0.0, 0.0, 0.0)",True
1724,,"(0, 0, 0, 0, 0)","(0.0, 0.0, 0.0, 0.0, 0.0)",True
1725,,"(0, 0, 0, 0, 0)","(0.0, 0.0, 0.0, 0.0, 0.0)",True
1726,,"(0, 0, 0, 0, 0)","(0.0, 0.0, 0.0, 0.0, 0.0)",True
1727,,"(0, 0, 0, 0, 0)","(0.0, 0.0, 0.0, 0.0, 0.0)",True
1728,,"(0, 0, 0, 0, 0)","(0.0, 0.0, 0.0, 0.0, 0.0)",True
1729,,"(0, 0, 0, 0, 0)","(0.0, 0.0, 0.0, 0.0, 0.0)",True
1730,,"(0, 0, 0, 0, 0)","(0.0, 0.0, 0.0, 0.0, 0.0)",True
1731,,"(0, 0, 0, 0, 0)","(0.0, 0.0, 0.0, 0.0, 0.0)",True
1732,,"(0, 0, 0, 0, 0)","(0.0, 0.0, 0.0, 0.0, 0.0)",True
1733,,"(0, 0, 0, 0, 0)","(0.0, 0.0, 0.0, 0.0, 0.0)",True
1734,,"(0, 0, 0, 0, 0)","(0.0, 0.0, 0.0, 0.0, 0.0)",True
1735,,"(0, 0, 0, 0, 0)","(0.0, 0.0, 0.0, 0.0, 0.0)",True
1736,,"(0, 0, 0, 0, 0)","(0.0, 0.0, 0.0, 0.0, 0.0)",True
1737,,"(0, 0, 0, 0, 0)","(0.0, 0.0, 0.0, 0.0, 0.0)",True
1738,,"(0, 0, 0, 0, 0)","(0.0, 0.0, 0.0, 0.0, 0.0)",True
1739,,"(0, 0, 0, 0, 0)","(0.0, 0.0, 0.0, 0.0, 0.0)",True
1740,,"(0, 0, 0, 0, 0)","(0.0, 0.0, 0.0, 0.0, 0.0)",True
1741,,"(0, 0, 0, 0, 0)","(0.0, 0.0, 0.0, 0.0, 0.0)",True
1742,,"(0, 0, 0, 0, 0)","(0.0, 0.0, 0.0, 0.0, 0.0)",True
1743,,"(0, 0, 0, 0, 0)","(0.0, 0.0, 0.0, 0.0, 0.0)",True
1744,,"(0, 0, 0, 0, 0)","(0.0, 0.0, 0.0, 0.0, 0.0)",True
1745,,"(0, 0, 0, 0, 0)","(0.0, 0.0, 0.0, 0.0, 0.0)",True
1746,,"(0, 0, 0, 0, 0)","(0.0, 0.0, 0.0, 0.0, 0.0)",True
1747,,"(0, 0, 0, 0, 0)","(0.0, 0.0, 0.0, 0.0, 0.0)",True
1748,,"(0, 0, 0, 0, 0)","(0.0, 0.0, 0.0, 0.0, 0.0)",True
1749,,"(0, 0, 0, 0, 0)","(0.0, 0.0, 0.0, 0.0, 0.0)",True
1750,,"(0, 0, 0, 0, 0)","(0.0, 0.0, 0.0, 0.0, 0.0)",True
1751,,"(0, 0, 0, 0, 0)","(0.0, 0.0, 0.0, 0.0, 0.0)",True
1752,,"(0, 0, 0, 0, 0)","(0.0, 0.0, 0.0, 0.0, 0.0)",True
1753,,"(0, 0, 0, 0, 0)","(0.0, 0.0, 0.0, 0.0, 0.0)",True
1754,,"(0, 0, 0, 0, 0)","(0.0, 0.0, 0.0, 0.0, 0.0)",True
1755,,"(0, 0, 0, 0, 0)","(0.0, 0.0, 0.0, 0.0, 0.0)",True
1756,,"(0, 0, 0, 0, 0)","(0.0, 0.0, 0.0, 0.0, 0.0)",True
1757,,"(0, 0, 0, 0, 0)","(0.0, 0.0, 0.0, 0.0, 0.0)",True
1758,,"(0, 0, 0, 0, 0)","(0.0, 0.0, 0.0, 0.0, 0.0)",True
1759,,"(0, 0, 0, 0, 0)","(0.0, 0.0, 0.0, 0.0, 0.0)",True
1760,,"(0, 0, 0, 0, 0)","(0.0, 0.0, 0.0, 0.0, 0.0)",True
1761,,"(0, 0, 0, 0, 0)","(0.0, 0.0, 0.0, 0.0, 0.0)",True
1762,,"(0, 0, 0, 0, 0)","(0.0, 0.0, 0.0, 0.0, 0.0)",True
1763,,"(0, 0, 0, 0, 0)","(0.0, 0.0, 0.0, 0.0, 0.0)",True
1764,,"(0, 0, 0, 0, 0)","(0.0, 0.0, 0.0, 0.0, 0.0)",True
1765,,"(0, 0, 0, 0, 0)","(0.0, 0.0, 0.0, 0.0, 0.0)",True
1766,,"(0, 0, 0, 0, 0)","(0.0, 0.0, 0.0, 0.0, 0.0)",True
1767,,"(0, 0, 0, 0, 0)","(0.0, 0.0, 0.0, 0.0, 0.0)",True
1768,,"(0, 0, 0, 0, 0)","(0.0, 0.0, 0.0, 0.0, 0.0)",True
1769,,"(0, 0, 0, 0, 0)","(0.0, 0.0, 0.0, 0.0, 0.0)",True
1770,,"(0, 0, 0, 0, 0)","(0.0, 0.0, 0.0, 0.0, 0.0)",True
1771,,"(0, 0, 0, 0, 0)","(0.0, 0.0, 0.0, 0.0, 0.0)",True
1772,,"(0, 0, 0, 0, 0)","(0.0, 0.0, 0.0, 0.0, 0.0)",True
1773,,"(0, 0, 0, 0, 0)","(0.0, 0.0, 0.0, 0.0, 0.0)",True
1774,,"(0, 0, 0, 0, 0)","(0.0, 0.0, 0.0, 0.0, 0.0)",True
1775,,"(0, 0, 0, 0, 0)","(0.0, 0.0, 0.0, 0.0, 0.0)",True
1776,,"(0, 0, 0, 0, 0)","(0.0, 0.0, 0.0, 0.0, 0.0)",True
1777,,"(0, 0, 0, 0, 0)","(0.0, 0.0, 0.0, 0.0, 0.0)",True
1778,,"(0, 0, 0, 0, 0)","(0.0, 0.0, 0.0, 0.0, 0.0)",True
1779,,"(0, 0, 0, 0, 0)","(0.0, 0.0, 0.0, 0.0, 0.0)",True
1780,,"(0, 0, 0, 0, 0)","(0.0, 0.0, 0.0, 0.0, 0.0)",True
1781,,"(0, 0, 0, 0, 0)","(0.0, 0.0, 0.0, 0.0, 0.0)",True
1782,,"(0, 0, 0, 0, 0)","(0.0, 0.0, 0.0, 0.0, 0.0)",True
1783,,"(0, 0, 0, 0, 0)","(0.0, 0.0, 0.0, 0.0, 0.0)",True
1784,,"(0, 0, 0, 0, 0)","(0.0, 0.0, 0.0, 0.0, 0.0)",True
1785,,"(0, 0, 0, 0, 0)","(0.0, 0.0, 0.0, 0.0, 0.0)",True
1786,,"(0, 0, 0, 0, 0)","(0.0, 0.0, 0.0, 0.0, 0.0)",True
1787,,"(0, 0, 0, 0, 0)","(0.0, 0.0, 0.0, 0.0, 0.0)",True
1788,,"(0, 0, 0, 0, 0)","(0.0, 0.0, 0.0, 0.0, 0.0)",True
1789,,"(0, 0, 0, 0, 0)","(0.0, 0.0, 0.0, 0.0, 0.0)",True
1790,,"(0, 0, 0, 0, 0)","(0.0, 0.0, 0.0, 0.0, 0.0)",True
1791,,"(0, 0, 0, 0, 0)","(0.0, 0.0, 0.0, 0.0, 0.0)",True
1792,,"(0, 0, 0, 0, 0)","(0.0, 0.0, 0.0, 0.0, 0.0)",True
1793,,"(0, 0, 0, 0, 0)","(0.0, 0.0, 0.0, 0.0, 0.0)",True
1794,,"(0, 0, 0, 0, 0)","(0.0, 0.0, 0.0, 0.0, 0.0)",True
1795,,"(0, 0, 0, 0, 0)","(0.0, 0.0, 0.0, 0.0, 0.0)",True
1796,,"(0, 0, 0, 0, 0)","(0.0, 0.0, 0.0, 0.0, 0.0)",True
1797,,"(0, 0, 0, 0, 0)","(0.0, 0.0, 0.0, 0.0, 0.0)",True
1798,,"(0, 0, 0, 0, 0)","(0.0, 0.0, 0.0, 0.0, 0.0)",True
1799,,"(0, 0, 0, 0, 0)","(0.0, 0.0, 0.0, 0.0, 0.0)",True
1800,,"(0, 0, 0, 0, 0)","(0.0, 0.0, 0.0, 0.0, 0.0)",True
1801,,"(0, 0, 0, 0, 0)","(0.0, 0.0, 0.0, 0.0, 0.0)",True
1802,,"(0, 0, 0, 0, 0)","(0.0, 0.0, 0.0, 0.0, 0.0)",True
1803,,"(0, 0, 0, 0, 0)","(0.0, 0.0, 0.0, 0.0, 0.0)",True
1804,,"(0, 0, 0, 0, 0)","(0.0, 0.0, 0.0, 0.0, 0.0)",True
1805,,"(0, 0, 0, 0, 0)","(0.0, 0.0, 0.0, 0.0, 0.0)",True
1806,,"(0, 0, 0, 0, 0)","(0.0, 0.0, 0.0, 0.0, 0.0)",True
1807,,"(0, 0, 0, 0, 0)","(0.0, 0.0, 0.0, 0.0, 0.0)",True
1808,,"(0, 0, 0, 0, 0)","(0.0, 0.0, 0.0, 0.0, 0.0)",True
1809,,"(0, 0, 0, 0, 0)","(0.0, 0.0, 0.0, 0.0, 0.0)",True
1810,,"(0, 0, 0, 0, 0)","(0.0, 0.0, 0.0, 0.0, 0.0)",True
1811,,"(0, 0, 0, 0, 0)","(0.0, 0.0, 0.0, 0.0, 0.0)",True
1812,,"(0, 0, 0, 0, 0)","(0.0, 0.0, 0.0, 0.0, 0.0)",True
1813,,"(0, 0, 0, 0, 0)","(0.0, 0.0, 0.0, 0.0, 0.0)",True
1814,,"(0, 0, 0, 0, 0)","(0.0, 0.0, 0.0, 0.0, 0.0)",True
1815,,"(0, 0, 0, 0, 0)","(0.0, 0.0, 0.0, 0.0, 0.0)",True
1816,,"(0, 0, 0, 0, 0)","(0.0, 0.0, 0.0, 0.0, 0.0)",True
1817,,"(0, 0, 0, 0, 0)","(0.0, 0.0, 0.0, 0.0, 0.0)",True
1818,,"(0, 0, 0, 0, 0)","(0.0, 0.0, 0.0, 0.0, 0.0)",True
1819,,"(0, 0, 0, 0, 0)","(0.0, 0.0, 0.0, 0.0, 0.0)",True
1820,,"(0, 0, 0, 0, 0)","(0.0, 0.0, 0.0, 0.0, 0.0)",True
1821,,"(0, 0, 0, 0, 0)","(0.0, 0.0, 0.0, 0.0, 0.0)",True
1822,,"(0, 0, 0, 0, 0)","(0.0, 0.0, 0.0, 0.0, 0.0)",True
1823,,"(0, 0, 0, 0, 0)","(0.0, 0.0, 0.0, 0.0, 0.0)",True
1824,,"(0, 0, 0, 0, 0)","(0.0, 0.0, 0.0, 0.0, 0.0)",True
1825,,"(0, 0, 0, 0, 0)","(0.0, 0.0, 0.0, 0.0, 0.0)",True
1826,,"(0, 0, 0, 0, 0)","(0.0, 0.0, 0.0, 0.0, 0.0)",True
1827,,"(0, 0, 0, 0, 0)","(0.0, 0.0, 0.0, 0.0, 0.0)",True
1828,,"(0, 0, 0, 0, 0)","(0.0, 0.0, 0.0, 0.0, 0.0)",True
1829,,"(0, 0, 0, 0, 0)","(0.0, 0.0, 0.0, 0.0, 0.0)",True
1830,,"(0, 0, 0, 0, 0)","(0.0, 0.0, 0.0, 0.0, 0.0)",True
1831,,"(0, 0, 0, 0, 0)","(0.0, 0.0, 0.0, 0.0, 0.0)",True
1832,,"(0, 0, 0, 0, 0)","(0.0, 0.0, 0.0, 0.0, 0.0)",True
1833,,"(0, 0, 0, 0, 0)","(0.0, 0.0, 0.0, 0.0, 0.0)",True
1834,,"(0, 0, 0, 0, 0)","(0.0, 0.0, 0.0, 0.0, 0.0)",True
1835,,"(0, 0, 0, 0, 0)","(0.0, 0.0, 0.0, 0.0, 0.0)",True
1836,,"(0, 0, 0, 0, 0)","(0.0, 0.0, 0.0, 0.0, 0.0)",True
1837,,"(0, 0, 0, 0, 0)","(0.0, 0.0, 0.0, 0.0, 0.0)",True
1838,,"(0, 0, 0, 0, 0)","(0.0, 0.0, 0.0, 0.0, 0.0)",True
1839,,"(0, 0, 0, 0, 0)","(0.0, 0.0, 0.0, 0.0, 0.0)",True
1840,,"(0, 0, 0, 0, 0)","(0.0, 0.0, 0.0, 0.0, 0.0)",True
1841,,"(0, 0, 0, 0, 0)","(0.0, 0.0, 0.0, 0.0, 0.0)",True
1842,,"(0, 0, 0, 0, 0)","(0.0, 0.0, 0.0, 0.0, 0.0)",True
1843,,"(0, 0, 0, 0, 0)","(0.0, 0.0, 0.0, 0.0, 0.0)",True
1844,,"(0, 0, 0, 0, 0)","(0.0, 0.0, 0.0, 0.0, 0.0)",True
1845,,"(0, 0, 0, 0, 0)","(0.0, 0.0, 0.0, 0.0, 0.0)",True
1846,,"(0, 0, 0, 0, 0)","(0.0, 0.0, 0.0, 0.0, 0.0)",True
1847,,"(0, 0, 0, 0, 0)","(0.0, 0.0, 0.0, 0.0, 0.0)",True
1848,,"(0, 0, 0, 0, 0)","(0.0, 0.0, 0.0, 0.0, 0.0)",True
1849,,"(0, 0, 0, 0, 0)","(0.0, 0.0, 0.0, 0.0, 0.0)",True
1850,,"(0, 0, 0, 0, 0)","(0.0, 0.0, 0.0, 0.0, 0.0)",True
1851,,"(0, 0, 0, 0, 0)","(0.0, 0.0, 0.0, 0.0, 0.0)",True
1852,,"(0, 0, 0, 0, 0)","(0.0, 0.0, 0.0, 0.0, 0.0)",True
1853,,"(0, 0, 0, 0, 0)","(0.0, 0.0, 0.0, 0.0, 0.0)",True
1854,,"(0, 0, 0, 0, 0)","(0.0, 0.0, 0.0, 0.0, 0.0)",True
1855,,"(0, 0, 0, 0, 0)","(0.0, 0.0, 0.0, 0.0, 0.0)",True
1856,,"(0, 0, 0, 0, 0)","(0.0, 0.0, 0.0, 0.0, 0.0)",True
1857,,"(0, 0, 0, 0, 0)","(0.0, 0.0, 0.0, 0.0, 0.0)",True
1858,,"(0, 0, 0, 0, 0)","(0.0, 0.0, 0.0, 0.0, 0.0)",True
1859,,"(0, 0, 0, 0, 0)","(0.0, 0.0, 0.0, 0.0, 0.0)",True
1860,,"(0, 0, 0, 0, 0)","(0.0, 0.0, 0.0, 0.0, 0.0)",True
1861,,"(0, 0, 0, 0, 0)","(0.0, 0.0, 0.0, 0.0, 0.0)",True
1862,,"(0, 0, 0, 0, 0)","(0.0, 0.0, 0.0, 0.0, 0.0)",True
1863,,"(0, 0, 0, 0, 0)","(0.0, 0.0, 0.0, 0.0, 0.0)",True
1864,,"(0, 0, 0, 0, 0)","(0.0, 0.0, 0.0, 0.0, 0.0)",True
1865,,"(0, 0, 0, 0, 0)","(0.0, 0.0, 0.0, 0.0, 0.0)",True
1866,,"(0, 0, 0, 0, 0)","(0.0, 0.0, 0.0, 0.0, 0.0)",True
1867,,"(0, 0, 0, 0, 0)","(0.0, 0.0, 0.0, 0.0, 0.0)",True
1868,,"(0, 0, 0, 0, 0)","(0.0, 0.0, 0.0, 0.0, 0.0)",True
1869,,"(0, 0, 0, 0, 0)","(0.0, 0.0, 0.0, 0.0, 0.0)",True
1870,,"(0, 0, 0, 0, 0)","(0.0, 0.0, 0.0, 0.0, 0.0)",True
1871,,"(0, 0, 0, 0, 0)","(0.0, 0.0, 0.0, 0.0, 0.0)",True
1872,,"(0, 0, 0, 0, 0)","(0.0, 0.0, 0.0, 0.0, 0.0)",True
1873,,"(0, 0, 0, 0, 0)","(0.0, 0.0, 0.0, 0.0, 0.0)",True
1874,,"(0, 0, 0, 0, 0)","(0.0, 0.0, 0.0, 0.0, 0.0)",True
1875,,"(0, 0, 0, 0, 0)","(0.0, 0.0, 0.0, 0.0, 0.0)",True
1876,,"(0, 0, 0, 0, 0)","(0.0, 0.0, 0.0, 0.0, 0.0)",True
1877,,"(0, 0, 0, 0, 0)","(0.0, 0.0, 0.0, 0.0, 0.0)",True
1878,,"(0, 0, 0, 0, 0)","(0.0, 0.0, 0.0, 0.0, 0.0)",True
1879,,"(0, 0, 0, 0, 0)","(0.0, 0.0, 0.0, 0.0, 0.0)",True
1880,,"(0, 0, 0, 0, 0)","(0.0, 0.0, 0.0, 0.0, 0.0)",True
1881,,"(0, 0, 0, 0, 0)","(0.0, 0.0, 0.0, 0.0, 0.0)",True
1882,,"(0, 0, 0, 0, 0)","(0.0, 0.0, 0.0, 0.0, 0.0)",True
1883,,"(0, 0, 0, 0, 0)","(0.0, 0.0, 0.0, 0.0, 0.0)",True
1884,,"(0, 0, 0, 0, 0)","(0.0, 0.0, 0.0, 0.0, 0.0)",True
1885,,"(0, 0, 0, 0, 0)","(0.0, 0.0, 0.0, 0.0, 0.0)",True
1886,,"(0, 0, 0, 0, 0)","(0.0, 0.0, 0.0, 0.0, 0.0)",True
1887,,"(0, 0, 0, 0, 0)","(0.0, 0.0, 0.0, 0.0, 0.0)",True
1888,,"(0, 0, 0, 0, 0)","(0.0, 0.0, 0.0, 0.0, 0.0)",True
1889,,"(0, 0, 0, 0, 0)","(0.0, 0.0, 0.0, 0.0, 0.0)",True
1890,,"(0, 0, 0, 0, 0)","(0.0, 0.0, 0.0, 0.0, 0.0)",True
1891,,"(0, 0, 0, 0, 0)","(0.0, 0.0, 0.0, 0.0, 0.0)",True
1892,,"(0, 0, 0, 0, 0)","(0.0, 0.0, 0.0, 0.0, 0.0)",True
1893,,"(0, 0, 0, 0, 0)","(0.0, 0.0, 0.0, 0.0, 0.0)",True
1894,,"(0, 0, 0, 0, 0)","(0.0, 0.0, 0.0, 0.0, 0.0)",True
1895,,"(0, 0, 0, 0, 0)","(0.0, 0.0, 0.0, 0.0, 0.0)",True
1896,,"(0, 0, 0, 0, 0)","(0.0, 0.0, 0.0, 0.0, 0.0)",True
1897,,"(0, 0, 0, 0, 0)","(0.0, 0.0, 0.0, 0.0, 0.0)",True
1898,,"(0, 0, 0, 0, 0)","(0.0, 0.0, 0.0, 0.0, 0.0)",True
1899,,"(0, 0, 0, 0, 0)","(0.0, 0.0, 0.0, 0.0, 0.0)",True
1900,,"(0, 0, 0, 0, 0)","(0.0, 0.0, 0.0, 0.0, 0.0)",True
1901,,"(0, 0, 0, 0, 0)","(0.0, 0.0, 0.0, 0.0, 0.0)",True
1902,,"(0, 0, 0, 0, 0)","(0.0, 0.0, 0.0, 0.0, 0.0)",True
1903,,"(0, 0, 0, 0, 0)","(0.0, 0.0, 0.0, 0.0, 0.0)",True
1904,,"(0, 0, 0, 0, 0)","(0.0, 0.0, 0.0, 0.0, 0.0)",True
1905,,"(0, 0, 0, 0, 0)","(0.0, 0.0, 0.0, 0.0, 0.0)",True
1906,,"(0, 0, 0, 0, 0)","(0.0, 0.0, 0.0, 0.0, 0.0)",True
1907,,"(0, 0, 0, 0, 0)","(0.0, 0.0, 0.0, 0.0, 0.0)",True
1908,,"(0, 0, 0, 0, 0)","(0.0, 0.0, 0.0, 0.0, 0.0)",True
1909,,"(0, 0, 0, 0, 0)","(0.0, 0.0, 0.0, 0.0, 0.0)",True
1910,,"(0, 0, 0, 0, 0)","(0.0, 0.0, 0.0, 0.0, 0.0)",True
1911,,"(0, 0, 0, 0, 0)","(0.0, 0.0, 0.0, 0.0, 0.0)",True
1912,,"(0, 0, 0, 0, 0)","(0.0, 0.0, 0.0, 0.0, 0.0)",True
1913,,"(0, 0, 0, 0, 0)","(0.0, 0.0, 0.0, 0.0, -1.0)",False
1914,,"(0, 0, 0, -1, 0)","(0.0, 0.0, 0.0, -1.0, 0.0)",True
1915,,"(0, 0, -1, 0, 0)","(0.0, 0.0, -1.0, 0.0, 0.0)",True
1916,,"(0, -1, 0, 0, 0)","(0.0, -1.0, 0.0, 0.0, 0.0)",True
1917,,"(-1, 0, 0, 0, 0)","(-1.0, 0.0, 0.0, 0.0, 0.0)",True
1918,,"(0, 0, 0, 0, 0)","(0.0, 0.0, 0.0, 0.0, -0.0)",True
1919,,"(0, 0, 0, 0, 0)","(0.0, 0.0, 0.0, -0.0, -0.0)",True
1920,,"(0, 0, 0, 0, 0)","(0.0, 0.0, -0.0, -0.0, 0.0)",True
1921,,"(0, 0, 0, 0, 0)","(0.0, -0.0, -0.0, 0.0, 0.0)",True
1922,,"(0, 0, 0, 0, 0)","(-0.0, -0.0, 0.0, 0.0, 0.0)",True
1923,,"(0, 0, 0, 0, 0)","(-0.0, 0.0, 0.0, 0.0, 0.0)",True
1924,,"(0, 0, 0, 0, 0)","(0.0, 0.0, 0.0, 0.0, 0.0)",True
1925,,"(0, 0, 0, 0, 0)","(0.0, 0.0, 0.0, 0.0, 0.0)",True
1926,,"(0, 0, 0, 0, 0)","(0.0, 0.0, 0.0, 0.0, 0.0)",True
1927,,"(0, 0, 0, 0, 0)","(0.0, 0.0, 0.0, 0.0, 0.0)",True
1928,,"(0, 0, 0, 0, 0)","(0.0, 0.0, 0.0, 0.0, 0.0)",True
1929,,"(0, 0, 0, 0, 0)","(0.0, 0.0, 0.0, 0.0, 0.0)",True
1930,,"(0, 0, 0, 0, 0)","(0.0, 0.0, 0.0, 0.0, 0.0)",True
1931,,"(0, 0, 0, 0, 0)","(0.0, 0.0, 0.0, 0.0, 0.0)",True
1932,,"(0, 0, 0, 0, 0)","(0.0, 0.0, 0.0, 0.0, 0.0)",True
1933,,"(0, 0, 0, 0, 0)","(0.0, 0.0, 0.0, 0.0, 0.0)",True
1934,,"(0, 0, 0, 0, 0)","(0.0, 0.0, 0.0, 0.0, 0.0)",True
1935,,"(0, 0, 0, 0, 0)","(0.0, 0.0, 0.0, 0.0, -0.0)",True
1936,,"(0, 0, 0, 0, 0)","(0.0, 0.0, 0.0, -0.0, 0.0)",True
1937,,"(0, 0, 0, 0, 0)","(0.0, 0.0, -0.0, 0.0, 0.0)",True
1938,,"(0, 0, 0, 0, 0)","(0.0, -0.0, 0.0, 0.0, 0.0)",True
1939,,"(0, 0, 0, 0, 0)","(-0.0, 0.0, 0.0, 0.0, 0.0)",True
1940,,"(0, 0, 0, 0, 0)","(0.0, 0.0, 0.0, 0.0, 0.0)",True
1941,,"(0, 0, 0, 0, 0)","(0.0, 0.0, 0.0, 0.0, 0.0)",True
1942,,"(0, 0, 0, 0, 0)","(0.0, 0.0, 0.0, 0.0, 0.0)",True
1943,,"(0, 0, 0, 0, 0)","(0.0, 0.0, 0.0, 0.0, 0.0)",True
1944,,"(0, 0, 0, 0, 0)","(0.0, 0.0, 0.0, 0.0, 0.0)",True
1945,,"(0, 0, 0, 0, 0)","(0.0, 0.0, 0.0, 0.0, 0.0)",True
1946,,"(0, 0, 0, 0, 0)","(0.0, 0.0, 0.0, 0.0, 0.0)",True
1947,,"(0, 0, 0, 0, 0)","(0.0, 0.0, 0.0, 0.0, 0.0)",True
1948,,"(0, 0, 0, 0, 0)","(0.0, 0.0, 0.0, 0.0, 0.0)",True
1949,,"(0, 0, 0, 0, 0)","(0.0, 0.0, 0.0, 0.0, 0.0)",True
1950,,"(0, 0, 0, 0, 0)","(0.0, 0.0, 0.0, 0.0, 0.0)",True
1951,,"(0, 0, 0, 0, 0)","(0.0, 0.0, 0.0, 0.0, 0.0)",True
1952,,"(0, 0, 0, 0, 0)","(0.0, 0.0, 0.0, 0.0, 0.0)",True
1953,,"(0, 0, 0, 0, 0)","(0.0, 0.0, 0.0, 0.0, 0.0)",True
1954,,"(0, 0, 0, 0, 0)","(0.0, 0.0, 0.0, 0.0, 0.0)",True
1955,,"(0, 0, 0, 0, 0)","(0.0, 0.0, 0.0, 0.0, 0.0)",True
1956,,"(0, 0, 0, 0, 0)","(0.0, 0.0, 0.0, 0.0, 0.0)",True
1957,,"(0, 0, 0, 0, 0)","(0.0, 0.0, 0.0, 0.0, 0.0)",True
1958,,"(0, 0, 0, 0, 0)","(0.0, 0.0, 0.0, 0.0, 0.0)",True
1959,,"(0, 0, 0, 0, 0)","(0.0, 0.0, 0.0, 0.0, 0.0)",True
1960,,"(0, 0, 0, 0, 0)","(0.0, 0.0, 0.0, 0.0, 0.0)",True
1961,,"(0, 0, 0, 0, 0)","(0.0, 0.0, 0.0, 0.0, 0.0)",True
1962,,"(0, 0, 0, 0, 0)","(0.0, 0.0, 0.0, 0.0, 0.0)",True
1963,,"(0, 0, 0, 0, 0)","(0.0, 0.0, 0.0, 0.0, 0.0)",True
1964,,"(0, 0, 0, 0, 0)","(0.0, 0.0, 0.0, 0.0, 0.0)",True
1965,,"(0, 0, 0, 0, 0)","(0.0, 0.0, 0.0, 0.0, 0.0)",True
1966,,"(0, 0, 0, 0, 0)","(0.0, 0.0, 0.0, 0.0, 0.0)",True
1967,,"(0, 0, 0, 0, 0)","(0.0, 0.0, 0.0, 0.0, 0.0)",True
1968,,"(0, 0, 0, 0, 0)","(0.0, 0.0, 0.0, 0.0, 0.0)",True
1969,,"(0, 0, 0, 0, 0)","(0.0, 0.0, 0.0, 0.0, 0.0)",True
1970,,"(0, 0, 0, 0, 0)","(0.0, 0.0, 0.0, 0.0, 0.0)",True
1971,,"(0, 0, 0, 0, 0)","(0.0, 0.0, 0.0, 0.0, 0.0)",True
1972,,"(0, 0, 0, 0, 0)","(0.0, 0.0, 0.0, 0.0, 0.0)",True
1973,,"(0, 0, 0, 0, 0)","(0.0, 0.0, 0.0, 0.0, 0.0)",True
1974,,"(0, 0, 0, 0, 0)","(0.0, 0.0, 0.0, 0.0, 0.0)",True
1975,,"(0, 0, 0, 0, 0)","(0.0, 0.0, 0.0, 0.0, 0.0)",True
1976,,"(0, 0, 0, 0, 0)","(0.0, 0.0, 0.0, 0.0, 0.0)",True
1977,,"(0, 0, 0, 0, 0)","(0.0, 0.0, 0.0, 0.0, 0.0)",True
1978,,"(0, 0, 0, 0, 0)","(0.0, 0.0, 0.0, 0.0, 0.0)",True
1979,,"(0, 0, 0, 0, 0)","(0.0, 0.0, 0.0, 0.0, 0.0)",True
1980,,"(0, 0, 0, 0, 0)","(0.0, 0.0, 0.0, 0.0, 0.0)",True
1981,,"(0, 0, 0, 0, 0)","(0.0, 0.0, 0.0, 0.0, 0.0)",True
1982,,"(0, 0, 0, 0, 0)","(0.0, 0.0, 0.0, 0.0, 0.0)",True
1983,,"(0, 0, 0, 0, 0)","(0.0, 0.0, 0.0, 0.0, 0.0)",True
1984,,"(0, 0, 0, 0, 0)","(0.0, 0.0, 0.0, 0.0, 0.0)",True
1985,,"(0, 0, 0, 0, 0)","(0.0, 0.0, 0.0, 0.0, 0.0)",True
1986,,"(0, 0, 0, 0, 0)","(0.0, 0.0, 0.0, 0.0, 0.0)",True
1987,,"(0, 0, 0, 0, 0)","(0.0, 0.0, 0.0, 0.0, 0.0)",True
1988,,"(0, 0, 0, 0, 0)","(0.0, 0.0, 0.0, 0.0, 0.0)",True
1989,,"(0, 0, 0, 0, 0)","(0.0, 0.0, 0.0, 0.0, 0.0)",True
1990,,"(0, 0, 0, 0, 0)","(0.0, 0.0, 0.0, 0.0, 0.0)",True
1991,,"(0, 0, 0, 0, 0)","(0.0, 0.0, 0.0, 0.0, 0.0)",True
1992,,"(0, 0, 0, 0, 0)","(0.0, 0.0, 0.0, 0.0, 0.0)",True
1993,,"(0, 0, 0, 0, 0)","(0.0, 0.0, 0.0, 0.0, 0.0)",True
1994,,"(0, 0, 0, 0, 0)","(0.0, 0.0, 0.0, 0.0, 0.0)",True
1995,,"(0, 0, 0, 0, 0)","(0.0, 0.0, 0.0, 0.0, 0.0)",True
1996,,"(0, 0, 0, 0, 0)","(0.0, 0.0, 0.0, 0.0, 0.0)",True
1997,,"(0, 0, 0, 0, 0)","(0.0, 0.0, 0.0, 0.0, 0.0)",True
1998,,"(0, 0, 0, 0, 0)","(0.0, 0.0, 0.0, 0.0, 0.0)",True
1999,,"(0, 0, 0, 0, 0)","(0.0, 0.0, 0.0, 0.0, 0.0)",True
2000,,"(0, 0, 0, 0, 0)","(0.0, 0.0, 0.0, 0.0, 0.0)",True
2001,,"(0, 0, 0, 0, 0)","(0.0, 0.0, 0.0, 0.0, 0.0)",True
2002,,"(0, 0, 0, 0, 0)","(0.0, 0.0, 0.0, 0.0, 0.0)",True
2003,,"(0, 0, 0, 0, 0)","(0.0, 0.0, 0.0, 0.0, 0.0)",True
2004,,"(0, 0, 0, 0, 0)","(0.0, 0.0, 0.0, 0.0, 0.0)",True
2005,,"(0, 0, 0, 0, 0)","(0.0, 0.0, 0.0, 0.0, 0.0)",True
2006,,"(0, 0, 0, 0, 0)","(0.0, 0.0, 0.0, 0.0, 0.0)",True
2007,,"(0, 0, 0, 0, 0)","(0.0, 0.0, 0.0, 0.0, 0.0)",True
2008,,"(0, 0, 0, 0, 0)","(0.0, 0.0, 0.0, 0.0, 0.0)",True
2009,,"(0, 0, 0, 0, 0)","(0.0, 0.0, 0.0, 0.0, 0.0)",True
2010,,"(0, 0, 0, 0, 0)","(0.0, 0.0, 0.0, 0.0, 0.0)",True
2011,,"(0, 0, 0, 0, 0)","(0.0, 0.0, 0.0, 0.0, 0.0)",True
2012,,"(0, 0, 0, 0, 0)","(0.0, 0.0, 0.0, 0.0, 0.0)",True
2013,,"(0, 0, 0, 0, 0)","(0.0, 0.0, 0.0, 0.0, 0.0)",True
2014,,"(0, 0, 0, 0, 0)","(0.0, 0.0, 0.0, 0.0, 0.0)",True
2015,,"(0, 0, 0, 0, 0)","(0.0, 0.0, 0.0, 0.0, 0.0)",True
2016,,"(0, 0, 0, 0, 0)","(0.0, 0.0, 0.0, 0.0, 0.0)",True
2017,,"(0, 0, 0, 0, 0)","(0.0, 0.0, 0.0, 0.0, 0.0)",True
2018,,"(0, 0, 0, 0, 0)","(0.0, 0.0, 0.0, 0.0, 0.0)",True
2019,,"(0, 0, 0, 0, 0)","(0.0, 0.0, 0.0, 0.0, 0.0)",True
2020,,"(0, 0, 0, 0, 0)","(0.0, 0.0, 0.0, 0.0, 0.0)",True
2021,,"(0, 0, 0, 0, 0)","(0.0, 0.0, 0.0, 0.0, 0.0)",True
2022,,"(0, 0, 0, 0, 0)","(0.0, 0.0, 0.0, 0.0, 0.0)",True
2023,,"(0, 0, 0, 0, 0)","(0.0, 0.0, 0.0, 0.0, 0.0)",True
2024,,"(0, 0, 0, 0, 0)","(0.0, 0.0, 0.0, 0.0, 0.0)",True
2025,,"(0, 0, 0, 0, 0)","(0.0, 0.0, 0.0, 0.0, 0.0)",True
2026,,"(0, 0, 0, 0, 0)","(0.0, 0.0, 0.0, 0.0, 0.0)",True
2027,,"(0, 0, 0, 0, 0)","(0.0, 0.0, 0.0, 0.0, 0.0)",True
2028,,"(0, 0, 0, 0, 0)","(0.0, 0.0, 0.0, 0.0, 0.0)",True
2029,,"(0, 0, 0, 0, 0)","(0.0, 0.0, 0.0, 0.0, 0.0)",True
2030,,"(0, 0, 0, 0, 0)","(0.0, 0.0, 0.0, 0.0, 0.0)",True
2031,,"(0, 0, 0, 0, 0)","(0.0, 0.0, 0.0, 0.0, 0.0)",True
2032,,"(0, 0, 0, 0, 0)","(0.0, 0.0, 0.0, 0.0, 0.0)",True
2033,,"(0, 0, 0, 0, 0)","(0.0, 0.0, 0.0, 0.0, 0.0)",True
2034,,"(0, 0, 0, 0, 0)","(0.0, 0.0, 0.0, 0.0, 0.0)",True
2035,,"(0, 0, 0, 0, 0)","(0.0, 0.0, 0.0, 0.0, 0.0)",True
2036,,"(0, 0, 0, 0, 0)","(0.0, 0.0, 0.0, 0.0, -0.0)",True
2037,,"(0, 0, 0, 0, 0)","(0.0, 0.0, 0.0, -0.0, 0.0)",True
2038,,"(0, 0, 0, 0, 0)","(0.0, 0.0, -0.0, 0.0, 0.0)",True
2039,,"(0, 0, 0, 0, 0)","(0.0, -0.0, 0.0, 0.0, 0.0)",True
2040,,"(0, 0, 0, 0, 0)","(-0.0, 0.0, 0.0, 0.0, 0.0)",True
2041,,"(0, 0, 0, 0, 0)","(0.0, 0.0, 0.0, 0.0, 0.0)",True
2042,,"(0, 0, 0, 0, 0)","(0.0, 0.0, 0.0, 0.0, 0.0)",True
2043,,"(0, 0, 0, 0, 0)","(0.0, 0.0, 0.0, 0.0, 0.0)",True
2044,,"(0, 0, 0, 0, 0)","(0.0, 0.0, 0.0, 0.0, 0.0)",True
2045,,"(0, 0, 0, 0, 0)","(0.0, 0.0, 0.0, 0.0, 0.0)",True
2046,,"(0, 0, 0, 0, 0)","(0.0, 0.0, 0.0, 0.0, 0.0)",True
2047,,"(0, 0, 0, 0, 0)","(0.0, 0.0, 0.0, 0.0, 0.0)",True
2048,,"(0, 0, 0, 0, 0)","(0.0, 0.0, 0.0, 0.0, 0.0)",True
2049,,"(0, 0, 0, 0, 0)","(0.0, 0.0, 0.0, 0.0, 0.0)",True
2050,,"(0, 0, 0, 0, 0)","(0.0, 0.0, 0.0, 0.0, 0.0)",True
2051,,"(0, 0, 0, 0, 0)","(0.0, 0.0, 0.0, 0.0, 0.0)",True
2052,,"(0, 0, 0, 0, 0)","(0.0, 0.0, 0.0, 0.0, 0.0)",True
2053,,"(0, 0, 0, 0, 0)","(0.0, 0.0, 0.0, 0.0, 0.0)",True
2054,,"(0, 0, 0, 0, 0)","(0.0, 0.0, 0.0, 0.0, 0.0)",True
2055,,"(0, 0, 0, 0, 0)","(0.0, 0.0, 0.0, 0.0, 0.0)",True
2056,,"(0, 0, 0, 0, 0)","(0.0, 0.0, 0.0, 0.0, 0.0)",True
2057,,"(0, 0, 0, 0, 0)","(0.0, 0.0, 0.0, 0.0, 0.0)",True
2058,,"(0, 0, 0, 0, 0)","(0.0, 0.0, 0.0, 0.0, 0.0)",True
2059,,"(0, 0, 0, 0, 0)","(0.0, 0.0, 0.0, 0.0, 0.0)",True
2060,,"(0, 0, 0, 0, 0)","(0.0, 0.0, 0.0, 0.0, 0.0)",True
2061,,"(0, 0, 0, 0, 0)","(0.0, 0.0, 0.0, 0.0, 0.0)",True
2062,,"(0, 0, 0, 0, 0)","(0.0, 0.0, 0.0, 0.0, 0.0)",True
2063,,"(0, 0, 0, 0, 0)","(0.0, 0.0, 0.0, 0.0, 0.0)",True
2064,,"(0, 0, 0, 0, 0)","(0.0, 0.0, 0.0, 0.0, 0.0)",True
2065,,"(0, 0, 0, 0, 0)","(0.0, 0.0, 0.0, 0.0, 0.0)",True
2066,,"(0, 0, 0, 0, 0)","(0.0, 0.0, 0.0, 0.0, 0.0)",True
2067,,"(0, 0, 0, 0, 0)","(0.0, 0.0, 0.0, 0.0, 0.0)",True
2068,,"(0, 0, 0, 0, 0)","(0.0, 0.0, 0.0, 0.0, 0.0)",True
2069,,"(0, 0, 0, 0, 0)","(0.0, 0.0, 0.0, 0.0, 0.0)",True
2070,,"(0, 0, 0, 0, 0)","(0.0, 0.0, 0.0, 0.0, 0.0)",True
2071,,"(0, 0, 0, 0, 0)","(0.0, 0.0, 0.0, 0.0, 0.0)",True
2072,,"(0, 0, 0, 0, 0)","(0.0, 0.0, 0.0, 0.0, 0.0)",True
2073,,"(0, 0, 0, 0, 0)","(0.0, 0.0, 0.0, 0.0, 0.0)",True
2074,,"(0, 0, 0, 0, 0)","(0.0, 0.0, 0.0, 0.0, 0.0)",True
2075,,"(0, 0, 0, 0, 0)","(0.0, 0.0, 0.0, 0.0, 0.0)",True
2076,,"(0, 0, 0, 0, 0)","(0.0, 0.0, 0.0, 0.0, 0.0)",True
2077,,"(0, 0, 0, 0, 0)","(0.0, 0.0, 0.0, 0.0, 0.0)",True
2078,,"(0, 0, 0, 0, 0)","(0.0, 0.0, 0.0, 0.0, 0.0)",True
2079,,"(0, 0, 0, 0, 0)","(0.0, 0.0, 0.0, 0.0, 0.0)",True
2080,,"(0, 0, 0, 0, 0)","(0.0, 0.0, 0.0, 0.0, 0.0)",True
2081,,"(0, 0, 0, 0, 0)","(0.0, 0.0, 0.0, 0.0, 0.0)",True
2082,,"(0, 0, 0, 0, 0)","(0.0, 0.0, 0.0, 0.0, 0.0)",True
2083,,"(0, 0, 0, 0, 0)","(0.0, 0.0, 0.0, 0.0, 0.0)",True
2084,,"(0, 0, 0, 0, 0)","(0.0, 0.0, 0.0, 0.0, 0.0)",True
2085,,"(0, 0, 0, 0, 0)","(0.0, 0.0, 0.0, 0.0, 0.0)",True
2086,,"(0, 0, 0, 0, 0)","(0.0, 0.0, 0.0, 0.0, 0.0)",True
2087,,"(0, 0, 0, 0, 0)","(0.0, 0.0, 0.0, 0.0, 0.0)",True
2088,,"(0, 0, 0, 0, 0)","(0.0, 0.0, 0.0, 0.0, 0.0)",True
2089,,"(0, 0, 0, 0, 0)","(0.0, 0.0, 0.0, 0.0, 0.0)",True
2090,,"(0, 0, 0, 0, 0)","(0.0, 0.0, 0.0, 0.0, 0.0)",True
2091,,"(0, 0, 0, 0, 0)","(0.0, 0.0, 0.0, 0.0, 0.0)",True
2092,,"(0, 0, 0, 0, 0)","(0.0, 0.0, 0.0, 0.0, 0.0)",True
2093,,"(0, 0, 0, 0, 0)","(0.0, 0.0, 0.0, 0.0, 0.0)",True
2094,,"(0, 0, 0, 0, 0)","(0.0, 0.0, 0.0, 0.0, 0.0)",True
2095,,"(0, 0, 0, 0, 0)","(0.0, 0.0, 0.0, 0.0, 0.0)",True
2096,,"(0, 0, 0, 0, 0)","(0.0, 0.0, 0.0, 0.0, 0.0)",True
2097,,"(0, 0, 0, 0, 0)","(0.0, 0.0, 0.0, 0.0, 0.0)",True
2098,,"(0, 0, 0, 0, 0)","(0.0, 0.0, 0.0, 0.0, 0.0)",True
2099,,"(0, 0, 0, 0, 0)","(0.0, 0.0, 0.0, 0.0, 0.0)",True
2100,,"(0, 0, 0, 0, 0)","(0.0, 0.0, 0.0, 0.0, 0.0)",True
2101,,"(0, 0, 0, 0, 0)","(0.0, 0.0, 0.0, 0.0, 0.0)",True
2102,,"(0, 0, 0, 0, 0)","(0.0, 0.0, 0.0, 0.0, 0.0)",True
2103,,"(0, 0, 0, 0, 0)","(0.0, 0.0, 0.0, 0.0, 0.0)",True
2104,,"(0, 0, 0, 0, 0)","(0.0, 0.0, 0.0, 0.0, 0.0)",True
2105,,"(0, 0, 0, 0, 0)","(0.0, 0.0, 0.0, 0.0, 0.0)",True
2106,,"(0, 0, 0, 0, 0)","(0.0, 0.0, 0.0, 0.0, 0.0)",True
2107,,"(0, 0, 0, 0, 0)","(0.0, 0.0, 0.0, 0.0, 0.0)",True
2108,,"(0, 0, 0, 0, 0)","(0.0, 0.0, 0.0, 0.0, 0.0)",True
2109,,"(0, 0, 0, 0, 0)","(0.0, 0.0, 0.0, 0.0, 0.0)",True
2110,,"(0, 0, 0, 0, 0)","(0.0, 0.0, 0.0, 0.0, 0.0)",True
2111,,"(0, 0, 0, 0, 0)","(0.0, 0.0, 0.0, 0.0, 0.0)",True
2112,,"(0, 0, 0, 0, 0)","(0.0, 0.0, 0.0, 0.0, 0.0)",True
2113,,"(0, 0, 0, 0, 0)","(0.0, 0.0, 0.0, 0.0, 0.0)",True
2114,,"(0, 0, 0, 0, 0)","(0.0, 0.0, 0.0, 0.0, 0.0)",True
2115,,"(0, 0, 0, 0, 0)","(0.0, 0.0, 0.0, 0.0, 0.0)",True
2116,,"(0, 0, 0, 0, 0)","(0.0, 0.0, 0.0, 0.0, 0.0)",True
2117,,"(0, 0, 0, 0, 0)","(0.0, 0.0, 0.0, 0.0, 0.0)",True
2118,,"(0, 0, 0, 0, 0)","(0.0, 0.0, 0.0, 0.0, 0.0)",True
2119,,"(0, 0, 0, 0, 0)","(0.0, 0.0, 0.0, 0.0, 0.0)",True
2120,,"(0, 0, 0, 0, 0)","(0.0, 0.0, 0.0, 0.0, 0.0)",True
2121,,"(0, 0, 0, 0, 0)","(0.0, 0.0, 0.0, 0.0, 0.0)",True
2122,,"(0, 0, 0, 0, 0)","(0.0, 0.0, 0.0, 0.0, 0.0)",True
2123,,"(0, 0, 0, 0, 0)","(0.0, 0.0, 0.0, 0.0, 0.0)",True
2124,,"(0, 0, 0, 0, 0)","(0.0, 0.0, 0.0, 0.0, 0.0)",True
2125,,"(0, 0, 0, 0, 0)","(0.0, 0.0, 0.0, 0.0, 0.0)",True
2126,,"(0, 0, 0, 0, 0)","(0.0, 0.0, 0.0, 0.0, 0.0)",True
2127,,"(0, 0, 0, 0, 0)","(0.0, 0.0, 0.0, 0.0, 0.0)",True
2128,,"(0, 0, 0, 0, 0)","(0.0, 0.0, 0.0, 0.0, 0.0)",True
2129,,"(0, 0, 0, 0, 0)","(0.0, 0.0, 0.0, 0.0, 0.0)",True
2130,,"(0, 0, 0, 0, 0)","(0.0, 0.0, 0.0, 0.0, 0.0)",True
2131,,"(0, 0, 0, 0, 0)","(0.0, 0.0, 0.0, 0.0, 0.0)",True
2132,,"(0, 0, 0, 0, 0)","(0.0, 0.0, 0.0, 0.0, 0.0)",True
2133,,"(0, 0, 0, 0, 0)","(0.0, 0.0, 0.0, 0.0, 0.0)",True
2134,,"(0, 0, 0, 0, 0)","(0.0, 0.0, 0.0, 0.0, 0.0)",True
2135,,"(0, 0, 0, 0, 0)","(0.0, 0.0, 0.0, 0.0, 0.0)",True
2136,,"(0, 0, 0, 0, 0)","(0.0, 0.0, 0.0, 0.0, 0.0)",True
2137,,"(0, 0, 0, 0, 0)","(0.0, 0.0, 0.0, 0.0, 0.0)",True
2138,,"(0, 0, 0, 0, 0)","(0.0, 0.0, 0.0, 0.0, 0.0)",True
2139,,"(0, 0, 0, 0, 0)","(0.0, 0.0, 0.0, 0.0, 0.0)",True
2140,,"(0, 0, 0, 0, 0)","(0.0, 0.0, 0.0, 0.0, 0.0)",True
2141,,"(0, 0, 0, 0, 0)","(0.0, 0.0, 0.0, 0.0, 0.0)",True
2142,,"(0, 0, 0, 0, 0)","(0.0, 0.0, 0.0, 0.0, 0.0)",True
2143,,"(0, 0, 0, 0, 0)","(0.0, 0.0, 0.0, 0.0, 0.0)",True
2144,,"(0, 0, 0, 0, 0)","(0.0, 0.0, 0.0, 0.0, 0.0)",True
2145,,"(0, 0, 0, 0, 0)","(0.0, 0.0, 0.0, 0.0, 0.0)",True
2146,,"(0, 0, 0, 0, 0)","(0.0, 0.0, 0.0, 0.0, 0.0)",True
2147,,"(0, 0, 0, 0, 0)","(0.0, 0.0, 0.0, 0.0, 0.0)",True
2148,,"(0, 0, 0, 0, 0)","(0.0, 0.0, 0.0, 0.0, 0.0)",True
2149,,"(0, 0, 0, 0, 0)","(0.0, 0.0, 0.0, 0.0, 0.0)",True
2150,,"(0, 0, 0, 0, 0)","(0.0, 0.0, 0.0, 0.0, 0.0)",True
2151,,"(0, 0, 0, 0, 0)","(0.0, 0.0, 0.0, 0.0, 0.0)",True
2152,,"(0, 0, 0, 0, 0)","(0.0, 0.0, 0.0, 0.0, 0.0)",True
2153,,"(0, 0, 0, 0, 0)","(0.0, 0.0, 0.0, 0.0, 0.0)",True
2154,,"(0, 0, 0, 0, 0)","(0.0, 0.0, 0.0, 0.0, 0.0)",True
2155,,"(0, 0, 0, 0, 0)","(0.0, 0.0, 0.0, 0.0, 0.0)",True
2156,,"(0, 0, 0, 0, 0)","(0.0, 0.0, 0.0, 0.0, 0.0)",True
2157,,"(0, 0, 0, 0, 0)","(0.0, 0.0, 0.0, 0.0, 0.0)",True
2158,,"(0, 0, 0, 0, 0)","(0.0, 0.0, 0.0, 0.0, 0.0)",True
2159,,"(0, 0, 0, 0, 0)","(0.0, 0.0, 0.0, 0.0, 0.0)",True
2160,,"(0, 0, 0, 0, 0)","(0.0, 0.0, 0.0, 0.0, 0.0)",True
2161,,"(0, 0, 0, 0, 0)","(0.0, 0.0, 0.0, 0.0, 0.0)",True
2162,,"(0, 0, 0, 0, 0)","(0.0, 0.0, 0.0, 0.0, 0.0)",True
2163,,"(0, 0, 0, 0, 0)","(0.0, 0.0, 0.0, 0.0, 0.0)",True
2164,,"(0, 0, 0, 0, 0)","(0.0, 0.0, 0.0, 0.0, 0.0)",True
2165,,"(0, 0, 0, 0, 0)","(0.0, 0.0, 0.0, 0.0, 0.0)",True
2166,,"(0, 0, 0, 0, 0)","(0.0, 0.0, 0.0, 0.0, 0.0)",True
2167,,"(0, 0, 0, 0, 0)","(0.0, 0.0, 0.0, 0.0, 0.0)",True
2168,,"(0, 0, 0, 0, 0)","(0.0, 0.0, 0.0, 0.0, 0.0)",True
2169,,"(0, 0, 0, 0, 0)","(0.0, 0.0, 0.0, 0.0, 0.0)",True
2170,,"(0, 0, 0, 0, 0)","(0.0, 0.0, 0.0, 0.0, 0.0)",True
2171,,"(0, 0, 0, 0, 0)","(0.0, 0.0, 0.0, 0.0, 0.0)",True
2172,,"(0, 0, 0, 0, 0)","(0.0, 0.0, 0.0, 0.0, 0.0)",True
2173,,"(0, 0, 0, 0, 0)","(0.0, 0.0, 0.0, 0.0, 0.0)",True
2174,,"(0, 0, 0, 0, 0)","(0.0, 0.0, 0.0, 0.0, 0.0)",True
2175,,"(0, 0, 0, 0, 0)","(0.0, 0.0, 0.0, 0.0, 0.0)",True
2176,,"(0, 0, 0, 0, 0)","(0.0, 0.0, 0.0, 0.0, 0.0)",True
2177,,"(0, 0, 0, 0, 0)","(0.0, 0.0, 0.0, 0.0, 0.0)",True
2178,,"(0, 0, 0, 0, 0)","(0.0, 0.0, 0.0, 0.0, 0.0)",True
2179,,"(0, 0, 0, 0, 0)","(0.0, 0.0, 0.0, 0.0, 0.0)",True
2180,,"(0, 0, 0, 0, 0)","(0.0, 0.0, 0.0, 0.0, 0.0)",True
2181,,"(0, 0, 0, 0, 0)","(0.0, 0.0, 0.0, 0.0, 0.0)",True
2182,,"(0, 0, 0, 0, 0)","(0.0, 0.0, 0.0, 0.0, 0.0)",True
2183,,"(0, 0, 0, 0, 0)","(0.0, 0.0, 0.0, 0.0, 0.0)",True
2184,,"(0, 0, 0, 0, 0)","(0.0, 0.0, 0.0, 0.0, 0.0)",True
2185,,"(0, 0, 0, 0, 0)","(0.0, 0.0, 0.0, 0.0, 0.0)",True
2186,,"(0, 0, 0, 0, 0)","(0.0, 0.0, 0.0, 0.0, 0.0)",True
2187,,"(0, 0, 0, 0, 0)","(0.0, 0.0, 0.0, 0.0, 0.0)",True
2188,,"(0, 0, 0, 0, 0)","(0.0, 0.0, 0.0, 0.0, 0.0)",True
2189,,"(0, 0, 0, 0, 0)","(0.0, 0.0, 0.0, 0.0, 0.0)",True
2190,,"(0, 0, 0, 0, 0)","(0.0, 0.0, 0.0, 0.0, 0.0)",True
2191,,"(0, 0, 0, 0, 0)","(0.0, 0.0, 0.0, 0.0, 0.0)",True
2192,,"(0, 0, 0, 0, 0)","(0.0, 0.0, 0.0, 0.0, 0.0)",True
2193,,"(0, 0, 0, 0, 0)","(0.0, 0.0, 0.0, 0.0, 0.0)",True
2194,,"(0, 0, 0, 0, 0)","(0.0, 0.0, 0.0, 0.0, 0.0)",True
2195,,"(0, 0, 0, 0, 0)","(0.0, 0.0, 0.0, 0.0, 0.0)",True
2196,,"(0, 0, 0, 0, 0)","(0.0, 0.0, 0.0, 0.0, 0.0)",True
2197,,"(0, 0, 0, 0, 0)","(0.0, 0.0, 0.0, 0.0, 0.0)",True
2198,,"(0, 0, 0, 0, 0)","(0.0, 0.0, 0.0, 0.0, 0.0)",True
2199,,"(0, 0, 0, 0, 0)","(0.0, 0.0, 0.0, 0.0, 0.0)",True
2200,,"(0, 0, 0, 0, 0)","(0.0, 0.0, 0.0, 0.0, 0.0)",True
2201,,"(0, 0, 0, 0, 0)","(0.0, 0.0, 0.0, 0.0, 0.0)",True
2202,,"(0, 0, 0, 0, 0)","(0.0, 0.0, 0.0, 0.0, 0.0)",True
2203,,"(0, 0, 0, 0, 0)","(0.0, 0.0, 0.0, 0.0, 0.0)",True
2204,,"(0, 0, 0, 0, 0)","(0.0, 0.0, 0.0, 0.0, 0.0)",True
2205,,"(0, 0, 0, 0, 0)","(0.0, 0.0, 0.0, 0.0, 0.0)",True
2206,,"(0, 0, 0, 0, 0)","(0.0, 0.0, 0.0, 0.0, 0.0)",True
2207,,"(0, 0, 0, 0, 0)","(0.0, 0.0, 0.0, 0.0, 0.0)",True
2208,,"(0, 0, 0, 0, 0)","(0.0, 0.0, 0.0, 0.0, 0.0)",True
2209,,"(0, 0, 0, 0, 0)","(0.0, 0.0, 0.0, 0.0, 0.0)",True
2210,,"(0, 0, 0, 0, 0)","(0.0, 0.0, 0.0, 0.0, 0.0)",True
2211,,"(0, 0, 0, 0, 0)","(0.0, 0.0, 0.0, 0.0, 0.0)",True
2212,,"(0, 0, 0, 0, 0)","(0.0, 0.0, 0.0, 0.0, 0.0)",True
2213,,"(0, 0, 0, 0, 0)","(0.0, 0.0, 0.0, 0.0, 0.0)",True
2214,,"(0, 0, 0, 0, 0)","(0.0, 0.0, 0.0, 0.0, 0.0)",True
2215,,"(0, 0, 0, 0, 0)","(0.0, 0.0, 0.0, 0.0, 0.0)",True
2216,,"(0, 0, 0, 0, 0)","(0.0, 0.0, 0.0, 0.0, 0.0)",True
2217,,"(0, 0, 0, 0, 0)","(0.0, 0.0, 0.0, 0.0, 0.0)",True
2218,,"(0, 0, 0, 0, 0)","(0.0, 0.0, 0.0, 0.0, 0.0)",True
2219,,"(0, 0, 0, 0, 0)","(0.0, 0.0, 0.0, 0.0, 0.0)",True
2220,,"(0, 0, 0, 0, 0)","(0.0, 0.0, 0.0, 0.0, 0.0)",True
2221,,"(0, 0, 0, 0, 0)","(0.0, 0.0, 0.0, 0.0, 0.0)",True
2222,,"(0, 0, 0, 0, 0)","(0.0, 0.0, 0.0, 0.0, 0.0)",True
2223,,"(0, 0, 0, 0, 0)","(0.0, 0.0, 0.0, 0.0, 0.0)",True
2224,,"(0, 0, 0, 0, 0)","(0.0, 0.0, 0.0, 0.0, 0.0)",True
2225,,"(0, 0, 0, 0, 0)","(0.0, 0.0, 0.0, 0.0, 0.0)",True
2226,,"(0, 0, 0, 0, 0)","(0.0, 0.0, 0.0, 0.0, 0.0)",True
2227,,"(0, 0, 0, 0, 0)","(0.0, 0.0, 0.0, 0.0, 0.0)",True
2228,,"(0, 0, 0, 0, 0)","(0.0, 0.0, 0.0, 0.0, 0.0)",True
2229,,"(0, 0, 0, 0, 0)","(0.0, 0.0, 0.0, 0.0, 0.0)",True
2230,,"(0, 0, 0, 0, 0)","(0.0, 0.0, 0.0, 0.0, 0.0)",True
2231,,"(0, 0, 0, 0, 0)","(0.0, 0.0, 0.0, 0.0, 0.0)",True
2232,,"(0, 0, 0, 0, 0)","(0.0, 0.0, 0.0, 0.0, 0.0)",True
2233,,"(0, 0, 0, 0, 0)","(0.0, 0.0, 0.0, 0.0, 0.0)",True
2234,,"(0, 0, 0, 0, 0)","(0.0, 0.0, 0.0, 0.0, 0.0)",True
2235,,"(0, 0, 0, 0, 0)","(0.0, 0.0, 0.0, 0.0, 0.0)",True
2236,,"(0, 0, 0, 0, 0)","(0.0, 0.0, 0.0, 0.0, 0.0)",True
2237,,"(0, 0, 0, 0, 0)","(0.0, 0.0, 0.0, 0.0, 0.0)",True
2238,,"(0, 0, 0, 0, 0)","(0.0, 0.0, 0.0, 0.0, 0.0)",True
2239,,"(0, 0, 0, 0, 0)","(0.0, 0.0, 0.0, 0.0, 0.0)",True
2240,,"(0, 0, 0, 0, 0)","(0.0, 0.0, 0.0, 0.0, 0.0)",True
2241,,"(0, 0, 0, 0, 0)","(0.0, 0.0, 0.0, 0.0, 0.0)",True
2242,,"(0, 0, 0, 0, 0)","(0.0, 0.0, 0.0, 0.0, 0.0)",True
2243,,"(0, 0, 0, 0, 0)","(0.0, 0.0, 0.0, 0.0, 0.0)",True
2244,,"(0, 0, 0, 0, 0)","(0.0, 0.0, 0.0, 0.0, 0.0)",True
2245,,"(0, 0, 0, 0, 0)","(0.0, 0.0, 0.0, 0.0, 0.0)",True
2246,,"(0, 0, 0, 0, 0)","(0.0, 0.0, 0.0, 0.0, 0.0)",True
2247,,"(0, 0, 0, 0, 0)","(0.0, 0.0, 0.0, 0.0, 0.0)",True
2248,,"(0, 0, 0, 0, 0)","(0.0, 0.0, 0.0, 0.0, 0.0)",True
2249,,"(0, 0, 0, 0, 0)","(0.0, 0.0, 0.0, 0.0, 0.0)",True
2250,,"(0, 0, 0, 0, 0)","(0.0, 0.0, 0.0, 0.0, 0.0)",True
2251,,"(0, 0, 0, 0, 0)","(0.0, 0.0, 0.0, 0.0, 0.0)",True
2252,,"(0, 0, 0, 0, 0)","(0.0, 0.0, 0.0, 0.0, 0.0)",True
2253,,"(0, 0, 0, 0, 0)","(0.0, 0.0, 0.0, 0.0, 0.0)",True
2254,,"(0, 0, 0, 0, 0)","(0.0, 0.0, 0.0, 0.0, 0.0)",True
2255,,"(0, 0, 0, 0, 0)","(0.0, 0.0, 0.0, 0.0, 0.0)",True
2256,,"(0, 0, 0, 0, 0)","(0.0, 0.0, 0.0, 0.0, 0.0)",True
2257,,"(0, 0, 0, 0, 0)","(0.0, 0.0, 0.0, 0.0, 0.0)",True
2258,,"(0, 0, 0, 0, 0)","(0.0, 0.0, 0.0, 0.0, 0.0)",True
2259,,"(0, 0, 0, 0, 0)","(0.0, 0.0, 0.0, 0.0, 0.0)",True
2260,,"(0, 0, 0, 0, 0)","(0.0, 0.0, 0.0, 0.0, 0.0)",True
2261,,"(0, 0, 0, 0, 0)","(0.0, 0.0, 0.0, 0.0, 0.0)",True
2262,,"(0, 0, 0, 0, 0)","(0.0, 0.0, 0.0, 0.0, 0.0)",True
2263,,"(0, 0, 0, 0, 0)","(0.0, 0.0, 0.0, 0.0, 0.0)",True
2264,,"(0, 0, 0, 0, 0)","(0.0, 0.0, 0.0, 0.0, 0.0)",True
2265,,"(0, 0, 0, 0, 0)","(0.0, 0.0, 0.0, 0.0, 0.0)",True
2266,,"(0, 0, 0, 0, 0)","(0.0, 0.0, 0.0, 0.0, 0.0)",True
2267,,"(0, 0, 0, 0, 0)","(0.0, 0.0, 0.0, 0.0, 0.0)",True
2268,,"(0, 0, 0, 0, 0)","(0.0, 0.0, 0.0, 0.0, 0.0)",True
2269,,"(0, 0, 0, 0, 0)","(0.0, 0.0, 0.0, 0.0, 0.0)",True
2270,,"(0, 0, 0, 0, 0)","(0.0, 0.0, 0.0, 0.0, 0.0)",True
2271,,"(0, 0, 0, 0, 0)","(0.0, 0.0, 0.0, 0.0, 0.0)",True
2272,,"(0, 0, 0, 0, 0)","(0.0, 0.0, 0.0, 0.0, 0.0)",True
2273,,"(0, 0, 0, 0, 0)","(0.0, 0.0, 0.0, 0.0, 0.0)",True
2274,,"(0, 0, 0, 0, 0)","(0.0, 0.0, 0.0, 0.0, 0.0)",True
2275,,"(0, 0, 0, 0, 0)","(0.0, 0.0, 0.0, 0.0, 0.0)",True
2276,,"(0, 0, 0, 0, 0)","(0.0, 0.0, 0.0, 0.0, 0.0)",True
2277,,"(0, 0, 0, 0, 0)","(0.0, 0.0, 0.0, 0.0, 0.0)",True
2278,,"(0, 0, 0, 0, 0)","(0.0, 0.0, 0.0, 0.0, 0.0)",True
2279,,"(0, 0, 0, 0, 0)","(0.0, 0.0, 0.0, 0.0, 0.0)",True
2280,,"(0, 0, 0, 0, 0)","(0.0, 0.0, 0.0, 0.0, 0.0)",True
2281,,"(0, 0, 0, 0, 0)","(0.0, 0.0, 0.0, 0.0, 0.0)",True
2282,,"(0, 0, 0, 0, 0)","(0.0, 0.0, 0.0, 0.0, 0.0)",True
2283,,"(0, 0, 0, 0, 0)","(0.0, 0.0, 0.0, 0.0, 0.0)",True
2284,,"(0, 0, 0, 0, 0)","(0.0, 0.0, 0.0, 0.0, 0.0)",True
2285,,"(0, 0, 0, 0, 0)","(0.0, 0.0, 0.0, 0.0, 0.0)",True
2286,,"(0, 0, 0, 0, 0)","(0.0, 0.0, 0.0, 0.0, 0.0)",True
2287,,"(0, 0, 0, 0, 0)","(0.0, 0.0, 0.0, 0.0, 0.0)",True
2288,,"(0, 0, 0, 0, 0)","(0.0, 0.0, 0.0, 0.0, 0.0)",True
2289,,"(0, 0, 0, 0, 0)","(0.0, 0.0, 0.0, 0.0, 0.0)",True
2290,,"(0, 0, 0, 0, 0)","(0.0, 0.0, 0.0, 0.0, 0.0)",True
2291,,"(0, 0, 0, 0, 0)","(0.0, 0.0, 0.0, 0.0, 0.0)",True
2292,,"(0, 0, 0, 0, 0)","(0.0, 0.0, 0.0, 0.0, 0.0)",True
2293,,"(0, 0, 0, 0, 0)","(0.0, 0.0, 0.0, 0.0, 0.0)",True
2294,,"(0, 0, 0, 0, 0)","(0.0, 0.0, 0.0, 0.0, 0.0)",True
2295,,"(0, 0, 0, 0, 0)","(0.0, 0.0, 0.0, 0.0, 0.0)",True
2296,,"(0, 0, 0, 0, 0)","(0.0, 0.0, 0.0, 0.0, 0.0)",True
2297,,"(0, 0, 0, 0, 0)","(0.0, 0.0, 0.0, 0.0, 0.0)",True
2298,,"(0, 0, 0, 0, 0)","(0.0, 0.0, 0.0, 0.0, 0.0)",True
2299,,"(0, 0, 0, 0, 0)","(0.0, 0.0, 0.0, 0.0, 0.0)",True
2300,,"(0, 0, 0, 0, 0)","(0.0, 0.0, 0.0, 0.0, 0.0)",True
2301,,"(0, 0, 0, 0, 0)","(0.0, 0.0, 0.0, 0.0, 0.0)",True
2302,,"(0, 0, 0, 0, 0)","(0.0, 0.0, 0.0, 0.0, 0.0)",True
2303,,"(0, 0, 0, 0, 0)","(0.0, 0.0, 0.0, 0.0, 0.0)",True
2304,,"(0, 0, 0, 0, 0)","(0.0, 0.0, 0.0, 0.0, 0.0)",True
2305,,"(0, 0, 0, 0, 0)","(0.0, 0.0, 0.0, 0.0, 0.0)",True
2306,,"(0, 0, 0, 0, 0)","(0.0, 0.0, 0.0, 0.0, 0.0)",True
2307,,"(0, 0, 0, 0, 0)","(0.0, 0.0, 0.0, 0.0, 0.0)",True
2308,,"(0, 0, 0, 0, 0)","(0.0, 0.0, 0.0, 0.0, 0.0)",True
2309,,"(0, 0, 0, 0, 0)","(0.0, 0.0, 0.0, 0.0, 0.0)",True
2310,,"(0, 0, 0, 0, 0)","(0.0, 0.0, 0.0, 0.0, 0.0)",True
2311,,"(0, 0, 0, 0, 0)","(0.0, 0.0, 0.0, 0.0, 0.0)",True
2312,,"(0, 0, 0, 0, 0)","(0.0, 0.0, 0.0, 0.0, 0.0)",True
2313,,"(0, 0, 0, 0, 0)","(0.0, 0.0, 0.0, 0.0, 0.0)",True
2314,,"(0, 0, 0, 0, 0)","(0.0, 0.0, 0.0, 0.0, 0.0)",True
2315,,"(0, 0, 0, 0, 0)","(0.0, 0.0, 0.0, 0.0, 0.0)",True
2316,,"(0, 0, 0, 0, 0)","(0.0, 0.0, 0.0, 0.0, 0.0)",True
2317,,"(0, 0, 0, 0, 0)","(0.0, 0.0, 0.0, 0.0, 0.0)",True
2318,,"(0, 0, 0, 0, 0)","(0.0, 0.0, 0.0, 0.0, 0.0)",True
2319,,"(0, 0, 0, 0, 0)","(0.0, 0.0, 0.0, 0.0, 0.0)",True
2320,,"(0, 0, 0, 0, 0)","(0.0, 0.0, 0.0, 0.0, 0.0)",True
2321,,"(0, 0, 0, 0, 0)","(0.0, 0.0, 0.0, 0.0, 0.0)",True
2322,,"(0, 0, 0, 0, 0)","(0.0, 0.0, 0.0, 0.0, 0.0)",True
2323,,"(0, 0, 0, 0, 0)","(0.0, 0.0, 0.0, 0.0, 0.0)",True
2324,,"(0, 0, 0, 0, 0)","(0.0, 0.0, 0.0, 0.0, 0.0)",True
2325,,"(0, 0, 0, 0, 0)","(0.0, 0.0, 0.0, 0.0, 0.0)",True
2326,,"(0, 0, 0, 0, 0)","(0.0, 0.0, 0.0, 0.0, 0.0)",True
2327,,"(0, 0, 0, 0, 0)","(0.0, 0.0, 0.0, 0.0, 0.0)",True
2328,,"(0, 0, 0, 0, 0)","(0.0, 0.0, 0.0, 0.0, 0.0)",True
2329,,"(0, 0, 0, 0, 0)","(0.0, 0.0, 0.0, 0.0, 0.0)",True
2330,,"(0, 0, 0, 0, 0)","(0.0, 0.0, 0.0, 0.0, 0.0)",True
2331,,"(0, 0, 0, 0, 0)","(0.0, 0.0, 0.0, 0.0, -0.0)",True
2332,,"(0, 0, 0, 0, 0)","(0.0, 0.0, 0.0, -0.0, 0.0)",True
2333,,"(0, 0, 0, 0, 0)","(0.0, 0.0, -0.0, 0.0, 0.0)",True
2334,,"(0, 0, 0, 0, 0)","(0.0, -0.0, 0.0, 0.0, 0.0)",True
2335,,"(0, 0, 0, 0, 0)","(-0.0, 0.0, 0.0, 0.0, 0.0)",True
2336,,"(0, 0, 0, 0, 0)","(0.0, 0.0, 0.0, 0.0, 0.0)",True
2337,,"(0, 0, 0, 0, 0)","(0.0, 0.0, 0.0, 0.0, 0.0)",True
2338,,"(0, 0, 0, 0, 0)","(0.0, 0.0, 0.0, 0.0, 0.0)",True
2339,,"(0, 0, 0, 0, 0)","(0.0, 0.0, 0.0, 0.0, 0.0)",True
2340,,"(0, 0, 0, 0, 0)","(0.0, 0.0, 0.0, 0.0, 0.0)",True
2341,,"(0, 0, 0, 0, 0)","(0.0, 0.0, 0.0, 0.0, 0.0)",True
2342,,"(0, 0, 0, 0, 0)","(0.0, 0.0, 0.0, 0.0, 0.0)",True
2343,,"(0, 0, 0, 0, 0)","(0.0, 0.0, 0.0, 0.0, 0.0)",True
2344,,"(0, 0, 0, 0, 0)","(0.0, 0.0, 0.0, 0.0, 0.0)",True
2345,,"(0, 0, 0, 0, 0)","(0.0, 0.0, 0.0, 0.0, 0.0)",True
2346,,"(0, 0, 0, 0, 0)","(0.0, 0.0, 0.0, 0.0, 0.0)",True
2347,,"(0, 0, 0, 0, 0)","(0.0, 0.0, 0.0, 0.0, 0.0)",True
2348,,"(0, 0, 0, 0, 0)","(0.0, 0.0, 0.0, 0.0, 0.0)",True
2349,,"(0, 0, 0, 0, 0)","(0.0, 0.0, 0.0, 0.0, 0.0)",True
2350,,"(0, 0, 0, 0, 0)","(0.0, 0.0, 0.0, 0.0, 0.0)",True
2351,,"(0, 0, 0, 0, 0)","(0.0, 0.0, 0.0, 0.0, 0.0)",True
2352,,"(0, 0, 0, 0, 0)","(0.0, 0.0, 0.0, 0.0, 0.0)",True
2353,,"(0, 0, 0, 0, 0)","(0.0, 0.0, 0.0, 0.0, 0.0)",True
2354,,"(0, 0, 0, 0, 0)","(0.0, 0.0, 0.0, 0.0, 0.0)",True
2355,,"(0, 0, 0, 0, 0)","(0.0, 0.0, 0.0, 0.0, 0.0)",True
2356,,"(0, 0, 0, 0, 0)","(0.0, 0.0, 0.0, 0.0, 0.0)",True
2357,,"(0, 0, 0, 0, 0)","(0.0, 0.0, 0.0, 0.0, 0.0)",True
2358,,"(0, 0, 0, 0, 0)","(0.0, 0.0, 0.0, 0.0, 0.0)",True
2359,,"(0, 0, 0, 0, 0)","(0.0, 0.0, 0.0, 0.0, 0.0)",True
2360,,"(0, 0, 0, 0, 0)","(0.0, 0.0, 0.0, 0.0, 0.0)",True
2361,,"(0, 0, 0, 0, 0)","(0.0, 0.0, 0.0, 0.0, 0.0)",True
2362,,"(0, 0, 0, 0, 0)","(0.0, 0.0, 0.0, 0.0, 0.0)",True
2363,,"(0, 0, 0, 0, 0)","(0.0, 0.0, 0.0, 0.0, 0.0)",True
2364,,"(0, 0, 0, 0, 0)","(0.0, 0.0, 0.0, 0.0, 0.0)",True
2365,,"(0, 0, 0, 0, 0)","(0.0, 0.0, 0.0, 0.0, 0.0)",True
2366,,"(0, 0, 0, 0, 0)","(0.0, 0.0, 0.0, 0.0, 0.0)",True
2367,,"(0, 0, 0, 0, 0)","(0.0, 0.0, 0.0, 0.0, 0.0)",True
2368,,"(0, 0, 0, 0, 0)","(0.0, 0.0, 0.0, 0.0, 0.0)",True
2369,,"(0, 0, 0, 0, 0)","(0.0, 0.0, 0.0, 0.0, 0.0)",True
2370,,"(0, 0, 0, 0, 0)","(0.0, 0.0, 0.0, 0.0, 0.0)",True
2371,,"(0, 0, 0, 0, 0)","(0.0, 0.0, 0.0, 0.0, 0.0)",True
2372,,"(0, 0, 0, 0, 0)","(0.0, 0.0, 0.0, 0.0, 0.0)",True
2373,,"(0, 0, 0, 0, 0)","(0.0, 0.0, 0.0, 0.0, 0.0)",True
2374,,"(0, 0, 0, 0, 0)","(0.0, 0.0, 0.0, 0.0, 0.0)",True
2375,,"(0, 0, 0, 0, 0)","(0.0, 0.0, 0.0, 0.0, 0.0)",True
2376,,"(0, 0, 0, 0, 0)","(0.0, 0.0, 0.0, 0.0, 0.0)",True
2377,,"(0, 0, 0, 0, 0)","(0.0, 0.0, 0.0, 0.0, 0.0)",True
2378,,"(0, 0, 0, 0, 0)","(0.0, 0.0, 0.0, 0.0, 0.0)",True
2379,,"(0, 0, 0, 0, 0)","(0.0, 0.0, 0.0, 0.0, 0.0)",True
2380,,"(0, 0, 0, 0, 0)","(0.0, 0.0, 0.0, 0.0, 0.0)",True
2381,,"(0, 0, 0, 0, 0)","(0.0, 0.0, 0.0, 0.0, 0.0)",True
2382,,"(0, 0, 0, 0, 0)","(0.0, 0.0, 0.0, 0.0, 0.0)",True
2383,,"(0, 0, 0, 0, 0)","(0.0, 0.0, 0.0, 0.0, 0.0)",True
2384,,"(0, 0, 0, 0, 0)","(0.0, 0.0, 0.0, 0.0, 0.0)",True
2385,,"(0, 0, 0, 0, 0)","(0.0, 0.0, 0.0, 0.0, 0.0)",True
2386,,"(0, 0, 0, 0, 0)","(0.0, 0.0, 0.0, 0.0, 0.0)",True
2387,,"(0, 0, 0, 0, 0)","(0.0, 0.0, 0.0, 0.0, 0.0)",True
2388,,"(0, 0, 0, 0, 0)","(0.0, 0.0, 0.0, 0.0, 0.0)",True
2389,,"(0, 0, 0, 0, 0)","(0.0, 0.0, 0.0, 0.0, 0.0)",True
2390,,"(0, 0, 0, 0, 0)","(0.0, 0.0, 0.0, 0.0, 0.0)",True
2391,,"(0, 0, 0, 0, 0)","(0.0, 0.0, 0.0, 0.0, 0.0)",True
2392,,"(0, 0, 0, 0, 0)","(0.0, 0.0, 0.0, 0.0, 0.0)",True
2393,,"(0, 0, 0, 0, 0)","(0.0, 0.0, 0.0, 0.0, 0.0)",True
2394,,"(0, 0, 0, 0, 0)","(0.0, 0.0, 0.0, 0.0, 0.0)",True
2395,,"(0, 0, 0, 0, 0)","(0.0, 0.0, 0.0, 0.0, 0.0)",True
2396,,"(0, 0, 0, 0, 0)","(0.0, 0.0, 0.0, 0.0, 0.0)",True
2397,,"(0, 0, 0, 0, 0)","(0.0, 0.0, 0.0, 0.0, 0.0)",True
2398,,"(0, 0, 0, 0, 0)","(0.0, 0.0, 0.0, 0.0, 0.0)",True
2399,,"(0, 0, 0, 0, 0)","(0.0, 0.0, 0.0, 0.0, 0.0)",True
2400,,"(0, 0, 0, 0, 0)","(0.0, 0.0, 0.0, 0.0, 0.0)",True
2401,,"(0, 0, 0, 0, 0)","(0.0, 0.0, 0.0, 0.0, 0.0)",True
2402,,"(0, 0, 0, 0, 0)","(0.0, 0.0, 0.0, 0.0, 0.0)",True
2403,,"(0, 0, 0, 0, 0)","(0.0, 0.0, 0.0, 0.0, 0.0)",True
2404,,"(0, 0, 0, 0, 0)","(0.0, 0.0, 0.0, 0.0, 0.0)",True
2405,,"(0, 0, 0, 0, 0)","(0.0, 0.0, 0.0, 0.0, 0.0)",True
2406,,"(0, 0, 0, 0, 0)","(0.0, 0.0, 0.0, 0.0, 0.0)",True
2407,,"(0, 0, 0, 0, 0)","(0.0, 0.0, 0.0, 0.0, 0.0)",True
2408,,"(0, 0, 0, 0, 0)","(0.0, 0.0, 0.0, 0.0, 0.0)",True
2409,,"(0, 0, 0, 0, 0)","(0.0, 0.0, 0.0, 0.0, 0.0)",True
2410,,"(0, 0, 0, 0, 0)","(0.0, 0.0, 0.0, 0.0, 0.0)",True
2411,,"(0, 0, 0, 0, 0)","(0.0, 0.0, 0.0, 0.0, 0.0)",True
2412,,"(0, 0, 0, 0, 0)","(0.0, 0.0, 0.0, 0.0, 0.0)",True
2413,,"(0, 0, 0, 0, 0)","(0.0, 0.0, 0.0, 0.0, 0.0)",True
2414,,"(0, 0, 0, 0, 0)","(0.0, 0.0, 0.0, 0.0, 0.0)",True
2415,,"(0, 0, 0, 0, 0)","(0.0, 0.0, 0.0, 0.0, 0.0)",True
2416,,"(0, 0, 0, 0, 0)","(0.0, 0.0, 0.0, 0.0, 0.0)",True
2417,,"(0, 0, 0, 0, 0)","(0.0, 0.0, 0.0, 0.0, -0.0)",True
2418,,"(0, 0, 0, 0, 0)","(0.0, 0.0, 0.0, -0.0, 0.0)",True
2419,,"(0, 0, 0, 0, 0)","(0.0, 0.0, -0.0, 0.0, 0.0)",True
2420,,"(0, 0, 0, 0, 0)","(0.0, -0.0, 0.0, 0.0, 0.0)",True
2421,,"(0, 0, 0, 0, 0)","(-0.0, 0.0, 0.0, 0.0, 0.0)",True
2422,,"(0, 0, 0, 0, 0)","(0.0, 0.0, 0.0, 0.0, 0.0)",True
2423,,"(0, 0, 0, 0, 0)","(0.0, 0.0, 0.0, 0.0, 0.0)",True
2424,,"(0, 0, 0, 0, 0)","(0.0, 0.0, 0.0, 0.0, 0.0)",True
2425,,"(0, 0, 0, 0, 0)","(0.0, 0.0, 0.0, 0.0, 0.0)",True
2426,,"(0, 0, 0, 0, 0)","(0.0, 0.0, 0.0, 0.0, 0.0)",True
2427,,"(0, 0, 0, 0, 0)","(0.0, 0.0, 0.0, 0.0, 0.0)",True
2428,,"(0, 0, 0, 0, 0)","(0.0, 0.0, 0.0, 0.0, 0.0)",True
2429,,"(0, 0, 0, 0, 0)","(0.0, 0.0, 0.0, 0.0, 0.0)",True
2430,,"(0, 0, 0, 0, 0)","(0.0, 0.0, 0.0, 0.0, 0.0)",True
2431,,"(0, 0, 0, 0, 0)","(0.0, 0.0, 0.0, 0.0, 0.0)",True
2432,,"(0, 0, 0, 0, 0)","(0.0, 0.0, 0.0, 0.0, 0.0)",True
2433,,"(0, 0, 0, 0, 0)","(0.0, 0.0, 0.0, 0.0, 0.0)",True
2434,,"(0, 0, 0, 0, 0)","(0.0, 0.0, 0.0, 0.0, 0.0)",True
2435,,"(0, 0, 0, 0, 0)","(0.0, 0.0, 0.0, 0.0, 0.0)",True
2436,,"(0, 0, 0, 0, 0)","(0.0, 0.0, 0.0, 0.0, 0.0)",True
2437,,"(0, 0, 0, 0, 0)","(0.0, 0.0, 0.0, 0.0, 0.0)",True
2438,,"(0, 0, 0, 0, 0)","(0.0, 0.0, 0.0, 0.0, 0.0)",True
2439,,"(0, 0, 0, 0, 0)","(0.0, 0.0, 0.0, 0.0, 0.0)",True
2440,,"(0, 0, 0, 0, 0)","(0.0, 0.0, 0.0, 0.0, 0.0)",True
2441,,"(0, 0, 0, 0, 0)","(0.0, 0.0, 0.0, 0.0, 0.0)",True
2442,,"(0, 0, 0, 0, 0)","(0.0, 0.0, 0.0, 0.0, 0.0)",True
2443,,"(0, 0, 0, 0, 0)","(0.0, 0.0, 0.0, 0.0, 0.0)",True
2444,,"(0, 0, 0, 0, 0)","(0.0, 0.0, 0.0, 0.0, 0.0)",True
2445,,"(0, 0, 0, 0, 0)","(0.0, 0.0, 0.0, 0.0, 0.0)",True
2446,,"(0, 0, 0, 0, 0)","(0.0, 0.0, 0.0, 0.0, 0.0)",True
2447,,"(0, 0, 0, 0, 0)","(0.0, 0.0, 0.0, 0.0, 0.0)",True
2448,,"(0, 0, 0, 0, 0)","(0.0, 0.0, 0.0, 0.0, 0.0)",True
2449,,"(0, 0, 0, 0, 0)","(0.0, 0.0, 0.0, 0.0, 0.0)",True
2450,,"(0, 0, 0, 0, 0)","(0.0, 0.0, 0.0, 0.0, 0.0)",True
2451,,"(0, 0, 0, 0, 0)","(0.0, 0.0, 0.0, 0.0, 0.0)",True
2452,,"(0, 0, 0, 0, 0)","(0.0, 0.0, 0.0, 0.0, 0.0)",True
2453,,"(0, 0, 0, 0, 0)","(0.0, 0.0, 0.0, 0.0, 0.0)",True
2454,,"(0, 0, 0, 0, 0)","(0.0, 0.0, 0.0, 0.0, 0.0)",True
2455,,"(0, 0, 0, 0, 0)","(0.0, 0.0, 0.0, 0.0, 0.0)",True
2456,,"(0, 0, 0, 0, 0)","(0.0, 0.0, 0.0, 0.0, 0.0)",True
2457,,"(0, 0, 0, 0, 0)","(0.0, 0.0, 0.0, 0.0, 0.0)",True
2458,,"(0, 0, 0, 0, 0)","(0.0, 0.0, 0.0, 0.0, 0.0)",True
2459,,"(0, 0, 0, 0, 0)","(0.0, 0.0, 0.0, 0.0, 0.0)",True
2460,,"(0, 0, 0, 0, 0)","(0.0, 0.0, 0.0, 0.0, 0.0)",True
2461,,"(0, 0, 0, 0, 0)","(0.0, 0.0, 0.0, 0.0, 0.0)",True
2462,,"(0, 0, 0, 0, 0)","(0.0, 0.0, 0.0, 0.0, 0.0)",True
2463,,"(0, 0, 0, 0, 0)","(0.0, 0.0, 0.0, 0.0, 0.0)",True
2464,,"(0, 0, 0, 0, 0)","(0.0, 0.0, 0.0, 0.0, 0.0)",True
2465,,"(0, 0, 0, 0, 0)","(0.0, 0.0, 0.0, 0.0, 0.0)",True
2466,,"(0, 0, 0, 0, 0)","(0.0, 0.0, 0.0, 0.0, 0.0)",True
2467,,"(0, 0, 0, 0, 0)","(0.0, 0.0, 0.0, 0.0, 0.0)",True
2468,,"(0, 0, 0, 0, 0)","(0.0, 0.0, 0.0, 0.0, 0.0)",True
2469,,"(0, 0, 0, 0, 0)","(0.0, 0.0, 0.0, 0.0, 0.0)",True
2470,,"(0, 0, 0, 0, 0)","(0.0, 0.0, 0.0, 0.0, 0.0)",True
2471,,"(0, 0, 0, 0, 0)","(0.0, 0.0, 0.0, 0.0, 0.0)",True
2472,,"(0, 0, 0, 0, 0)","(0.0, 0.0, 0.0, 0.0, 0.0)",True
2473,,"(0, 0, 0, 0, 0)","(0.0, 0.0, 0.0, 0.0, 0.0)",True
2474,,"(0, 0, 0, 0, 0)","(0.0, 0.0, 0.0, 0.0, 0.0)",True
2475,,"(0, 0, 0, 0, 0)","(0.0, 0.0, 0.0, 0.0, 0.0)",True
2476,,"(0, 0, 0, 0, 0)","(0.0, 0.0, 0.0, 0.0, 0.0)",True
2477,,"(0, 0, 0, 0, 0)","(0.0, 0.0, 0.0, 0.0, 0.0)",True
2478,,"(0, 0, 0, 0, 0)","(0.0, 0.0, 0.0, 0.0, 0.0)",True
2479,,"(0, 0, 0, 0, 0)","(0.0, 0.0, 0.0, 0.0, 0.0)",True
2480,,"(0, 0, 0, 0, 0)","(0.0, 0.0, 0.0, 0.0, 0.0)",True
2481,,"(0, 0, 0, 0, 0)","(0.0, 0.0, 0.0, 0.0, 0.0)",True
2482,,"(0, 0, 0, 0, 0)","(0.0, 0.0, 0.0, 0.0, 0.0)",True
2483,,"(0, 0, 0, 0, 0)","(0.0, 0.0, 0.0, 0.0, 0.0)",True
2484,,"(0, 0, 0, 0, 0)","(0.0, 0.0, 0.0, 0.0, 0.0)",True
2485,,"(0, 0, 0, 0, 0)","(0.0, 0.0, 0.0, 0.0, -0.0)",True
2486,,"(0, 0, 0, 0, 0)","(0.0, 0.0, 0.0, -0.0, 0.0)",True
2487,,"(0, 0, 0, 0, 0)","(0.0, 0.0, -0.0, 0.0, 0.0)",True
2488,,"(0, 0, 0, 0, 0)","(0.0, -0.0, 0.0, 0.0, 0.0)",True
2489,,"(0, 0, 0, 0, 0)","(-0.0, 0.0, 0.0, 0.0, -0.0)",True
2490,,"(0, 0, 0, 0, 0)","(0.0, 0.0, 0.0, -0.0, 0.0)",True
2491,,"(0, 0, 0, 0, 0)","(0.0, 0.0, -0.0, 0.0, 0.0)",True
2492,,"(0, 0, 0, 0, 0)","(0.0, -0.0, 0.0, 0.0, 0.0)",True
2493,,"(0, 0, 0, 0, 0)","(-0.0, 0.0, 0.0, 0.0, 0.0)",True
2494,,"(0, 0, 0, 0, 0)","(0.0, 0.0, 0.0, 0.0, 0.0)",True
2495,,"(0, 0, 0, 0, 0)","(0.0, 0.0, 0.0, 0.0, 0.0)",True
2496,,"(0, 0, 0, 0, 0)","(0.0, 0.0, 0.0, 0.0, 0.0)",True
2497,,"(0, 0, 0, 0, 0)","(0.0, 0.0, 0.0, 0.0, 0.0)",True
2498,,"(0, 0, 0, 0, 0)","(0.0, 0.0, 0.0, 0.0, 0.0)",True
2499,,"(0, 0, 0, 0, 0)","(0.0, 0.0, 0.0, 0.0, -0.0)",True
2500,,"(0, 0, 0, 0, 0)","(0.0, 0.0, 0.0, -0.0, 0.0)",True
2501,,"(0, 0, 0, 0, 0)","(0.0, 0.0, -0.0, 0.0, 0.0)",True
2502,,"(0, 0, 0, 0, 0)","(0.0, -0.0, 0.0, 0.0, 0.0)",True
2503,,"(0, 0, 0, 0, 0)","(-0.0, 0.0, 0.0, 0.0, 0.0)",True
2504,,"(0, 0, 0, 0, 0)","(0.0, 0.0, 0.0, 0.0, 0.0)",True
2505,,"(0, 0, 0, 0, 0)","(0.0, 0.0, 0.0, 0.0, -0.0)",True
2506,,"(0, 0, 0, 0, 0)","(0.0, 0.0, 0.0, -0.0, 0.0)",True
2507,,"(0, 0, 0, 0, 0)","(0.0, 0.0, -0.0, 0.0, 0.0)",True
2508,,"(0, 0, 0, 0, 0)","(0.0, -0.0, 0.0, 0.0, 0.0)",True
2509,,"(0, 0, 0, 0, 0)","(-0.0, 0.0, 0.0, 0.0, 0.0)",True
2510,,"(0, 0, 0, 0, 0)","(0.0, 0.0, 0.0, 0.0, 0.0)",True
2511,,"(0, 0, 0, 0, 0)","(0.0, 0.0, 0.0, 0.0, 0.0)",True
2512,,"(0, 0, 0, 0, 0)","(0.0, 0.0, 0.0, 0.0, 0.0)",True
2513,,"(0, 0, 0, 0, 0)","(0.0, 0.0, 0.0, 0.0, 0.0)",True
2514,,"(0, 0, 0, 0, 0)","(0.0, 0.0, 0.0, 0.0, 0.0)",True
2515,,"(0, 0, 0, 0, 0)","(0.0, 0.0, 0.0, 0.0, 0.0)",True
2516,,"(0, 0, 0, 0, 0)","(0.0, 0.0, 0.0, 0.0, 0.0)",True
2517,,"(0, 0, 0, 0, 0)","(0.0, 0.0, 0.0, 0.0, 0.0)",True
2518,,"(0, 0, 0, 0, 0)","(0.0, 0.0, 0.0, 0.0, 0.0)",True
2519,,"(0, 0, 0, 0, 0)","(0.0, 0.0, 0.0, 0.0, 0.0)",True
2520,,"(0, 0, 0, 0, 0)","(0.0, 0.0, 0.0, 0.0, 0.0)",True
2521,,"(0, 0, 0, 0, 0)","(0.0, 0.0, 0.0, 0.0, 0.0)",True
2522,,"(0, 0, 0, 0, 0)","(0.0, 0.0, 0.0, 0.0, 0.0)",True
2523,,"(0, 0, 0, 0, 0)","(0.0, 0.0, 0.0, 0.0, 0.0)",True
2524,,"(0, 0, 0, 0, 0)","(0.0, 0.0, 0.0, 0.0, 0.0)",True
2525,,"(0, 0, 0, 0, 0)","(0.0, 0.0, 0.0, 0.0, 0.0)",True
2526,,"(0, 0, 0, 0, 0)","(0.0, 0.0, 0.0, 0.0, 0.0)",True
2527,,"(0, 0, 0, 0, 0)","(0.0, 0.0, 0.0, 0.0, 0.0)",True
2528,,"(0, 0, 0, 0, 0)","(0.0, 0.0, 0.0, 0.0, 0.0)",True
2529,,"(0, 0, 0, 0, 0)","(0.0, 0.0, 0.0, 0.0, 0.0)",True
2530,,"(0, 0, 0, 0, 0)","(0.0, 0.0, 0.0, 0.0, 0.0)",True
2531,,"(0, 0, 0, 0, 0)","(0.0, 0.0, 0.0, 0.0, 0.0)",True
2532,,"(0, 0, 0, 0, 0)","(0.0, 0.0, 0.0, 0.0, 0.0)",True
2533,,"(0, 0, 0, 0, 0)","(0.0, 0.0, 0.0, 0.0, -0.0)",True
2534,,"(0, 0, 0, 0, 0)","(0.0, 0.0, 0.0, -0.0, 0.0)",True
2535,,"(0, 0, 0, 0, 0)","(0.0, 0.0, -0.0, 0.0, 0.0)",True
2536,,"(0, 0, 0, 0, 0)","(0.0, -0.0, 0.0, 0.0, 0.0)",True
2537,,"(0, 0, 0, 0, 0)","(-0.0, 0.0, 0.0, 0.0, 0.0)",True
2538,,"(0, 0, 0, 0, 0)","(0.0, 0.0, 0.0, 0.0, 0.0)",True
2539,,"(0, 0, 0, 0, 0)","(0.0, 0.0, 0.0, 0.0, 0.0)",True
2540,,"(0, 0, 0, 0, 0)","(0.0, 0.0, 0.0, 0.0, 0.0)",True
2541,,"(0, 0, 0, 0, 0)","(0.0, 0.0, 0.0, 0.0, 0.0)",True
2542,,"(0, 0, 0, 0, 0)","(0.0, 0.0, 0.0, 0.0, 0.0)",True
2543,,"(0, 0, 0, 0, 0)","(0.0, 0.0, 0.0, 0.0, 0.0)",True
2544,,"(0, 0, 0, 0, 0)","(0.0, 0.0, 0.0, 0.0, 0.0)",True
2545,,"(0, 0, 0, 0, 0)","(0.0, 0.0, 0.0, 0.0, 0.0)",True
2546,,"(0, 0, 0, 0, 0)","(0.0, 0.0, 0.0, 0.0, 0.0)",True
2547,,"(0, 0, 0, 0, 0)","(0.0, 0.0, 0.0, 0.0, 0.0)",True
2548,,"(0, 0, 0, 0, 0)","(0.0, 0.0, 0.0, 0.0, 0.0)",True
2549,,"(0, 0, 0, 0, 0)","(0.0, 0.0, 0.0, 0.0, 0.0)",True
2550,,"(0, 0, 0, 0, 0)","(0.0, 0.0, 0.0, 0.0, 0.0)",True
2551,,"(0, 0, 0, 0, 0)","(0.0, 0.0, 0.0, 0.0, 0.0)",True
2552,,"(0, 0, 0, 0, 0)","(0.0, 0.0, 0.0, 0.0, 0.0)",True
2553,,"(0, 0, 0, 0, 0)","(0.0, 0.0, 0.0, 0.0, 0.0)",True
2554,,"(0, 0, 0, 0, 0)","(0.0, 0.0, 0.0, 0.0, 0.0)",True
2555,,"(0, 0, 0, 0, 0)","(0.0, 0.0, 0.0, 0.0, 0.0)",True
2556,,"(0, 0, 0, 0, 0)","(0.0, 0.0, 0.0, 0.0, 0.0)",True
2557,,"(0, 0, 0, 0, 0)","(0.0, 0.0, 0.0, 0.0, 0.0)",True
2558,,"(0, 0, 0, 0, 0)","(0.0, 0.0, 0.0, 0.0, 0.0)",True
2559,,"(0, 0, 0, 0, 0)","(0.0, 0.0, 0.0, 0.0, 0.0)",True
2560,,"(0, 0, 0, 0, 0)","(0.0, 0.0, 0.0, 0.0, 0.0)",True
2561,,"(0, 0, 0, 0, 0)","(0.0, 0.0, 0.0, 0.0, 0.0)",True
2562,,"(0, 0, 0, 0, 0)","(0.0, 0.0, 0.0, 0.0, 0.0)",True
2563,,"(0, 0, 0, 0, 0)","(0.0, 0.0, 0.0, 0.0, 0.0)",True
2564,,"(0, 0, 0, 0, 0)","(0.0, 0.0, 0.0, 0.0, 0.0)",True
2565,,"(0, 0, 0, 0, 0)","(0.0, 0.0, 0.0, 0.0, 0.0)",True
2566,,"(0, 0, 0, 0, 0)","(0.0, 0.0, 0.0, 0.0, 0.0)",True
2567,,"(0, 0, 0, 0, 0)","(0.0, 0.0, 0.0, 0.0, 0.0)",True
2568,,"(0, 0, 0, 0, 0)","(0.0, 0.0, 0.0, 0.0, 0.0)",True
2569,,"(0, 0, 0, 0, 0)","(0.0, 0.0, 0.0, 0.0, 0.0)",True
2570,,"(0, 0, 0, 0, 0)","(0.0, 0.0, 0.0, 0.0, 0.0)",True
2571,,"(0, 0, 0, 0, 0)","(0.0, 0.0, 0.0, 0.0, 0.0)",True
2572,,"(0, 0, 0, 0, 0)","(0.0, 0.0, 0.0, 0.0, 0.0)",True
2573,,"(0, 0, 0, 0, 0)","(0.0, 0.0, 0.0, 0.0, 0.0)",True
2574,,"(0, 0, 0, 0, 0)","(0.0, 0.0, 0.0, 0.0, 0.0)",True
2575,,"(0, 0, 0, 0, 0)","(0.0, 0.0, 0.0, 0.0, 0.0)",True
2576,,"(0, 0, 0, 0, 0)","(0.0, 0.0, 0.0, 0.0, 0.0)",True
2577,,"(0, 0, 0, 0, 0)","(0.0, 0.0, 0.0, 0.0, 0.0)",True
2578,,"(0, 0, 0, 0, 0)","(0.0, 0.0, 0.0, 0.0, 0.0)",True
2579,,"(0, 0, 0, 0, 0)","(0.0, 0.0, 0.0, 0.0, 0.0)",True
2580,,"(0, 0, 0, 0, 0)","(0.0, 0.0, 0.0, 0.0, 0.0)",True
2581,,"(0, 0, 0, 0, 0)","(0.0, 0.0, 0.0, 0.0, 0.0)",True
2582,,"(0, 0, 0, 0, 0)","(0.0, 0.0, 0.0, 0.0, 0.0)",True
2583,,"(0, 0, 0, 0, 0)","(0.0, 0.0, 0.0, 0.0, 0.0)",True
2584,,"(0, 0, 0, 0, 0)","(0.0, 0.0, 0.0, 0.0, 0.0)",True
2585,,"(0, 0, 0, 0, 0)","(0.0, 0.0, 0.0, 0.0, 0.0)",True
2586,,"(0, 0, 0, 0, 0)","(0.0, 0.0, 0.0, 0.0, 0.0)",True
2587,,"(0, 0, 0, 0, 0)","(0.0, 0.0, 0.0, 0.0, 0.0)",True
2588,,"(0, 0, 0, 0, 0)","(0.0, 0.0, 0.0, 0.0, 0.0)",True
2589,,"(0, 0, 0, 0, 0)","(0.0, 0.0, 0.0, 0.0, 0.0)",True
2590,,"(0, 0, 0, 0, 0)","(0.0, 0.0, 0.0, 0.0, 0.0)",True
2591,,"(0, 0, 0, 0, 0)","(0.0, 0.0, 0.0, 0.0, 0.0)",True
2592,,"(0, 0, 0, 0, 0)","(0.0, 0.0, 0.0, 0.0, 0.0)",True
2593,,"(0, 0, 0, 0, 0)","(0.0, 0.0, 0.0, 0.0, 0.0)",True
2594,,"(0, 0, 0, 0, 0)","(0.0, 0.0, 0.0, 0.0, 0.0)",True
2595,,"(0, 0, 0, 0, 0)","(0.0, 0.0, 0.0, 0.0, 0.0)",True
2596,,"(0, 0, 0, 0, 0)","(0.0, 0.0, 0.0, 0.0, 0.0)",True
2597,,"(0, 0, 0, 0, 0)","(0.0, 0.0, 0.0, 0.0, 0.0)",True
2598,,"(0, 0, 0, 0, 0)","(0.0, 0.0, 0.0, 0.0, 0.0)",True
2599,,"(0, 0, 0, 0, 0)","(0.0, 0.0, 0.0, 0.0, 0.0)",True
2600,,"(0, 0, 0, 0, 0)","(0.0, 0.0, 0.0, 0.0, 0.0)",True
2601,,"(0, 0, 0, 0, 0)","(0.0, 0.0, 0.0, 0.0, 0.0)",True
2602,,"(0, 0, 0, 0, 0)","(0.0, 0.0, 0.0, 0.0, 0.0)",True
2603,,"(0, 0, 0, 0, 0)","(0.0, 0.0, 0.0, 0.0, 0.0)",True
2604,,"(0, 0, 0, 0, 0)","(0.0, 0.0, 0.0, 0.0, 0.0)",True
2605,,"(0, 0, 0, 0, 0)","(0.0, 0.0, 0.0, 0.0, 0.0)",True
2606,,"(0, 0, 0, 0, 0)","(0.0, 0.0, 0.0, 0.0, 0.0)",True
2607,,"(0, 0, 0, 0, 0)","(0.0, 0.0, 0.0, 0.0, 0.0)",True
2608,,"(0, 0, 0, 0, 0)","(0.0, 0.0, 0.0, 0.0, 0.0)",True
2609,,"(0, 0, 0, 0, 0)","(0.0, 0.0, 0.0, 0.0, 0.0)",True
2610,,"(0, 0, 0, 0, 0)","(0.0, 0.0, 0.0, 0.0, 0.0)",True
2611,,"(0, 0, 0, 0, 0)","(0.0, 0.0, 0.0, 0.0, 0.0)",True
2612,,"(0, 0, 0, 0, 0)","(0.0, 0.0, 0.0, 0.0, 0.0)",True
2613,,"(0, 0, 0, 0, 0)","(0.0, 0.0, 0.0, 0.0, 0.0)",True
2614,,"(0, 0, 0, 0, 0)","(0.0, 0.0, 0.0, 0.0, 0.0)",True
2615,,"(0, 0, 0, 0, 0)","(0.0, 0.0, 0.0, 0.0, 0.0)",True
2616,,"(0, 0, 0, 0, 0)","(0.0, 0.0, 0.0, 0.0, 0.0)",True
2617,,"(0, 0, 0, 0, 0)","(0.0, 0.0, 0.0, 0.0, 0.0)",True
2618,,"(0, 0, 0, 0, 0)","(0.0, 0.0, 0.0, 0.0, 0.0)",True
2619,,"(0, 0, 0, 0, 0)","(0.0, 0.0, 0.0, 0.0, 0.0)",True
2620,,"(0, 0, 0, 0, 0)","(0.0, 0.0, 0.0, 0.0, -0.0)",True
2621,,"(0, 0, 0, 0, 0)","(0.0, 0.0, 0.0, -0.0, 0.0)",True
2622,,"(0, 0, 0, 0, 0)","(0.0, 0.0, -0.0, 0.0, 0.0)",True
2623,,"(0, 0, 0, 0, 0)","(0.0, -0.0, 0.0, 0.0, 0.0)",True
2624,,"(0, 0, 0, 0, 0)","(-0.0, 0.0, 0.0, 0.0, 0.0)",True
2625,,"(0, 0, 0, 0, 0)","(0.0, 0.0, 0.0, 0.0, 0.0)",True
2626,,"(0, 0, 0, 0, 0)","(0.0, 0.0, 0.0, 0.0, 0.0)",True
2627,,"(0, 0, 0, 0, 0)","(0.0, 0.0, 0.0, 0.0, 0.0)",True
2628,,"(0, 0, 0, 0, 0)","(0.0, 0.0, 0.0, 0.0, 0.0)",True
2629,,"(0, 0, 0, 0, 0)","(0.0, 0.0, 0.0, 0.0, -0.0)",True
2630,,"(0, 0, 0, 0, 0)","(0.0, 0.0, 0.0, -0.0, 0.0)",True
2631,,"(0, 0, 0, 0, 0)","(0.0, 0.0, -0.0, 0.0, 0.0)",True
2632,,"(0, 0, 0, 0, 0)","(0.0, -0.0, 0.0, 0.0, 0.0)",True
2633,,"(0, 0, 0, 0, 0)","(-0.0, 0.0, 0.0, 0.0, -0.0)",True
2634,,"(0, 0, 0, 0, 0)","(0.0, 0.0, 0.0, -0.0, 0.0)",True
2635,,"(0, 0, 0, 0, 0)","(0.0, 0.0, -0.0, 0.0, 0.0)",True
2636,,"(0, 0, 0, 0, 0)","(0.0, -0.0, 0.0, 0.0, 0.0)",True
2637,,"(0, 0, 0, 0, 0)","(-0.0, 0.0, 0.0, 0.0, 0.0)",True
2638,,"(0, 0, 0, 0, 0)","(0.0, 0.0, 0.0, 0.0, 0.0)",True
2639,,"(0, 0, 0, 0, 0)","(0.0, 0.0, 0.0, 0.0, 0.0)",True
2640,,"(0, 0, 0, 0, 0)","(0.0, 0.0, 0.0, 0.0, 0.0)",True
2641,,"(0, 0, 0, 0, 0)","(0.0, 0.0, 0.0, 0.0, 0.0)",True
2642,,"(0, 0, 0, 0, 0)","(0.0, 0.0, 0.0, 0.0, 0.0)",True
2643,,"(0, 0, 0, 0, 0)","(0.0, 0.0, 0.0, 0.0, 0.0)",True
2644,,"(0, 0, 0, 0, 0)","(0.0, 0.0, 0.0, 0.0, 0.0)",True
2645,,"(0, 0, 0, 0, 0)","(0.0, 0.0, 0.0, 0.0, 0.0)",True
2646,,"(0, 0, 0, 0, 0)","(0.0, 0.0, 0.0, 0.0, 0.0)",True
2647,,"(0, 0, 0, 0, 0)","(0.0, 0.0, 0.0, 0.0, 0.0)",True
2648,,"(0, 0, 0, 0, 0)","(0.0, 0.0, 0.0, 0.0, 0.0)",True
2649,,"(0, 0, 0, 0, 0)","(0.0, 0.0, 0.0, 0.0, 0.0)",True
2650,,"(0, 0, 0, 0, 0)","(0.0, 0.0, 0.0, 0.0, 0.0)",True
2651,,"(0, 0, 0, 0, 0)","(0.0, 0.0, 0.0, 0.0, 0.0)",True
2652,,"(0, 0, 0, 0, 0)","(0.0, 0.0, 0.0, 0.0, 0.0)",True
2653,,"(0, 0, 0, 0, 0)","(0.0, 0.0, 0.0, 0.0, 0.0)",True
2654,,"(0, 0, 0, 0, 0)","(0.0, 0.0, 0.0, 0.0, 0.0)",True
2655,,"(0, 0, 0, 0, 0)","(0.0, 0.0, 0.0, 0.0, 0.0)",True
2656,,"(0, 0, 0, 0, 0)","(0.0, 0.0, 0.0, 0.0, 0.0)",True
2657,,"(0, 0, 0, 0, 0)","(0.0, 0.0, 0.0, 0.0, 0.0)",True
2658,,"(0, 0, 0, 0, 0)","(0.0, 0.0, 0.0, 0.0, 0.0)",True
2659,,"(0, 0, 0, 0, 0)","(0.0, 0.0, 0.0, 0.0, 0.0)",True
2660,,"(0, 0, 0, 0, 0)","(0.0, 0.0, 0.0, 0.0, 0.0)",True
2661,,"(0, 0, 0, 0, 0)","(0.0, 0.0, 0.0, 0.0, 0.0)",True
2662,,"(0, 0, 0, 0, 0)","(0.0, 0.0, 0.0, 0.0, 0.0)",True
2663,,"(0, 0, 0, 0, 0)","(0.0, 0.0, 0.0, 0.0, 0.0)",True
2664,,"(0, 0, 0, 0, 0)","(0.0, 0.0, 0.0, 0.0, 0.0)",True
2665,,"(0, 0, 0, 0, 0)","(0.0, 0.0, 0.0, 0.0, 0.0)",True
2666,,"(0, 0, 0, 0, 0)","(0.0, 0.0, 0.0, 0.0, 0.0)",True
2667,,"(0, 0, 0, 0, 0)","(0.0, 0.0, 0.0, 0.0, 0.0)",True
2668,,"(0, 0, 0, 0, 0)","(0.0, 0.0, 0.0, 0.0, 0.0)",True
2669,,"(0, 0, 0, 0, 0)","(0.0, 0.0, 0.0, 0.0, 0.0)",True
2670,,"(0, 0, 0, 0, 0)","(0.0, 0.0, 0.0, 0.0, 0.0)",True
2671,,"(0, 0, 0, 0, 0)","(0.0, 0.0, 0.0, 0.0, 0.0)",True
2672,,"(0, 0, 0, 0, 0)","(0.0, 0.0, 0.0, 0.0, 0.0)",True
2673,,"(0, 0, 0, 0, 0)","(0.0, 0.0, 0.0, 0.0, 0.0)",True
2674,,"(0, 0, 0, 0, 0)","(0.0, 0.0, 0.0, 0.0, 0.0)",True
2675,,"(0, 0, 0, 0, 0)","(0.0, 0.0, 0.0, 0.0, 0.0)",True
2676,,"(0, 0, 0, 0, 0)","(0.0, 0.0, 0.0, 0.0, 0.0)",True
2677,,"(0, 0, 0, 0, 0)","(0.0, 0.0, 0.0, 0.0, 0.0)",True
2678,,"(0, 0, 0, 0, 0)","(0.0, 0.0, 0.0, 0.0, 0.0)",True
2679,,"(0, 0, 0, 0, 0)","(0.0, 0.0, 0.0, 0.0, 0.0)",True
2680,,"(0, 0, 0, 0, 0)","(0.0, 0.0, 0.0, 0.0, 0.0)",True
2681,,"(0, 0, 0, 0, 0)","(0.0, 0.0, 0.0, 0.0, 0.0)",True
2682,,"(0, 0, 0, 0, 0)","(0.0, 0.0, 0.0, 0.0, 0.0)",True
2683,,"(0, 0, 0, 0, 0)","(0.0, 0.0, 0.0, 0.0, 0.0)",True
2684,,"(0, 0, 0, 0, 0)","(0.0, 0.0, 0.0, 0.0, 0.0)",True
2685,,"(0, 0, 0, 0, 0)","(0.0, 0.0, 0.0, 0.0, 0.0)",True
2686,,"(0, 0, 0, 0, 0)","(0.0, 0.0, 0.0, 0.0, 0.0)",True
2687,,"(0, 0, 0, 0, 0)","(0.0, 0.0, 0.0, 0.0, 0.0)",True
2688,,"(0, 0, 0, 0, 0)","(0.0, 0.0, 0.0, 0.0, 0.0)",True
2689,,"(0, 0, 0, 0, 0)","(0.0, 0.0, 0.0, 0.0, 0.0)",True
2690,,"(0, 0, 0, 0, 0)","(0.0, 0.0, 0.0, 0.0, 0.0)",True
2691,,"(0, 0, 0, 0, 0)","(0.0, 0.0, 0.0, 0.0, 0.0)",True
2692,,"(0, 0, 0, 0, 0)","(0.0, 0.0, 0.0, 0.0, 0.0)",True
2693,,"(0, 0, 0, 0, 0)","(0.0, 0.0, 0.0, 0.0, 0.0)",True
2694,,"(0, 0, 0, 0, 0)","(0.0, 0.0, 0.0, 0.0, 0.0)",True
2695,,"(0, 0, 0, 0, 0)","(0.0, 0.0, 0.0, 0.0, 0.0)",True
2696,,"(0, 0, 0, 0, 0)","(0.0, 0.0, 0.0, 0.0, 0.0)",True
2697,,"(0, 0, 0, 0, 0)","(0.0, 0.0, 0.0, 0.0, 0.0)",True
2698,,"(0, 0, 0, 0, 0)","(0.0, 0.0, 0.0, 0.0, 0.0)",True
2699,,"(0, 0, 0, 0, 0)","(0.0, 0.0, 0.0, 0.0, 0.0)",True
2700,,"(0, 0, 0, 0, 0)","(0.0, 0.0, 0.0, 0.0, 0.0)",True
2701,,"(0, 0, 0, 0, 0)","(0.0, 0.0, 0.0, 0.0, 0.0)",True
2702,,"(0, 0, 0, 0, 0)","(0.0, 0.0, 0.0, 0.0, 0.0)",True
2703,,"(0, 0, 0, 0, 0)","(0.0, 0.0, 0.0, 0.0, 0.0)",True
2704,,"(0, 0, 0, 0, 0)","(0.0, 0.0, 0.0, 0.0, 0.0)",True
2705,,"(0, 0, 0, 0, 0)","(0.0, 0.0, 0.0, 0.0, 0.0)",True
2706,,"(0, 0, 0, 0, 0)","(0.0, 0.0, 0.0, 0.0, 0.0)",True
2707,,"(0, 0, 0, 0, 0)","(0.0, 0.0, 0.0, 0.0, 0.0)",True
2708,,"(0, 0, 0, 0, 0)","(0.0, 0.0, 0.0, 0.0, 0.0)",True
2709,,"(0, 0, 0, 0, 0)","(0.0, 0.0, 0.0, 0.0, 0.0)",True
2710,,"(0, 0, 0, 0, 0)","(0.0, 0.0, 0.0, 0.0, 0.0)",True
2711,,"(0, 0, 0, 0, 0)","(0.0, 0.0, 0.0, 0.0, 0.0)",True
2712,,"(0, 0, 0, 0, 0)","(0.0, 0.0, 0.0, 0.0, 0.0)",True
2713,,"(0, 0, 0, 0, 0)","(0.0, 0.0, 0.0, 0.0, 0.0)",True
2714,,"(0, 0, 0, 0, 0)","(0.0, 0.0, 0.0, 0.0, 0.0)",True
2715,,"(0, 0, 0, 0, 0)","(0.0, 0.0, 0.0, 0.0, 0.0)",True
2716,,"(0, 0, 0, 0, 0)","(0.0, 0.0, 0.0, 0.0, 0.0)",True
2717,,"(0, 0, 0, 0, 0)","(0.0, 0.0, 0.0, 0.0, 0.0)",True
2718,,"(0, 0, 0, 0, 0)","(0.0, 0.0, 0.0, 0.0, 0.0)",True
2719,,"(0, 0, 0, 0, 0)","(0.0, 0.0, 0.0, 0.0, 0.0)",True
2720,,"(0, 0, 0, 0, 0)","(0.0, 0.0, 0.0, 0.0, 0.0)",True
2721,,"(0, 0, 0, 0, 0)","(0.0, 0.0, 0.0, 0.0, 0.0)",True
2722,,"(0, 0, 0, 0, 0)","(0.0, 0.0, 0.0, 0.0, 0.0)",True
2723,,"(0, 0, 0, 0, 0)","(0.0, 0.0, 0.0, 0.0, 0.0)",True
2724,,"(0, 0, 0, 0, 0)","(0.0, 0.0, 0.0, 0.0, 0.0)",True
2725,,"(0, 0, 0, 0, 0)","(0.0, 0.0, 0.0, 0.0, 0.0)",True
2726,,"(0, 0, 0, 0, 0)","(0.0, 0.0, 0.0, 0.0, 0.0)",True
2727,,"(0, 0, 0, 0, 0)","(0.0, 0.0, 0.0, 0.0, 0.0)",True
2728,,"(0, 0, 0, 0, 0)","(0.0, 0.0, 0.0, 0.0, 0.0)",True
2729,,"(0, 0, 0, 0, 0)","(0.0, 0.0, 0.0, 0.0, 0.0)",True
2730,,"(0, 0, 0, 0, 0)","(0.0, 0.0, 0.0, 0.0, 0.0)",True
2731,,"(0, 0, 0, 0, 0)","(0.0, 0.0, 0.0, 0.0, 0.0)",True
2732,,"(0, 0, 0, 0, 0)","(0.0, 0.0, 0.0, 0.0, 0.0)",True
2733,,"(0, 0, 0, 0, 0)","(0.0, 0.0, 0.0, 0.0, 0.0)",True
2734,,"(0, 0, 0, 0, 0)","(0.0, 0.0, 0.0, 0.0, 0.0)",True
2735,,"(0, 0, 0, 0, 0)","(0.0, 0.0, 0.0, 0.0, 0.0)",True
2736,,"(0, 0, 0, 0, 0)","(0.0, 0.0, 0.0, 0.0, 0.0)",True
2737,,"(0, 0, 0, 0, 0)","(0.0, 0.0, 0.0, 0.0, 0.0)",True
2738,,"(0, 0, 0, 0, 0)","(0.0, 0.0, 0.0, 0.0, 0.0)",True
2739,,"(0, 0, 0, 0, 0)","(0.0, 0.0, 0.0, 0.0, 0.0)",True
2740,,"(0, 0, 0, 0, 0)","(0.0, 0.0, 0.0, 0.0, 0.0)",True
2741,,"(0, 0, 0, 0, 0)","(0.0, 0.0, 0.0, 0.0, 0.0)",True
2742,,"(0, 0, 0, 0, 0)","(0.0, 0.0, 0.0, 0.0, 0.0)",True
2743,,"(0, 0, 0, 0, 0)","(0.0, 0.0, 0.0, 0.0, 0.0)",True
2744,,"(0, 0, 0, 0, 0)","(0.0, 0.0, 0.0, 0.0, 0.0)",True
2745,,"(0, 0, 0, 0, 0)","(0.0, 0.0, 0.0, 0.0, 0.0)",True
2746,,"(0, 0, 0, 0, 0)","(0.0, 0.0, 0.0, 0.0, 0.0)",True
2747,,"(0, 0, 0, 0, 0)","(0.0, 0.0, 0.0, 0.0, 0.0)",True
2748,,"(0, 0, 0, 0, 0)","(0.0, 0.0, 0.0, 0.0, 0.0)",True
2749,,"(0, 0, 0, 0, 0)","(0.0, 0.0, 0.0, 0.0, 0.0)",True
2750,,"(0, 0, 0, 0, 0)","(0.0, 0.0, 0.0, 0.0, 0.0)",True
2751,,"(0, 0, 0, 0, 0)","(0.0, 0.0, 0.0, 0.0, 0.0)",True
2752,,"(0, 0, 0, 0, 0)","(0.0, 0.0, 0.0, 0.0, 0.0)",True
2753,,"(0, 0, 0, 0, 0)","(0.0, 0.0, 0.0, 0.0, 0.0)",True
2754,,"(0, 0, 0, 0, 0)","(0.0, 0.0, 0.0, 0.0, 0.0)",True
2755,,"(0, 0, 0, 0, 0)","(0.0, 0.0, 0.0, 0.0, 0.0)",True
2756,,"(0, 0, 0, 0, 0)","(0.0, 0.0, 0.0, 0.0, 0.0)",True
2757,,"(0, 0, 0, 0, 0)","(0.0, 0.0, 0.0, 0.0, 0.0)",True
2758,,"(0, 0, 0, 0, 0)","(0.0, 0.0, 0.0, 0.0, 0.0)",True
2759,,"(0, 0, 0, 0, 0)","(0.0, 0.0, 0.0, 0.0, 0.0)",True
2760,,"(0, 0, 0, 0, 0)","(0.0, 0.0, 0.0, 0.0, 0.0)",True
2761,,"(0, 0, 0, 0, 0)","(0.0, 0.0, 0.0, 0.0, 0.0)",True
2762,,"(0, 0, 0, 0, 0)","(0.0, 0.0, 0.0, 0.0, 0.0)",True
2763,,"(0, 0, 0, 0, 0)","(0.0, 0.0, 0.0, 0.0, 0.0)",True
2764,,"(0, 0, 0, 0, 0)","(0.0, 0.0, 0.0, 0.0, 0.0)",True
2765,,"(0, 0, 0, 0, 0)","(0.0, 0.0, 0.0, 0.0, 0.0)",True
2766,,"(0, 0, 0, 0, 0)","(0.0, 0.0, 0.0, 0.0, 0.0)",True
2767,,"(0, 0, 0, 0, 0)","(0.0, 0.0, 0.0, 0.0, 0.0)",True
2768,,"(0, 0, 0, 0, 0)","(0.0, 0.0, 0.0, 0.0, 0.0)",True
2769,,"(0, 0, 0, 0, 0)","(0.0, 0.0, 0.0, 0.0, 0.0)",True
2770,,"(0, 0, 0, 0, 0)","(0.0, 0.0, 0.0, 0.0, 0.0)",True
2771,,"(0, 0, 0, 0, 0)","(0.0, 0.0, 0.0, 0.0, 0.0)",True
2772,,"(0, 0, 0, 0, 0)","(0.0, 0.0, 0.0, 0.0, 0.0)",True
2773,,"(0, 0, 0, 0, 0)","(0.0, 0.0, 0.0, 0.0, 0.0)",True
2774,,"(0, 0, 0, 0, 0)","(0.0, 0.0, 0.0, 0.0, 0.0)",True
2775,,"(0, 0, 0, 0, 0)","(0.0, 0.0, 0.0, 0.0, 0.0)",True
2776,,"(0, 0, 0, 0, 0)","(0.0, 0.0, 0.0, 0.0, 0.0)",True
2777,,"(0, 0, 0, 0, 0)","(0.0, 0.0, 0.0, 0.0, 0.0)",True
2778,,"(0, 0, 0, 0, 0)","(0.0, 0.0, 0.0, 0.0, 0.0)",True
2779,,"(0, 0, 0, 0, 0)","(0.0, 0.0, 0.0, 0.0, 0.0)",True
2780,,"(0, 0, 0, 0, 0)","(0.0, 0.0, 0.0, 0.0, 0.0)",True
2781,,"(0, 0, 0, 0, 0)","(0.0, 0.0, 0.0, 0.0, 0.0)",True
2782,,"(0, 0, 0, 0, 0)","(0.0, 0.0, 0.0, 0.0, 0.0)",True
2783,,"(0, 0, 0, 0, 0)","(0.0, 0.0, 0.0, 0.0, 0.0)",True
2784,,"(0, 0, 0, 0, 0)","(0.0, 0.0, 0.0, 0.0, 0.0)",True
2785,,"(0, 0, 0, 0, 0)","(0.0, 0.0, 0.0, 0.0, 0.0)",True
2786,,"(0, 0, 0, 0, 0)","(0.0, 0.0, 0.0, 0.0, 0.0)",True
2787,,"(0, 0, 0, 0, 0)","(0.0, 0.0, 0.0, 0.0, 0.0)",True
2788,,"(0, 0, 0, 0, 0)","(0.0, 0.0, 0.0, 0.0, 0.0)",True
2789,,"(0, 0, 0, 0, 0)","(0.0, 0.0, 0.0, 0.0, 0.0)",True
2790,,"(0, 0, 0, 0, 0)","(0.0, 0.0, 0.0, 0.0, 0.0)",True
2791,,"(0, 0, 0, 0, 0)","(0.0, 0.0, 0.0, 0.0, 0.0)",True
2792,,"(0, 0, 0, 0, 0)","(0.0, 0.0, 0.0, 0.0, 0.0)",True
2793,,"(0, 0, 0, 0, 0)","(0.0, 0.0, 0.0, 0.0, 0.0)",True
2794,,"(0, 0, 0, 0, 0)","(0.0, 0.0, 0.0, 0.0, 0.0)",True
2795,,"(0, 0, 0, 0, 0)","(0.0, 0.0, 0.0, 0.0, 0.0)",True
2796,,"(0, 0, 0, 0, 0)","(0.0, 0.0, 0.0, 0.0, 0.0)",True
2797,,"(0, 0, 0, 0, 0)","(0.0, 0.0, 0.0, 0.0, 0.0)",True
2798,,"(0, 0, 0, 0, 0)","(0.0, 0.0, 0.0, 0.0, 0.0)",True
2799,,"(0, 0, 0, 0, 0)","(0.0, 0.0, 0.0, 0.0, 0.0)",True
2800,,"(0, 0, 0, 0, 0)","(0.0, 0.0, 0.0, 0.0, 0.0)",True
2801,,"(0, 0, 0, 0, 0)","(0.0, 0.0, 0.0, 0.0, 0.0)",True
2802,,"(0, 0, 0, 0, 0)","(0.0, 0.0, 0.0, 0.0, 0.0)",True
2803,,"(0, 0, 0, 0, 0)","(0.0, 0.0, 0.0, 0.0, 0.0)",True
2804,,"(0, 0, 0, 0, 0)","(0.0, 0.0, 0.0, 0.0, 0.0)",True
2805,,"(0, 0, 0, 0, 0)","(0.0, 0.0, 0.0, 0.0, 0.0)",True
2806,,"(0, 0, 0, 0, 0)","(0.0, 0.0, 0.0, 0.0, 0.0)",True
2807,,"(0, 0, 0, 0, 0)","(0.0, 0.0, 0.0, 0.0, 0.0)",True
2808,,"(0, 0, 0, 0, 0)","(0.0, 0.0, 0.0, 0.0, 0.0)",True
2809,,"(0, 0, 0, 0, 0)","(0.0, 0.0, 0.0, 0.0, 0.0)",True
2810,,"(0, 0, 0, 0, 0)","(0.0, 0.0, 0.0, 0.0, 0.0)",True
2811,,"(0, 0, 0, 0, 0)","(0.0, 0.0, 0.0, 0.0, 0.0)",True
2812,,"(0, 0, 0, 0, 0)","(0.0, 0.0, 0.0, 0.0, 0.0)",True
2813,,"(0, 0, 0, 0, 0)","(0.0, 0.0, 0.0, 0.0, 0.0)",True
2814,,"(0, 0, 0, 0, 0)","(0.0, 0.0, 0.0, 0.0, 0.0)",True
2815,,"(0, 0, 0, 0, 0)","(0.0, 0.0, 0.0, 0.0, 0.0)",True
2816,,"(0, 0, 0, 0, 0)","(0.0, 0.0, 0.0, 0.0, 0.0)",True
2817,,"(0, 0, 0, 0, 0)","(0.0, 0.0, 0.0, 0.0, 0.0)",True
2818,,"(0, 0, 0, 0, 0)","(0.0, 0.0, 0.0, 0.0, 0.0)",True
2819,,"(0, 0, 0, 0, 0)","(0.0, 0.0, 0.0, 0.0, 0.0)",True
2820,,"(0, 0, 0, 0, 0)","(0.0, 0.0, 0.0, 0.0, 0.0)",True
2821,,"(0, 0, 0, 0, 0)","(0.0, 0.0, 0.0, 0.0, 0.0)",True
2822,,"(0, 0, 0, 0, 0)","(0.0, 0.0, 0.0, 0.0, 0.0)",True
2823,,"(0, 0, 0, 0, 0)","(0.0, 0.0, 0.0, 0.0, 0.0)",True
2824,,"(0, 0, 0, 0, 0)","(0.0, 0.0, 0.0, 0.0, 0.0)",True
2825,,"(0, 0, 0, 0, 0)","(0.0, 0.0, 0.0, 0.0, 0.0)",True
2826,,"(0, 0, 0, 0, 0)","(0.0, 0.0, 0.0, 0.0, 0.0)",True
2827,,"(0, 0, 0, 0, 0)","(0.0, 0.0, 0.0, 0.0, 0.0)",True
2828,,"(0, 0, 0, 0, 0)","(0.0, 0.0, 0.0, 0.0, 0.0)",True
2829,,"(0, 0, 0, 0, 0)","(0.0, 0.0, 0.0, 0.0, 0.0)",True
2830,,"(0, 0, 0, 0, 0)","(0.0, 0.0, 0.0, 0.0, 0.0)",True
2831,,"(0, 0, 0, 0, 0)","(0.0, 0.0, 0.0, 0.0, 0.0)",True
2832,,"(0, 0, 0, 0, 0)","(0.0, 0.0, 0.0, 0.0, 0.0)",True
2833,,"(0, 0, 0, 0, 0)","(0.0, 0.0, 0.0, 0.0, 0.0)",True
2834,,"(0, 0, 0, 0, 0)","(0.0, 0.0, 0.0, 0.0, 0.0)",True
2835,,"(0, 0, 0, 0, 0)","(0.0, 0.0, 0.0, 0.0, 0.0)",True
2836,,"(0, 0, 0, 0, 0)","(0.0, 0.0, 0.0, 0.0, 0.0)",True
2837,,"(0, 0, 0, 0, 0)","(0.0, 0.0, 0.0, 0.0, 0.0)",True
2838,,"(0, 0, 0, 0, 0)","(0.0, 0.0, 0.0, 0.0, 0.0)",True
2839,,"(0, 0, 0, 0, 0)","(0.0, 0.0, 0.0, 0.0, 0.0)",True
2840,,"(0, 0, 0, 0, 0)","(0.0, 0.0, 0.0, 0.0, 0.0)",True
2841,,"(0, 0, 0, 0, 0)","(0.0, 0.0, 0.0, 0.0, 0.0)",True
2842,,"(0, 0, 0, 0, 0)","(0.0, 0.0, 0.0, 0.0, 0.0)",True
2843,,"(0, 0, 0, 0, 0)","(0.0, 0.0, 0.0, 0.0, 0.0)",True
2844,,"(0, 0, 0, 0, 0)","(0.0, 0.0, 0.0, 0.0, 0.0)",True
2845,,"(0, 0, 0, 0, 0)","(0.0, 0.0, 0.0, 0.0, 0.0)",True
2846,,"(0, 0, 0, 0, 0)","(0.0, 0.0, 0.0, 0.0, 0.0)",True
2847,,"(0, 0, 0, 0, 0)","(0.0, 0.0, 0.0, 0.0, 0.0)",True
2848,,"(0, 0, 0, 0, 0)","(0.0, 0.0, 0.0, 0.0, 0.0)",True
2849,,"(0, 0, 0, 0, 0)","(0.0, 0.0, 0.0, 0.0, 0.0)",True
2850,,"(0, 0, 0, 0, 0)","(0.0, 0.0, 0.0, 0.0, 0.0)",True
2851,,"(0, 0, 0, 0, 0)","(0.0, 0.0, 0.0, 0.0, 0.0)",True
2852,,"(0, 0, 0, 0, 0)","(0.0, 0.0, 0.0, 0.0, 0.0)",True
2853,,"(0, 0, 0, 0, 0)","(0.0, 0.0, 0.0, 0.0, 0.0)",True
2854,,"(0, 0, 0, 0, 0)","(0.0, 0.0, 0.0, 0.0, 0.0)",True
2855,,"(0, 0, 0, 0, 0)","(0.0, 0.0, 0.0, 0.0, 0.0)",True
2856,,"(0, 0, 0, 0, 0)","(0.0, 0.0, 0.0, 0.0, 0.0)",True
2857,,"(0, 0, 0, 0, 0)","(0.0, 0.0, 0.0, 0.0, 0.0)",True
2858,,"(0, 0, 0, 0, 0)","(0.0, 0.0, 0.0, 0.0, 0.0)",True
2859,,"(0, 0, 0, 0, 0)","(0.0, 0.0, 0.0, 0.0, 0.0)",True
2860,,"(0, 0, 0, 0, 0)","(0.0, 0.0, 0.0, 0.0, 0.0)",True
2861,,"(0, 0, 0, 0, 0)","(0.0, 0.0, 0.0, 0.0, 0.0)",True
2862,,"(0, 0, 0, 0, 0)","(0.0, 0.0, 0.0, 0.0, 0.0)",True
2863,,"(0, 0, 0, 0, 0)","(0.0, 0.0, 0.0, 0.0, 0.0)",True
2864,,"(0, 0, 0, 0, 0)","(0.0, 0.0, 0.0, 0.0, 0.0)",True
2865,,"(0, 0, 0, 0, 0)","(0.0, 0.0, 0.0, 0.0, 0.0)",True
2866,,"(0, 0, 0, 0, 0)","(0.0, 0.0, 0.0, 0.0, 0.0)",True
2867,,"(0, 0, 0, 0, 0)","(0.0, 0.0, 0.0, 0.0, 0.0)",True
2868,,"(0, 0, 0, 0, 0)","(0.0, 0.0, 0.0, 0.0, 0.0)",True
2869,,"(0, 0, 0, 0, 0)","(0.0, 0.0, 0.0, 0.0, 0.0)",True
2870,,"(0, 0, 0, 0, 0)","(0.0, 0.0, 0.0, 0.0, 0.0)",True
2871,,"(0, 0, 0, 0, 0)","(0.0, 0.0, 0.0, 0.0, 0.0)",True
2872,,"(0, 0, 0, 0, 0)","(0.0, 0.0, 0.0, 0.0, 0.0)",True
2873,,"(0, 0, 0, 0, 0)","(0.0, 0.0, 0.0, 0.0, 0.0)",True
2874,,"(0, 0, 0, 0, 0)","(0.0, 0.0, 0.0, 0.0, 0.0)",True
2875,,"(0, 0, 0, 0, 0)","(0.0, 0.0, 0.0, 0.0, 0.0)",True
2876,,"(0, 0, 0, 0, 0)","(0.0, 0.0, 0.0, 0.0, 0.0)",True
2877,,"(0, 0, 0, 0, 0)","(0.0, 0.0, 0.0, 0.0, 0.0)",True
2878,,"(0, 0, 0, 0, 0)","(0.0, 0.0, 0.0, 0.0, 0.0)",True
2879,,"(0, 0, 0, 0, 0)","(0.0, 0.0, 0.0, 0.0, 0.0)",True
2880,,"(0, 0, 0, 0, 0)","(0.0, 0.0, 0.0, 0.0, 0.0)",True
2881,,"(0, 0, 0, 0, 0)","(0.0, 0.0, 0.0, 0.0, 0.0)",True
2882,,"(0, 0, 0, 0, 0)","(0.0, 0.0, 0.0, 0.0, -0.0)",True
2883,,"(0, 0, 0, 0, 0)","(0.0, 0.0, 0.0, -0.0, 0.0)",True
2884,,"(0, 0, 0, 0, 0)","(0.0, 0.0, -0.0, 0.0, 0.0)",True
2885,,"(0, 0, 0, 0, 0)","(0.0, -0.0, 0.0, 0.0, 0.0)",True
2886,,"(0, 0, 0, 0, 0)","(-0.0, 0.0, 0.0, 0.0, 0.0)",True
2887,,"(0, 0, 0, 0, 0)","(0.0, 0.0, 0.0, 0.0, 0.0)",True
2888,,"(0, 0, 0, 0, 0)","(0.0, 0.0, 0.0, 0.0, 0.0)",True
2889,,"(0, 0, 0, 0, 0)","(0.0, 0.0, 0.0, 0.0, 0.0)",True
2890,,"(0, 0, 0, 0, 0)","(0.0, 0.0, 0.0, 0.0, 0.0)",True
2891,,"(0, 0, 0, 0, 0)","(0.0, 0.0, 0.0, 0.0, 0.0)",True
2892,,"(0, 0, 0, 0, 0)","(0.0, 0.0, 0.0, 0.0, 0.0)",True
2893,,"(0, 0, 0, 0, 0)","(0.0, 0.0, 0.0, 0.0, 0.0)",True
2894,,"(0, 0, 0, 0, 0)","(0.0, 0.0, 0.0, 0.0, 0.0)",True
2895,,"(0, 0, 0, 0, 0)","(0.0, 0.0, 0.0, 0.0, 0.0)",True
2896,,"(0, 0, 0, 0, 0)","(0.0, 0.0, 0.0, 0.0, 0.0)",True
2897,,"(0, 0, 0, 0, 0)","(0.0, 0.0, 0.0, 0.0, -0.0)",True
2898,,"(0, 0, 0, 0, 0)","(0.0, 0.0, 0.0, -0.0, 0.0)",True
2899,,"(0, 0, 0, 0, 0)","(0.0, 0.0, -0.0, 0.0, 0.0)",True
2900,,"(0, 0, 0, 0, 0)","(0.0, -0.0, 0.0, 0.0, 0.0)",True
2901,,"(0, 0, 0, 0, 0)","(-0.0, 0.0, 0.0, 0.0, 0.0)",True
2902,,"(0, 0, 0, 0, 0)","(0.0, 0.0, 0.0, 0.0, 0.0)",True
2903,,"(0, 0, 0, 0, 0)","(0.0, 0.0, 0.0, 0.0, 0.0)",True
2904,,"(0, 0, 0, 0, 0)","(0.0, 0.0, 0.0, 0.0, 0.0)",True
2905,,"(0, 0, 0, 0, 0)","(0.0, 0.0, 0.0, 0.0, 0.0)",True
2906,,"(0, 0, 0, 0, 0)","(0.0, 0.0, 0.0, 0.0, 0.0)",True
2907,,"(0, 0, 0, 0, 0)","(0.0, 0.0, 0.0, 0.0, 0.0)",True
2908,,"(0, 0, 0, 0, 0)","(0.0, 0.0, 0.0, 0.0, 0.0)",True
2909,,"(0, 0, 0, 0, 0)","(0.0, 0.0, 0.0, 0.0, 0.0)",True
2910,,"(0, 0, 0, 0, 0)","(0.0, 0.0, 0.0, 0.0, 0.0)",True
2911,,"(0, 0, 0, 0, 0)","(0.0, 0.0, 0.0, 0.0, 0.0)",True
2912,,"(0, 0, 0, 0, 0)","(0.0, 0.0, 0.0, 0.0, 0.0)",True
2913,,"(0, 0, 0, 0, 0)","(0.0, 0.0, 0.0, 0.0, 0.0)",True
2914,,"(0, 0, 0, 0, 0)","(0.0, 0.0, 0.0, 0.0, 0.0)",True
2915,,"(0, 0, 0, 0, 0)","(0.0, 0.0, 0.0, 0.0, 0.0)",True
2916,,"(0, 0, 0, 0, 0)","(0.0, 0.0, 0.0, 0.0, -0.0)",True
2917,,"(0, 0, 0, 0, 0)","(0.0, 0.0, 0.0, -0.0, 0.0)",True
2918,,"(0, 0, 0, 0, 0)","(0.0, 0.0, -0.0, 0.0, 0.0)",True
2919,,"(0, 0, 0, 0, 0)","(0.0, -0.0, 0.0, 0.0, 0.0)",True
2920,,"(0, 0, 0, 0, 0)","(-0.0, 0.0, 0.0, 0.0, 0.0)",True
2921,,"(0, 0, 0, 0, 0)","(0.0, 0.0, 0.0, 0.0, 0.0)",True
2922,,"(0, 0, 0, 0, 0)","(0.0, 0.0, 0.0, 0.0, 0.0)",True
2923,,"(0, 0, 0, 0, 0)","(0.0, 0.0, 0.0, 0.0, 0.0)",True
2924,,"(0, 0, 0, 0, 0)","(0.0, 0.0, 0.0, 0.0, 0.0)",True
2925,,"(0, 0, 0, 0, 0)","(0.0, 0.0, 0.0, 0.0, 0.0)",True
2926,,"(0, 0, 0, 0, 0)","(0.0, 0.0, 0.0, 0.0, 0.0)",True
2927,,"(0, 0, 0, 0, 0)","(0.0, 0.0, 0.0, 0.0, 0.0)",True
2928,,"(0, 0, 0, 0, 0)","(0.0, 0.0, 0.0, 0.0, 0.0)",True
2929,,"(0, 0, 0, 0, 0)","(0.0, 0.0, 0.0, 0.0, 0.0)",True
2930,,"(0, 0, 0, 0, 0)","(0.0, 0.0, 0.0, 0.0, 0.0)",True
2931,,"(0, 0, 0, 0, 0)","(0.0, 0.0, 0.0, 0.0, 0.0)",True
2932,,"(0, 0, 0, 0, 0)","(0.0, 0.0, 0.0, 0.0, 0.0)",True
2933,,"(0, 0, 0, 0, 0)","(0.0, 0.0, 0.0, 0.0, 0.0)",True
2934,,"(0, 0, 0, 0, 0)","(0.0, 0.0, 0.0, 0.0, 0.0)",True
2935,,"(0, 0, 0, 0, 0)","(0.0, 0.0, 0.0, 0.0, 0.0)",True
2936,,"(0, 0, 0, 0, 0)","(0.0, 0.0, 0.0, 0.0, 0.0)",True
2937,,"(0, 0, 0, 0, 0)","(0.0, 0.0, 0.0, 0.0, 0.0)",True
2938,,"(0, 0, 0, 0, 0)","(0.0, 0.0, 0.0, 0.0, 0.0)",True
2939,,"(0, 0, 0, 0, 0)","(0.0, 0.0, 0.0, 0.0, 0.0)",True
2940,,"(0, 0, 0, 0, 0)","(0.0, 0.0, 0.0, 0.0, 0.0)",True
2941,,"(0, 0, 0, 0, 0)","(0.0, 0.0, 0.0, 0.0, 0.0)",True
2942,,"(0, 0, 0, 0, 0)","(0.0, 0.0, 0.0, 0.0, 0.0)",True
2943,,"(0, 0, 0, 0, 0)","(0.0, 0.0, 0.0, 0.0, 0.0)",True
2944,,"(0, 0, 0, 0, 0)","(0.0, 0.0, 0.0, 0.0, 0.0)",True
2945,,"(0, 0, 0, 0, 0)","(0.0, 0.0, 0.0, 0.0, 0.0)",True
2946,,"(0, 0, 0, 0, 0)","(0.0, 0.0, 0.0, 0.0, 0.0)",True
2947,,"(0, 0, 0, 0, 0)","(0.0, 0.0, 0.0, 0.0, 0.0)",True
2948,,"(0, 0, 0, 0, 0)","(0.0, 0.0, 0.0, 0.0, 0.0)",True
2949,,"(0, 0, 0, 0, 0)","(0.0, 0.0, 0.0, 0.0, 0.0)",True
2950,,"(0, 0, 0, 0, 0)","(0.0, 0.0, 0.0, 0.0, 0.0)",True
2951,,"(0, 0, 0, 0, 0)","(0.0, 0.0, 0.0, 0.0, 0.0)",True
2952,,"(0, 0, 0, 0, 0)","(0.0, 0.0, 0.0, 0.0, 0.0)",True
2953,,"(0, 0, 0, 0, 0)","(0.0, 0.0, 0.0, 0.0, 0.0)",True
2954,,"(0, 0, 0, 0, 0)","(0.0, 0.0, 0.0, 0.0, 0.0)",True
2955,,"(0, 0, 0, 0, 0)","(0.0, 0.0, 0.0, 0.0, 0.0)",True
2956,,"(0, 0, 0, 0, 0)","(0.0, 0.0, 0.0, 0.0, 0.0)",True
2957,,"(0, 0, 0, 0, 0)","(0.0, 0.0, 0.0, 0.0, 0.0)",True
2958,,"(0, 0, 0, 0, 0)","(0.0, 0.0, 0.0, 0.0, 0.0)",True
2959,,"(0, 0, 0, 0, 0)","(0.0, 0.0, 0.0, 0.0, 0.0)",True
2960,,"(0, 0, 0, 0, 0)","(0.0, 0.0, 0.0, 0.0, 0.0)",True
2961,,"(0, 0, 0, 0, 0)","(0.0, 0.0, 0.0, 0.0, 0.0)",True
2962,,"(0, 0, 0, 0, 0)","(0.0, 0.0, 0.0, 0.0, 0.0)",True
2963,,"(0, 0, 0, 0, 0)","(0.0, 0.0, 0.0, 0.0, 0.0)",True
2964,,"(0, 0, 0, 0, 0)","(0.0, 0.0, 0.0, 0.0, 0.0)",True
2965,,"(0, 0, 0, 0, 0)","(0.0, 0.0, 0.0, 0.0, 0.0)",True
2966,,"(0, 0, 0, 0, 0)","(0.0, 0.0, 0.0, 0.0, 0.0)",True
2967,,"(0, 0, 0, 0, 0)","(0.0, 0.0, 0.0, 0.0, 0.0)",True
2968,,"(0, 0, 0, 0, 0)","(0.0, 0.0, 0.0, 0.0, 0.0)",True
2969,,"(0, 0, 0, 0, 0)","(0.0, 0.0, 0.0, 0.0, 0.0)",True
2970,,"(0, 0, 0, 0, 0)","(0.0, 0.0, 0.0, 0.0, 0.0)",True
2971,,"(0, 0, 0, 0, 0)","(0.0, 0.0, 0.0, 0.0, 0.0)",True
2972,,"(0, 0, 0, 0, 0)","(0.0, 0.0, 0.0, 0.0, 0.0)",True
2973,,"(0, 0, 0, 0, 0)","(0.0, 0.0, 0.0, 0.0, 0.0)",True
2974,,"(0, 0, 0, 0, 0)","(0.0, 0.0, 0.0, 0.0, 0.0)",True
2975,,"(0, 0, 0, 0, 0)","(0.0, 0.0, 0.0, 0.0, 0.0)",True
2976,,"(0, 0, 0, 0, 0)","(0.0, 0.0, 0.0, 0.0, 0.0)",True
2977,,"(0, 0, 0, 0, 0)","(0.0, 0.0, 0.0, 0.0, 0.0)",True
2978,,"(0, 0, 0, 0, 0)","(0.0, 0.0, 0.0, 0.0, 0.0)",True
2979,,"(0, 0, 0, 0, 0)","(0.0, 0.0, 0.0, 0.0, 0.0)",True
2980,,"(0, 0, 0, 0, 0)","(0.0, 0.0, 0.0, 0.0, 0.0)",True
2981,,"(0, 0, 0, 0, 0)","(0.0, 0.0, 0.0, 0.0, 0.0)",True
2982,,"(0, 0, 0, 0, 0)","(0.0, 0.0, 0.0, 0.0, 0.0)",True
2983,,"(0, 0, 0, 0, 0)","(0.0, 0.0, 0.0, 0.0, 0.0)",True
2984,,"(0, 0, 0, 0, 0)","(0.0, 0.0, 0.0, 0.0, 0.0)",True
2985,,"(0, 0, 0, 0, 0)","(0.0, 0.0, 0.0, 0.0, 0.0)",True
2986,,"(0, 0, 0, 0, 0)","(0.0, 0.0, 0.0, 0.0, 0.0)",True
2987,,"(0, 0, 0, 0, 0)","(0.0, 0.0, 0.0, 0.0, 0.0)",True
2988,,"(0, 0, 0, 0, 0)","(0.0, 0.0, 0.0, 0.0, 0.0)",True
2989,,"(0, 0, 0, 0, 0)","(0.0, 0.0, 0.0, 0.0, 0.0)",True
2990,,"(0, 0, 0, 0, 0)","(0.0, 0.0, 0.0, 0.0, 0.0)",True
2991,,"(0, 0, 0, 0, 0)","(0.0, 0.0, 0.0, 0.0, 0.0)",True
2992,,"(0, 0, 0, 0, 0)","(0.0, 0.0, 0.0, 0.0, 0.0)",True
2993,,"(0, 0, 0, 0, 0)","(0.0, 0.0, 0.0, 0.0, 0.0)",True
2994,,"(0, 0, 0, 0, 0)","(0.0, 0.0, 0.0, 0.0, 0.0)",True
2995,,"(0, 0, 0, 0, 0)","(0.0, 0.0, 0.0, 0.0, 0.0)",True
2996,,"(0, 0, 0, 0, 0)","(0.0, 0.0, 0.0, 0.0, 0.0)",True
2997,,"(0, 0, 0, 0, 0)","(0.0, 0.0, 0.0, 0.0, 0.0)",True
2998,,"(0, 0, 0, 0, 0)","(0.0, 0.0, 0.0, 0.0, 0.0)",True
2999,,"(0, 0, 0, 0, 0)","(0.0, 0.0, 0.0, 0.0, 0.0)",True
3000,,"(0, 0, 0, 0, 0)","(0.0, 0.0, 0.0, 0.0, 0.0)",True
3001,,"(0, 0, 0, 0, 0)","(0.0, 0.0, 0.0, 0.0, 0.0)",True
3002,,"(0, 0, 0, 0, 0)","(0.0, 0.0, 0.0, 0.0, 0.0)",True
3003,,"(0, 0, 0, 0, 0)","(0.0, 0.0, 0.0, 0.0, 0.0)",True
3004,,"(0, 0, 0, 0, 0)","(0.0, 0.0, 0.0, 0.0, 0.0)",True
3005,,"(0, 0, 0, 0, 0)","(0.0, 0.0, 0.0, 0.0, 0.0)",True
3006,,"(0, 0, 0, 0, 0)","(0.0, 0.0, 0.0, 0.0, 0.0)",True
3007,,"(0, 0, 0, 0, 0)","(0.0, 0.0, 0.0, 0.0, 0.0)",True
3008,,"(0, 0, 0, 0, 0)","(0.0, 0.0, 0.0, 0.0, 0.0)",True
3009,,"(0, 0, 0, 0, 0)","(0.0, 0.0, 0.0, 0.0, 0.0)",True
3010,,"(0, 0, 0, 0, 0)","(0.0, 0.0, 0.0, 0.0, 0.0)",True
3011,,"(0, 0, 0, 0, 0)","(0.0, 0.0, 0.0, 0.0, 0.0)",True
3012,,"(0, 0, 0, 0, 0)","(0.0, 0.0, 0.0, 0.0, 0.0)",True
3013,,"(0, 0, 0, 0, 0)","(0.0, 0.0, 0.0, 0.0, 0.0)",True
3014,,"(0, 0, 0, 0, 0)","(0.0, 0.0, 0.0, 0.0, 0.0)",True
3015,,"(0, 0, 0, 0, 0)","(0.0, 0.0, 0.0, 0.0, 0.0)",True
3016,,"(0, 0, 0, 0, 0)","(0.0, 0.0, 0.0, 0.0, 0.0)",True
3017,,"(0, 0, 0, 0, 0)","(0.0, 0.0, 0.0, 0.0, 0.0)",True
3018,,"(0, 0, 0, 0, 0)","(0.0, 0.0, 0.0, 0.0, 0.0)",True
3019,,"(0, 0, 0, 0, 0)","(0.0, 0.0, 0.0, 0.0, 0.0)",True
3020,,"(0, 0, 0, 0, 0)","(0.0, 0.0, 0.0, 0.0, 0.0)",True
3021,,"(0, 0, 0, 0, 0)","(0.0, 0.0, 0.0, 0.0, 0.0)",True
3022,,"(0, 0, 0, 0, 0)","(0.0, 0.0, 0.0, 0.0, 0.0)",True
3023,,"(0, 0, 0, 0, 0)","(0.0, 0.0, 0.0, 0.0, 0.0)",True
3024,,"(0, 0, 0, 0, 0)","(0.0, 0.0, 0.0, 0.0, 0.0)",True
3025,,"(0, 0, 0, 0, 0)","(0.0, 0.0, 0.0, 0.0, 0.0)",True
3026,,"(0, 0, 0, 0, 0)","(0.0, 0.0, 0.0, 0.0, 0.0)",True
3027,,"(0, 0, 0, 0, 0)","(0.0, 0.0, 0.0, 0.0, 0.0)",True
3028,,"(0, 0, 0, 0, 0)","(0.0, 0.0, 0.0, 0.0, 0.0)",True
3029,,"(0, 0, 0, 0, 0)","(0.0, 0.0, 0.0, 0.0, 0.0)",True
3030,,"(0, 0, 0, 0, 0)","(0.0, 0.0, 0.0, 0.0, 0.0)",True
3031,,"(0, 0, 0, 0, 0)","(0.0, 0.0, 0.0, 0.0, 0.0)",True
3032,,"(0, 0, 0, 0, 0)","(0.0, 0.0, 0.0, 0.0, 0.0)",True
3033,,"(0, 0, 0, 0, 0)","(0.0, 0.0, 0.0, 0.0, 0.0)",True
3034,,"(0, 0, 0, 0, 0)","(0.0, 0.0, 0.0, 0.0, 0.0)",True
3035,,"(0, 0, 0, 0, 0)","(0.0, 0.0, 0.0, 0.0, 0.0)",True
3036,,"(0, 0, 0, 0, 0)","(0.0, 0.0, 0.0, 0.0, 0.0)",True
3037,,"(0, 0, 0, 0, 0)","(0.0, 0.0, 0.0, 0.0, 0.0)",True
3038,,"(0, 0, 0, 0, 0)","(0.0, 0.0, 0.0, 0.0, 0.0)",True
3039,,"(0, 0, 0, 0, 0)","(0.0, 0.0, 0.0, 0.0, 0.0)",True
3040,,"(0, 0, 0, 0, 0)","(0.0, 0.0, 0.0, 0.0, 0.0)",True
3041,,"(0, 0, 0, 0, 0)","(0.0, 0.0, 0.0, 0.0, 0.0)",True
3042,,"(0, 0, 0, 0, 0)","(0.0, 0.0, 0.0, 0.0, 0.0)",True
3043,,"(0, 0, 0, 0, 0)","(0.0, 0.0, 0.0, 0.0, 0.0)",True
3044,,"(0, 0, 0, 0, 0)","(0.0, 0.0, 0.0, 0.0, 0.0)",True
3045,,"(0, 0, 0, 0, 0)","(0.0, 0.0, 0.0, 0.0, 0.0)",True
3046,,"(0, 0, 0, 0, 0)","(0.0, 0.0, 0.0, 0.0, 0.0)",True
3047,,"(0, 0, 0, 0, 0)","(0.0, 0.0, 0.0, 0.0, 0.0)",True
3048,,"(0, 0, 0, 0, 0)","(0.0, 0.0, 0.0, 0.0, 0.0)",True
3049,,"(0, 0, 0, 0, 0)","(0.0, 0.0, 0.0, 0.0, 0.0)",True
3050,,"(0, 0, 0, 0, 0)","(0.0, 0.0, 0.0, 0.0, 0.0)",True
3051,,"(0, 0, 0, 0, 0)","(0.0, 0.0, 0.0, 0.0, 0.0)",True
3052,,"(0, 0, 0, 0, 0)","(0.0, 0.0, 0.0, 0.0, 0.0)",True
3053,,"(0, 0, 0, 0, 0)","(0.0, 0.0, 0.0, 0.0, 0.0)",True
3054,,"(0, 0, 0, 0, 0)","(0.0, 0.0, 0.0, 0.0, 0.0)",True
3055,,"(0, 0, 0, 0, 0)","(0.0, 0.0, 0.0, 0.0, 0.0)",True
3056,,"(0, 0, 0, 0, 0)","(0.0, 0.0, 0.0, 0.0, 0.0)",True
3057,,"(0, 0, 0, 0, 0)","(0.0, 0.0, 0.0, 0.0, 0.0)",True
3058,,"(0, 0, 0, 0, 0)","(0.0, 0.0, 0.0, 0.0, 0.0)",True
3059,,"(0, 0, 0, 0, 0)","(0.0, 0.0, 0.0, 0.0, 0.0)",True
3060,,"(0, 0, 0, 0, 0)","(0.0, 0.0, 0.0, 0.0, 0.0)",True
3061,,"(0, 0, 0, 0, 0)","(0.0, 0.0, 0.0, 0.0, 0.0)",True
3062,,"(0, 0, 0, 0, 0)","(0.0, 0.0, 0.0, 0.0, 0.0)",True
3063,,"(0, 0, 0, 0, 0)","(0.0, 0.0, 0.0, 0.0, 0.0)",True
3064,,"(0, 0, 0, 0, 0)","(0.0, 0.0, 0.0, 0.0, 0.0)",True
3065,,"(0, 0, 0, 0, 0)","(0.0, 0.0, 0.0, 0.0, 0.0)",True
3066,,"(0, 0, 0, 0, 0)","(0.0, 0.0, 0.0, 0.0, 0.0)",True
3067,,"(0, 0, 0, 0, 0)","(0.0, 0.0, 0.0, 0.0, 0.0)",True
3068,,"(0, 0, 0, 0, 0)","(0.0, 0.0, 0.0, 0.0, 0.0)",True
3069,,"(0, 0, 0, 0, 0)","(0.0, 0.0, 0.0, 0.0, 0.0)",True
3070,,"(0, 0, 0, 0, 0)","(0.0, 0.0, 0.0, 0.0, 0.0)",True
3071,,"(0, 0, 0, 0, 0)","(0.0, 0.0, 0.0, 0.0, 0.0)",True
3072,,"(0, 0, 0, 0, 0)","(0.0, 0.0, 0.0, 0.0, 0.0)",True
3073,,"(0, 0, 0, 0, 0)","(0.0, 0.0, 0.0, 0.0, 0.0)",True
3074,,"(0, 0, 0, 0, 0)","(0.0, 0.0, 0.0, 0.0, 0.0)",True
3075,,"(0, 0, 0, 0, 0)","(0.0, 0.0, 0.0, 0.0, 0.0)",True
3076,,"(0, 0, 0, 0, 0)","(0.0, 0.0, 0.0, 0.0, 0.0)",True
3077,,"(0, 0, 0, 0, 0)","(0.0, 0.0, 0.0, 0.0, 0.0)",True
3078,,"(0, 0, 0, 0, 0)","(0.0, 0.0, 0.0, 0.0, 0.0)",True
3079,,"(0, 0, 0, 0, 0)","(0.0, 0.0, 0.0, 0.0, 0.0)",True
3080,,"(0, 0, 0, 0, 0)","(0.0, 0.0, 0.0, 0.0, 0.0)",True
3081,,"(0, 0, 0, 0, 0)","(0.0, 0.0, 0.0, 0.0, 0.0)",True
3082,,"(0, 0, 0, 0, 0)","(0.0, 0.0, 0.0, 0.0, 0.0)",True
3083,,"(0, 0, 0, 0, 0)","(0.0, 0.0, 0.0, 0.0, 0.0)",True
3084,,"(0, 0, 0, 0, 0)","(0.0, 0.0, 0.0, 0.0, 0.0)",True
3085,,"(0, 0, 0, 0, 0)","(0.0, 0.0, 0.0, 0.0, 0.0)",True
3086,,"(0, 0, 0, 0, 0)","(0.0, 0.0, 0.0, 0.0, 0.0)",True
3087,,"(0, 0, 0, 0, 0)","(0.0, 0.0, 0.0, 0.0, 0.0)",True
3088,,"(0, 0, 0, 0, 0)","(0.0, 0.0, 0.0, 0.0, 0.0)",True
3089,,"(0, 0, 0, 0, 0)","(0.0, 0.0, 0.0, 0.0, 0.0)",True
3090,,"(0, 0, 0, 0, 0)","(0.0, 0.0, 0.0, 0.0, 0.0)",True
3091,,"(0, 0, 0, 0, 0)","(0.0, 0.0, 0.0, 0.0, 0.0)",True
3092,,"(0, 0, 0, 0, 0)","(0.0, 0.0, 0.0, 0.0, 0.0)",True
3093,,"(0, 0, 0, 0, 0)","(0.0, 0.0, 0.0, 0.0, 0.0)",True
3094,,"(0, 0, 0, 0, 0)","(0.0, 0.0, 0.0, 0.0, 0.0)",True
3095,,"(0, 0, 0, 0, 0)","(0.0, 0.0, 0.0, 0.0, 0.0)",True
3096,,"(0, 0, 0, 0, 0)","(0.0, 0.0, 0.0, 0.0, 0.0)",True
3097,,"(0, 0, 0, 0, 0)","(0.0, 0.0, 0.0, 0.0, 0.0)",True
3098,,"(0, 0, 0, 0, 0)","(0.0, 0.0, 0.0, 0.0, 0.0)",True
3099,,"(0, 0, 0, 0, 0)","(0.0, 0.0, 0.0, 0.0, 0.0)",True
3100,,"(0, 0, 0, 0, 0)","(0.0, 0.0, 0.0, 0.0, 0.0)",True
3101,,"(0, 0, 0, 0, 0)","(0.0, 0.0, 0.0, 0.0, 0.0)",True
3102,,"(0, 0, 0, 0, 0)","(0.0, 0.0, 0.0, 0.0, 0.0)",True
3103,,"(0, 0, 0, 0, 0)","(0.0, 0.0, 0.0, 0.0, 0.0)",True
3104,,"(0, 0, 0, 0, 0)","(0.0, 0.0, 0.0, 0.0, 0.0)",True
3105,,"(0, 0, 0, 0, 0)","(0.0, 0.0, 0.0, 0.0, 0.0)",True
3106,,"(0, 0, 0, 0, 0)","(0.0, 0.0, 0.0, 0.0, 0.0)",True
3107,,"(0, 0, 0, 0, 0)","(0.0, 0.0, 0.0, 0.0, 0.0)",True
3108,,"(0, 0, 0, 0, 0)","(0.0, 0.0, 0.0, 0.0, 0.0)",True
3109,,"(0, 0, 0, 0, 0)","(0.0, 0.0, 0.0, 0.0, 0.0)",True
3110,,"(0, 0, 0, 0, 0)","(0.0, 0.0, 0.0, 0.0, 0.0)",True
3111,,"(0, 0, 0, 0, 0)","(0.0, 0.0, 0.0, 0.0, 0.0)",True
3112,,"(0, 0, 0, 0, 0)","(0.0, 0.0, 0.0, 0.0, 0.0)",True
3113,,"(0, 0, 0, 0, 0)","(0.0, 0.0, 0.0, 0.0, 0.0)",True
3114,,"(0, 0, 0, 0, 0)","(0.0, 0.0, 0.0, 0.0, 0.0)",True
3115,,"(0, 0, 0, 0, 0)","(0.0, 0.0, 0.0, 0.0, 0.0)",True
3116,,"(0, 0, 0, 0, 0)","(0.0, 0.0, 0.0, 0.0, 0.0)",True
3117,,"(0, 0, 0, 0, 0)","(0.0, 0.0, 0.0, 0.0, 0.0)",True
3118,,"(0, 0, 0, 0, 0)","(0.0, 0.0, 0.0, 0.0, 0.0)",True
3119,,"(0, 0, 0, 0, 0)","(0.0, 0.0, 0.0, 0.0, 0.0)",True
3120,,"(0, 0, 0, 0, 0)","(0.0, 0.0, 0.0, 0.0, 0.0)",True
3121,,"(0, 0, 0, 0, 0)","(0.0, 0.0, 0.0, 0.0, 0.0)",True
3122,,"(0, 0, 0, 0, 0)","(0.0, 0.0, 0.0, 0.0, 0.0)",True
3123,,"(0, 0, 0, 0, 0)","(0.0, 0.0, 0.0, 0.0, 0.0)",True
3124,,"(0, 0, 0, 0, 0)","(0.0, 0.0, 0.0, 0.0, 0.0)",True
3125,,"(0, 0, 0, 0, 0)","(0.0, 0.0, 0.0, 0.0, 0.0)",True
3126,,"(0, 0, 0, 0, 0)","(0.0, 0.0, 0.0, 0.0, 0.0)",True
3127,,"(0, 0, 0, 0, 0)","(0.0, 0.0, 0.0, 0.0, 0.0)",True
3128,,"(0, 0, 0, 0, 0)","(0.0, 0.0, 0.0, 0.0, 0.0)",True
3129,,"(0, 0, 0, 0, 0)","(0.0, 0.0, 0.0, 0.0, 0.0)",True
3130,,"(0, 0, 0, 0, 0)","(0.0, 0.0, 0.0, 0.0, -0.0)",True
3131,,"(0, 0, 0, 0, 0)","(0.0, 0.0, 0.0, -0.0, 0.0)",True
3132,,"(0, 0, 0, 0, 0)","(0.0, 0.0, -0.0, 0.0, 0.0)",True
3133,,"(0, 0, 0, 0, 0)","(0.0, -0.0, 0.0, 0.0, 0.0)",True
3134,,"(0, 0, 0, 0, 0)","(-0.0, 0.0, 0.0, 0.0, 0.0)",True
3135,,"(0, 0, 0, 0, 0)","(0.0, 0.0, 0.0, 0.0, 0.0)",True
3136,,"(0, 0, 0, 0, 0)","(0.0, 0.0, 0.0, 0.0, 0.0)",True
3137,,"(0, 0, 0, 0, 0)","(0.0, 0.0, 0.0, 0.0, 0.0)",True
3138,,"(0, 0, 0, 0, 0)","(0.0, 0.0, 0.0, 0.0, 0.0)",True
3139,,"(0, 0, 0, 0, 0)","(0.0, 0.0, 0.0, 0.0, 0.0)",True
3140,,"(0, 0, 0, 0, 0)","(0.0, 0.0, 0.0, 0.0, 0.0)",True
3141,,"(0, 0, 0, 0, 0)","(0.0, 0.0, 0.0, 0.0, 0.0)",True
3142,,"(0, 0, 0, 0, 0)","(0.0, 0.0, 0.0, 0.0, 0.0)",True
3143,,"(0, 0, 0, 0, 0)","(0.0, 0.0, 0.0, 0.0, 0.0)",True
3144,,"(0, 0, 0, 0, 0)","(0.0, 0.0, 0.0, 0.0, 0.0)",True
3145,,"(0, 0, 0, 0, 0)","(0.0, 0.0, 0.0, 0.0, 0.0)",True
3146,,"(0, 0, 0, 0, 0)","(0.0, 0.0, 0.0, 0.0, 0.0)",True
3147,,"(0, 0, 0, 0, 0)","(0.0, 0.0, 0.0, 0.0, 0.0)",True
3148,,"(0, 0, 0, 0, 0)","(0.0, 0.0, 0.0, 0.0, 0.0)",True
3149,,"(0, 0, 0, 0, 0)","(0.0, 0.0, 0.0, 0.0, 0.0)",True
3150,,"(0, 0, 0, 0, 0)","(0.0, 0.0, 0.0, 0.0, 0.0)",True
3151,,"(0, 0, 0, 0, 0)","(0.0, 0.0, 0.0, 0.0, 0.0)",True
3152,,"(0, 0, 0, 0, 0)","(0.0, 0.0, 0.0, 0.0, 0.0)",True
3153,,"(0, 0, 0, 0, 0)","(0.0, 0.0, 0.0, 0.0, 0.0)",True
3154,,"(0, 0, 0, 0, 0)","(0.0, 0.0, 0.0, 0.0, 0.0)",True
3155,,"(0, 0, 0, 0, 0)","(0.0, 0.0, 0.0, 0.0, 0.0)",True
3156,,"(0, 0, 0, 0, 0)","(0.0, 0.0, 0.0, 0.0, 0.0)",True
3157,,"(0, 0, 0, 0, 0)","(0.0, 0.0, 0.0, 0.0, 0.0)",True
3158,,"(0, 0, 0, 0, 0)","(0.0, 0.0, 0.0, 0.0, 0.0)",True
3159,,"(0, 0, 0, 0, 0)","(0.0, 0.0, 0.0, 0.0, 0.0)",True
3160,,"(0, 0, 0, 0, 0)","(0.0, 0.0, 0.0, 0.0, 0.0)",True
3161,,"(0, 0, 0, 0, 0)","(0.0, 0.0, 0.0, 0.0, 0.0)",True
3162,,"(0, 0, 0, 0, 0)","(0.0, 0.0, 0.0, 0.0, 0.0)",True
3163,,"(0, 0, 0, 0, 0)","(0.0, 0.0, 0.0, 0.0, 0.0)",True
3164,,"(0, 0, 0, 0, 0)","(0.0, 0.0, 0.0, 0.0, 0.0)",True
3165,,"(0, 0, 0, 0, 0)","(0.0, 0.0, 0.0, 0.0, 0.0)",True
3166,,"(0, 0, 0, 0, 0)","(0.0, 0.0, 0.0, 0.0, 0.0)",True
3167,,"(0, 0, 0, 0, 0)","(0.0, 0.0, 0.0, 0.0, 0.0)",True
3168,,"(0, 0, 0, 0, 0)","(0.0, 0.0, 0.0, 0.0, 0.0)",True
3169,,"(0, 0, 0, 0, 0)","(0.0, 0.0, 0.0, 0.0, 0.0)",True
3170,,"(0, 0, 0, 0, 0)","(0.0, 0.0, 0.0, 0.0, 0.0)",True
3171,,"(0, 0, 0, 0, 0)","(0.0, 0.0, 0.0, 0.0, 0.0)",True
3172,,"(0, 0, 0, 0, 0)","(0.0, 0.0, 0.0, 0.0, 0.0)",True
3173,,"(0, 0, 0, 0, 0)","(0.0, 0.0, 0.0, 0.0, 0.0)",True
3174,,"(0, 0, 0, 0, 0)","(0.0, 0.0, 0.0, 0.0, 0.0)",True
3175,,"(0, 0, 0, 0, 0)","(0.0, 0.0, 0.0, 0.0, 0.0)",True
3176,,"(0, 0, 0, 0, 0)","(0.0, 0.0, 0.0, 0.0, 0.0)",True
3177,,"(0, 0, 0, 0, 0)","(0.0, 0.0, 0.0, 0.0, 0.0)",True
3178,,"(0, 0, 0, 0, 0)","(0.0, 0.0, 0.0, 0.0, 0.0)",True
3179,,"(0, 0, 0, 0, 0)","(0.0, 0.0, 0.0, 0.0, 0.0)",True
3180,,"(0, 0, 0, 0, 0)","(0.0, 0.0, 0.0, 0.0, 0.0)",True
3181,,"(0, 0, 0, 0, 0)","(0.0, 0.0, 0.0, 0.0, 0.0)",True
3182,,"(0, 0, 0, 0, 0)","(0.0, 0.0, 0.0, 0.0, 0.0)",True
3183,,"(0, 0, 0, 0, 0)","(0.0, 0.0, 0.0, 0.0, 0.0)",True
3184,,"(0, 0, 0, 0, 0)","(0.0, 0.0, 0.0, 0.0, 0.0)",True
3185,,"(0, 0, 0, 0, 0)","(0.0, 0.0, 0.0, 0.0, 0.0)",True
3186,,"(0, 0, 0, 0, 0)","(0.0, 0.0, 0.0, 0.0, 0.0)",True
3187,,"(0, 0, 0, 0, 0)","(0.0, 0.0, 0.0, 0.0, 0.0)",True
3188,,"(0, 0, 0, 0, 0)","(0.0, 0.0, 0.0, 0.0, 0.0)",True
3189,,"(0, 0, 0, 0, 0)","(0.0, 0.0, 0.0, 0.0, 0.0)",True
3190,,"(0, 0, 0, 0, 0)","(0.0, 0.0, 0.0, 0.0, 0.0)",True
3191,,"(0, 0, 0, 0, 0)","(0.0, 0.0, 0.0, 0.0, 0.0)",True
3192,,"(0, 0, 0, 0, 0)","(0.0, 0.0, 0.0, 0.0, 0.0)",True
3193,,"(0, 0, 0, 0, 0)","(0.0, 0.0, 0.0, 0.0, 0.0)",True
3194,,"(0, 0, 0, 0, 0)","(0.0, 0.0, 0.0, 0.0, 0.0)",True
3195,,"(0, 0, 0, 0, 0)","(0.0, 0.0, 0.0, 0.0, 0.0)",True
3196,,"(0, 0, 0, 0, 0)","(0.0, 0.0, 0.0, 0.0, 0.0)",True
3197,,"(0, 0, 0, 0, 0)","(0.0, 0.0, 0.0, 0.0, 0.0)",True
3198,,"(0, 0, 0, 0, 0)","(0.0, 0.0, 0.0, 0.0, 0.0)",True
3199,,"(0, 0, 0, 0, 0)","(0.0, 0.0, 0.0, 0.0, 0.0)",True
3200,,"(0, 0, 0, 0, 0)","(0.0, 0.0, 0.0, 0.0, 0.0)",True
3201,,"(0, 0, 0, 0, 0)","(0.0, 0.0, 0.0, 0.0, 0.0)",True
3202,,"(0, 0, 0, 0, 0)","(0.0, 0.0, 0.0, 0.0, 0.0)",True
3203,,"(0, 0, 0, 0, 0)","(0.0, 0.0, 0.0, 0.0, 0.0)",True
3204,,"(0, 0, 0, 0, 0)","(0.0, 0.0, 0.0, 0.0, 0.0)",True
3205,,"(0, 0, 0, 0, 0)","(0.0, 0.0, 0.0, 0.0, 0.0)",True
3206,,"(0, 0, 0, 0, 0)","(0.0, 0.0, 0.0, 0.0, 0.0)",True
3207,,"(0, 0, 0, 0, 0)","(0.0, 0.0, 0.0, 0.0, 0.0)",True
3208,,"(0, 0, 0, 0, 0)","(0.0, 0.0, 0.0, 0.0, 0.0)",True
3209,,"(0, 0, 0, 0, 0)","(0.0, 0.0, 0.0, 0.0, 0.0)",True
3210,,"(0, 0, 0, 0, 0)","(0.0, 0.0, 0.0, 0.0, 0.0)",True
3211,,"(0, 0, 0, 0, 0)","(0.0, 0.0, 0.0, 0.0, 0.0)",True
3212,,"(0, 0, 0, 0, 0)","(0.0, 0.0, 0.0, 0.0, 0.0)",True
3213,,"(0, 0, 0, 0, 0)","(0.0, 0.0, 0.0, 0.0, 0.0)",True
3214,,"(0, 0, 0, 0, 0)","(0.0, 0.0, 0.0, 0.0, 0.0)",True
3215,,"(0, 0, 0, 0, 0)","(0.0, 0.0, 0.0, 0.0, 0.0)",True
3216,,"(0, 0, 0, 0, 0)","(0.0, 0.0, 0.0, 0.0, 0.0)",True
3217,,"(0, 0, 0, 0, 0)","(0.0, 0.0, 0.0, 0.0, 0.0)",True
3218,,"(0, 0, 0, 0, 0)","(0.0, 0.0, 0.0, 0.0, 0.0)",True
3219,,"(0, 0, 0, 0, 0)","(0.0, 0.0, 0.0, 0.0, 0.0)",True
3220,,"(0, 0, 0, 0, 0)","(0.0, 0.0, 0.0, 0.0, 0.0)",True
3221,,"(0, 0, 0, 0, 0)","(0.0, 0.0, 0.0, 0.0, 0.0)",True
3222,,"(0, 0, 0, 0, 0)","(0.0, 0.0, 0.0, 0.0, 0.0)",True
3223,,"(0, 0, 0, 0, 0)","(0.0, 0.0, 0.0, 0.0, 0.0)",True
3224,,"(0, 0, 0, 0, 0)","(0.0, 0.0, 0.0, 0.0, 0.0)",True
3225,,"(0, 0, 0, 0, 0)","(0.0, 0.0, 0.0, 0.0, 0.0)",True
3226,,"(0, 0, 0, 0, 0)","(0.0, 0.0, 0.0, 0.0, 0.0)",True
3227,,"(0, 0, 0, 0, 0)","(0.0, 0.0, 0.0, 0.0, 0.0)",True
3228,,"(0, 0, 0, 0, 0)","(0.0, 0.0, 0.0, 0.0, 0.0)",True
3229,,"(0, 0, 0, 0, 0)","(0.0, 0.0, 0.0, 0.0, 0.0)",True
3230,,"(0, 0, 0, 0, 0)","(0.0, 0.0, 0.0, 0.0, 0.0)",True
3231,,"(0, 0, 0, 0, 0)","(0.0, 0.0, 0.0, 0.0, 0.0)",True
3232,,"(0, 0, 0, 0, 0)","(0.0, 0.0, 0.0, 0.0, 0.0)",True
3233,,"(0, 0, 0, 0, 0)","(0.0, 0.0, 0.0, 0.0, 0.0)",True
3234,,"(0, 0, 0, 0, 0)","(0.0, 0.0, 0.0, 0.0, 0.0)",True
3235,,"(0, 0, 0, 0, 0)","(0.0, 0.0, 0.0, 0.0, 0.0)",True
3236,,"(0, 0, 0, 0, 0)","(0.0, 0.0, 0.0, 0.0, 0.0)",True
3237,,"(0, 0, 0, 0, 0)","(0.0, 0.0, 0.0, 0.0, 0.0)",True
3238,,"(0, 0, 0, 0, 0)","(0.0, 0.0, 0.0, 0.0, 0.0)",True
3239,,"(0, 0, 0, 0, 0)","(0.0, 0.0, 0.0, 0.0, 0.0)",True
3240,,"(0, 0, 0, 0, 0)","(0.0, 0.0, 0.0, 0.0, 0.0)",True
3241,,"(0, 0, 0, 0, 0)","(0.0, 0.0, 0.0, 0.0, 0.0)",True
3242,,"(0, 0, 0, 0, 0)","(0.0, 0.0, 0.0, 0.0, 0.0)",True
3243,,"(0, 0, 0, 0, 0)","(0.0, 0.0, 0.0, 0.0, 0.0)",True
3244,,"(0, 0, 0, 0, 0)","(0.0, 0.0, 0.0, 0.0, 0.0)",True
3245,,"(0, 0, 0, 0, 0)","(0.0, 0.0, 0.0, 0.0, 0.0)",True
3246,,"(0, 0, 0, 0, 0)","(0.0, 0.0, 0.0, 0.0, 0.0)",True
3247,,"(0, 0, 0, 0, 0)","(0.0, 0.0, 0.0, 0.0, -0.0)",True
3248,,"(0, 0, 0, 0, 0)","(0.0, 0.0, 0.0, -0.0, 0.0)",True
3249,,"(0, 0, 0, 0, 0)","(0.0, 0.0, -0.0, 0.0, 0.0)",True
3250,,"(0, 0, 0, 0, 0)","(0.0, -0.0, 0.0, 0.0, 0.0)",True
3251,,"(0, 0, 0, 0, 0)","(-0.0, 0.0, 0.0, 0.0, 0.0)",True
3252,,"(0, 0, 0, 0, 0)","(0.0, 0.0, 0.0, 0.0, 0.0)",True
3253,,"(0, 0, 0, 0, 0)","(0.0, 0.0, 0.0, 0.0, 0.0)",True
3254,,"(0, 0, 0, 0, 0)","(0.0, 0.0, 0.0, 0.0, 0.0)",True
3255,,"(0, 0, 0, 0, 0)","(0.0, 0.0, 0.0, 0.0, 0.0)",True
3256,,"(0, 0, 0, 0, 0)","(0.0, 0.0, 0.0, 0.0, 0.0)",True
3257,,"(0, 0, 0, 0, 0)","(0.0, 0.0, 0.0, 0.0, 0.0)",True
3258,,"(0, 0, 0, 0, 0)","(0.0, 0.0, 0.0, 0.0, 0.0)",True
3259,,"(0, 0, 0, 0, 0)","(0.0, 0.0, 0.0, 0.0, 0.0)",True
3260,,"(0, 0, 0, 0, 0)","(0.0, 0.0, 0.0, 0.0, 0.0)",True
3261,,"(0, 0, 0, 0, 0)","(0.0, 0.0, 0.0, 0.0, -0.0)",True
3262,,"(0, 0, 0, 0, 0)","(0.0, 0.0, 0.0, -0.0, 0.0)",True
3263,,"(0, 0, 0, 0, 0)","(0.0, 0.0, -0.0, 0.0, 0.0)",True
3264,,"(0, 0, 0, 0, 0)","(0.0, -0.0, 0.0, 0.0, 0.0)",True
3265,,"(0, 0, 0, 0, 0)","(-0.0, 0.0, 0.0, 0.0, 0.0)",True
3266,,"(0, 0, 0, 0, 0)","(0.0, 0.0, 0.0, 0.0, 0.0)",True
3267,,"(0, 0, 0, 0, 0)","(0.0, 0.0, 0.0, 0.0, 0.0)",True
3268,,"(0, 0, 0, 0, 0)","(0.0, 0.0, 0.0, 0.0, 0.0)",True
3269,,"(0, 0, 0, 0, 0)","(0.0, 0.0, 0.0, 0.0, 0.0)",True
3270,,"(0, 0, 0, 0, 0)","(0.0, 0.0, 0.0, 0.0, 0.0)",True
3271,,"(0, 0, 0, 0, 0)","(0.0, 0.0, 0.0, 0.0, 0.0)",True
3272,,"(0, 0, 0, 0, 0)","(0.0, 0.0, 0.0, 0.0, 0.0)",True
3273,,"(0, 0, 0, 0, 0)","(0.0, 0.0, 0.0, 0.0, 0.0)",True
3274,,"(0, 0, 0, 0, 0)","(0.0, 0.0, 0.0, 0.0, 0.0)",True
3275,,"(0, 0, 0, 0, 0)","(0.0, 0.0, 0.0, 0.0, 0.0)",True
3276,,"(0, 0, 0, 0, 0)","(0.0, 0.0, 0.0, 0.0, 0.0)",True
3277,,"(0, 0, 0, 0, 0)","(0.0, 0.0, 0.0, 0.0, -0.0)",True
3278,,"(0, 0, 0, 0, 0)","(0.0, 0.0, 0.0, -0.0, 0.0)",True
3279,,"(0, 0, 0, 0, 0)","(0.0, 0.0, -0.0, 0.0, 0.0)",True
3280,,"(0, 0, 0, 0, 0)","(0.0, -0.0, 0.0, 0.0, 0.0)",True
3281,,"(0, 0, 0, 0, 0)","(-0.0, 0.0, 0.0, 0.0, 0.0)",True
3282,,"(0, 0, 0, 0, 0)","(0.0, 0.0, 0.0, 0.0, 0.0)",True
3283,,"(0, 0, 0, 0, 0)","(0.0, 0.0, 0.0, 0.0, 0.0)",True
3284,,"(0, 0, 0, 0, 0)","(0.0, 0.0, 0.0, 0.0, 0.0)",True
3285,,"(0, 0, 0, 0, 0)","(0.0, 0.0, 0.0, 0.0, 0.0)",True
3286,,"(0, 0, 0, 0, 0)","(0.0, 0.0, 0.0, 0.0, 0.0)",True
3287,,"(0, 0, 0, 0, 0)","(0.0, 0.0, 0.0, 0.0, 0.0)",True
3288,,"(0, 0, 0, 0, 0)","(0.0, 0.0, 0.0, 0.0, 0.0)",True
3289,,"(0, 0, 0, 0, 0)","(0.0, 0.0, 0.0, 0.0, 0.0)",True
3290,,"(0, 0, 0, 0, 0)","(0.0, 0.0, 0.0, 0.0, 0.0)",True
3291,,"(0, 0, 0, 0, 0)","(0.0, 0.0, 0.0, 0.0, 0.0)",True
3292,,"(0, 0, 0, 0, 0)","(0.0, 0.0, 0.0, 0.0, 0.0)",True
3293,,"(0, 0, 0, 0, 0)","(0.0, 0.0, 0.0, 0.0, 0.0)",True
3294,,"(0, 0, 0, 0, 0)","(0.0, 0.0, 0.0, 0.0, -0.0)",True
3295,,"(0, 0, 0, 0, 0)","(0.0, 0.0, 0.0, -0.0, 0.0)",True
3296,,"(0, 0, 0, 0, 0)","(0.0, 0.0, -0.0, 0.0, -0.0)",True
3297,,"(0, 0, 0, 0, 0)","(0.0, -0.0, 0.0, -0.0, 0.0)",True
3298,,"(0, 0, 0, 0, 0)","(-0.0, 0.0, -0.0, 0.0, 0.0)",True
3299,,"(0, 0, 0, 0, 0)","(0.0, -0.0, 0.0, 0.0, 0.0)",True
3300,,"(0, 0, 0, 0, 0)","(-0.0, 0.0, 0.0, 0.0, 0.0)",True
3301,,"(0, 0, 0, 0, 0)","(0.0, 0.0, 0.0, 0.0, 0.0)",True
3302,,"(0, 0, 0, 0, 0)","(0.0, 0.0, 0.0, 0.0, 0.0)",True
3303,,"(0, 0, 0, 0, 0)","(0.0, 0.0, 0.0, 0.0, 0.0)",True
3304,,"(0, 0, 0, 0, 0)","(0.0, 0.0, 0.0, 0.0, 0.0)",True
3305,,"(0, 0, 0, 0, 0)","(0.0, 0.0, 0.0, 0.0, 0.0)",True
3306,,"(0, 0, 0, 0, 0)","(0.0, 0.0, 0.0, 0.0, 0.0)",True
3307,,"(0, 0, 0, 0, 0)","(0.0, 0.0, 0.0, 0.0, 0.0)",True
3308,,"(0, 0, 0, 0, 0)","(0.0, 0.0, 0.0, 0.0, 0.0)",True
3309,,"(0, 0, 0, 0, 0)","(0.0, 0.0, 0.0, 0.0, 0.0)",True
3310,,"(0, 0, 0, 0, 0)","(0.0, 0.0, 0.0, 0.0, 0.0)",True
3311,,"(0, 0, 0, 0, 0)","(0.0, 0.0, 0.0, 0.0, 0.0)",True
3312,,"(0, 0, 0, 0, 0)","(0.0, 0.0, 0.0, 0.0, 0.0)",True
3313,,"(0, 0, 0, 0, 0)","(0.0, 0.0, 0.0, 0.0, 0.0)",True
3314,,"(0, 0, 0, 0, 0)","(0.0, 0.0, 0.0, 0.0, 0.0)",True
3315,,"(0, 0, 0, 0, 0)","(0.0, 0.0, 0.0, 0.0, 0.0)",True
3316,,"(0, 0, 0, 0, 0)","(0.0, 0.0, 0.0, 0.0, 0.0)",True
3317,,"(0, 0, 0, 0, 0)","(0.0, 0.0, 0.0, 0.0, 0.0)",True
3318,,"(0, 0, 0, 0, 0)","(0.0, 0.0, 0.0, 0.0, 0.0)",True
3319,,"(0, 0, 0, 0, 0)","(0.0, 0.0, 0.0, 0.0, 0.0)",True
3320,,"(0, 0, 0, 0, 0)","(0.0, 0.0, 0.0, 0.0, 0.0)",True
3321,,"(0, 0, 0, 0, 0)","(0.0, 0.0, 0.0, 0.0, 0.0)",True
3322,,"(0, 0, 0, 0, 0)","(0.0, 0.0, 0.0, 0.0, 0.0)",True
3323,,"(0, 0, 0, 0, 0)","(0.0, 0.0, 0.0, 0.0, 0.0)",True
3324,,"(0, 0, 0, 0, 0)","(0.0, 0.0, 0.0, 0.0, 0.0)",True
3325,,"(0, 0, 0, 0, 0)","(0.0, 0.0, 0.0, 0.0, 0.0)",True
3326,,"(0, 0, 0, 0, 0)","(0.0, 0.0, 0.0, 0.0, 0.0)",True
3327,,"(0, 0, 0, 0, 0)","(0.0, 0.0, 0.0, 0.0, 0.0)",True
3328,,"(0, 0, 0, 0, 0)","(0.0, 0.0, 0.0, 0.0, 0.0)",True
3329,,"(0, 0, 0, 0, 0)","(0.0, 0.0, 0.0, 0.0, 0.0)",True
3330,,"(0, 0, 0, 0, 0)","(0.0, 0.0, 0.0, 0.0, 0.0)",True
3331,,"(0, 0, 0, 0, 0)","(0.0, 0.0, 0.0, 0.0, 0.0)",True
3332,,"(0, 0, 0, 0, 0)","(0.0, 0.0, 0.0, 0.0, 0.0)",True
3333,,"(0, 0, 0, 0, 0)","(0.0, 0.0, 0.0, 0.0, 0.0)",True
3334,,"(0, 0, 0, 0, 0)","(0.0, 0.0, 0.0, 0.0, 0.0)",True
3335,,"(0, 0, 0, 0, 0)","(0.0, 0.0, 0.0, 0.0, 0.0)",True
3336,,"(0, 0, 0, 0, 0)","(0.0, 0.0, 0.0, 0.0, 0.0)",True
3337,,"(0, 0, 0, 0, 0)","(0.0, 0.0, 0.0, 0.0, 0.0)",True
3338,,"(0, 0, 0, 0, 0)","(0.0, 0.0, 0.0, 0.0, -0.0)",True
3339,,"(0, 0, 0, 0, 0)","(0.0, 0.0, 0.0, -0.0, 0.0)",True
3340,,"(0, 0, 0, 0, 0)","(0.0, 0.0, -0.0, 0.0, 0.0)",True
3341,,"(0, 0, 0, 0, 0)","(0.0, -0.0, 0.0, 0.0, 0.0)",True
3342,,"(0, 0, 0, 0, 0)","(-0.0, 0.0, 0.0, 0.0, 0.0)",True
3343,,"(0, 0, 0, 0, 0)","(0.0, 0.0, 0.0, 0.0, 0.0)",True
3344,,"(0, 0, 0, 0, 0)","(0.0, 0.0, 0.0, 0.0, 0.0)",True
3345,,"(0, 0, 0, 0, 0)","(0.0, 0.0, 0.0, 0.0, 0.0)",True
3346,,"(0, 0, 0, 0, 0)","(0.0, 0.0, 0.0, 0.0, 0.0)",True
3347,,"(0, 0, 0, 0, 0)","(0.0, 0.0, 0.0, 0.0, 0.0)",True
3348,,"(0, 0, 0, 0, 0)","(0.0, 0.0, 0.0, 0.0, 0.0)",True
3349,,"(0, 0, 0, 0, 0)","(0.0, 0.0, 0.0, 0.0, -0.0)",True
3350,,"(0, 0, 0, 0, 0)","(0.0, 0.0, 0.0, -0.0, -0.0)",True
3351,,"(0, 0, 0, 0, 0)","(0.0, 0.0, -0.0, -0.0, -0.0)",True
3352,,"(0, 0, 0, 0, 0)","(0.0, -0.0, -0.0, -0.0, 0.0)",True
3353,,"(0, 0, 0, 0, 0)","(-0.0, -0.0, -0.0, 0.0, 0.0)",True
3354,,"(0, 0, 0, 0, 0)","(-0.0, -0.0, 0.0, 0.0, 0.0)",True
3355,,"(0, 0, 0, 0, 0)","(-0.0, 0.0, 0.0, 0.0, -0.0)",True
3356,,"(0, 0, 0, 0, 0)","(0.0, 0.0, 0.0, -0.0, 1.0)",False
3357,,"(0, 0, 0, 1, 0)","(0.0, 0.0, -0.0, 1.0, 0.0)",True
3358,,"(0, 0, 1, 0, 0)","(0.0, -0.0, 1.0, 0.0, 0.0)",True
3359,,"(0, 1, 0, 0, 0)","(-0.0, 1.0, 0.0, 0.0, 0.0)",True
3360,,"(1, 0, 0, 0, 0)","(1.0, 0.0, 0.0, 0.0, 0.0)",True
3361,,"(0, 0, 0, 0, 0)","(0.0, 0.0, 0.0, 0.0, 0.0)",True
3362,,"(0, 0, 0, 0, 0)","(0.0, 0.0, 0.0, 0.0, 0.0)",True
3363,,"(0, 0, 0, 0, 0)","(0.0, 0.0, 0.0, 0.0, 0.0)",True
3364,,"(0, 0, 0, 0, 0)","(0.0, 0.0, 0.0, 0.0, 0.0)",True
3365,,"(0, 0, 0, 0, 0)","(0.0, 0.0, 0.0, 0.0, 0.0)",True
3366,,"(0, 0, 0, 0, 0)","(0.0, 0.0, 0.0, 0.0, 0.0)",True
3367,,"(0, 0, 0, 0, 0)","(0.0, 0.0, 0.0, 0.0, 0.0)",True
3368,,"(0, 0, 0, 0, 0)","(0.0, 0.0, 0.0, 0.0, 0.0)",True
3369,,"(0, 0, 0, 0, 0)","(0.0, 0.0, 0.0, 0.0, 0.0)",True
3370,,"(0, 0, 0, 0, 0)","(0.0, 0.0, 0.0, 0.0, 0.0)",True
3371,,"(0, 0, 0, 0, 0)","(0.0, 0.0, 0.0, 0.0, -0.0)",True
3372,,"(0, 0, 0, 0, 0)","(0.0, 0.0, 0.0, -0.0, 0.0)",True
3373,,"(0, 0, 0, 0, 0)","(0.0, 0.0, -0.0, 0.0, 0.0)",True
3374,,"(0, 0, 0, 0, 0)","(0.0, -0.0, 0.0, 0.0, 0.0)",True
3375,,"(0, 0, 0, 0, 0)","(-0.0, 0.0, 0.0, 0.0, 0.0)",True
3376,,"(0, 0, 0, 0, 0)","(0.0, 0.0, 0.0, 0.0, 0.0)",True
3377,,"(0, 0, 0, 0, 0)","(0.0, 0.0, 0.0, 0.0, 0.0)",True
3378,,"(0, 0, 0, 0, 0)","(0.0, 0.0, 0.0, 0.0, 0.0)",True
3379,,"(0, 0, 0, 0, 0)","(0.0, 0.0, 0.0, 0.0, 0.0)",True
3380,,"(0, 0, 0, 0, 0)","(0.0, 0.0, 0.0, 0.0, 0.0)",True
3381,,"(0, 0, 0, 0, 0)","(0.0, 0.0, 0.0, 0.0, 0.0)",True
3382,,"(0, 0, 0, 0, 0)","(0.0, 0.0, 0.0, 0.0, 0.0)",True
3383,,"(0, 0, 0, 0, 0)","(0.0, 0.0, 0.0, 0.0, 0.0)",True
3384,,"(0, 0, 0, 0, 0)","(0.0, 0.0, 0.0, 0.0, 0.0)",True
3385,,"(0, 0, 0, 0, 0)","(0.0, 0.0, 0.0, 0.0, 0.0)",True
3386,,"(0, 0, 0, 0, 0)","(0.0, 0.0, 0.0, 0.0, 0.0)",True
3387,,"(0, 0, 0, 0, 0)","(0.0, 0.0, 0.0, 0.0, 0.0)",True
3388,,"(0, 0, 0, 0, 0)","(0.0, 0.0, 0.0, 0.0, 0.0)",True
3389,,"(0, 0, 0, 0, 0)","(0.0, 0.0, 0.0, 0.0, 0.0)",True
3390,,"(0, 0, 0, 0, 0)","(0.0, 0.0, 0.0, 0.0, 0.0)",True
3391,,"(0, 0, 0, 0, 0)","(0.0, 0.0, 0.0, 0.0, 0.0)",True
3392,,"(0, 0, 0, 0, 0)","(0.0, 0.0, 0.0, 0.0, 0.0)",True
3393,,"(0, 0, 0, 0, 0)","(0.0, 0.0, 0.0, 0.0, -0.0)",True
3394,,"(0, 0, 0, 0, 0)","(0.0, 0.0, 0.0, -0.0, 0.0)",True
3395,,"(0, 0, 0, 0, 0)","(0.0, 0.0, -0.0, 0.0, 0.0)",True
3396,,"(0, 0, 0, 0, 0)","(0.0, -0.0, 0.0, 0.0, 0.0)",True
3397,,"(0, 0, 0, 0, 0)","(-0.0, 0.0, 0.0, 0.0, 0.0)",True
3398,,"(0, 0, 0, 0, 0)","(0.0, 0.0, 0.0, 0.0, 0.0)",True
3399,,"(0, 0, 0, 0, 0)","(0.0, 0.0, 0.0, 0.0, 0.0)",True
3400,,"(0, 0, 0, 0, 0)","(0.0, 0.0, 0.0, 0.0, 0.0)",True
3401,,"(0, 0, 0, 0, 0)","(0.0, 0.0, 0.0, 0.0, 0.0)",True
3402,,"(0, 0, 0, 0, 0)","(0.0, 0.0, 0.0, 0.0, 0.0)",True
3403,,"(0, 0, 0, 0, 0)","(0.0, 0.0, 0.0, 0.0, -0.0)",True
3404,,"(0, 0, 0, 0, 0)","(0.0, 0.0, 0.0, -0.0, 0.0)",True
3405,,"(0, 0, 0, 0, 0)","(0.0, 0.0, -0.0, 0.0, 0.0)",True
3406,,"(0, 0, 0, 0, 0)","(0.0, -0.0, 0.0, 0.0, 0.0)",True
3407,,"(0, 0, 0, 0, 0)","(-0.0, 0.0, 0.0, 0.0, 0.0)",True
3408,,"(0, 0, 0, 0, 0)","(0.0, 0.0, 0.0, 0.0, 0.0)",True
3409,,"(0, 0, 0, 0, 0)","(0.0, 0.0, 0.0, 0.0, 0.0)",True
3410,,"(0, 0, 0, 0, 0)","(0.0, 0.0, 0.0, 0.0, 0.0)",True
3411,,"(0, 0, 0, 0, 0)","(0.0, 0.0, 0.0, 0.0, 0.0)",True
3412,,"(0, 0, 0, 0, 0)","(0.0, 0.0, 0.0, 0.0, -0.0)",True
3413,,"(0, 0, 0, 0, 0)","(0.0, 0.0, 0.0, -0.0, 0.0)",True
3414,,"(0, 0, 0, 0, 0)","(0.0, 0.0, -0.0, 0.0, 0.0)",True
3415,,"(0, 0, 0, 0, 0)","(0.0, -0.0, 0.0, 0.0, 0.0)",True
3416,,"(0, 0, 0, 0, 0)","(-0.0, 0.0, 0.0, 0.0, 0.0)",True
3417,,"(0, 0, 0, 0, 0)","(0.0, 0.0, 0.0, 0.0, 0.0)",True
3418,,"(0, 0, 0, 0, 0)","(0.0, 0.0, 0.0, 0.0, 0.0)",True
3419,,"(0, 0, 0, 0, 0)","(0.0, 0.0, 0.0, 0.0, 0.0)",True
3420,,"(0, 0, 0, 0, 0)","(0.0, 0.0, 0.0, 0.0, 0.0)",True
3421,,"(0, 0, 0, 0, 0)","(0.0, 0.0, 0.0, 0.0, 0.0)",True
3422,,"(0, 0, 0, 0, 0)","(0.0, 0.0, 0.0, 0.0, 0.0)",True
3423,,"(0, 0, 0, 0, 0)","(0.0, 0.0, 0.0, 0.0, 0.0)",True
3424,,"(0, 0, 0, 0, 0)","(0.0, 0.0, 0.0, 0.0, 0.0)",True
3425,,"(0, 0, 0, 0, 0)","(0.0, 0.0, 0.0, 0.0, 0.0)",True
3426,,"(0, 0, 0, 0, 0)","(0.0, 0.0, 0.0, 0.0, 0.0)",True
3427,,"(0, 0, 0, 0, 0)","(0.0, 0.0, 0.0, 0.0, 0.0)",True
3428,,"(0, 0, 0, 0, 0)","(0.0, 0.0, 0.0, 0.0, -0.0)",True
3429,,"(0, 0, 0, 0, 0)","(0.0, 0.0, 0.0, -0.0, 0.0)",True
3430,,"(0, 0, 0, 0, 0)","(0.0, 0.0, -0.0, 0.0, 0.0)",True
3431,,"(0, 0, 0, 0, 0)","(0.0, -0.0, 0.0, 0.0, 0.0)",True
3432,,"(0, 0, 0, 0, 0)","(-0.0, 0.0, 0.0, 0.0, 0.0)",True
3433,,"(0, 0, 0, 0, 0)","(0.0, 0.0, 0.0, 0.0, 0.0)",True
3434,,"(0, 0, 0, 0, 0)","(0.0, 0.0, 0.0, 0.0, 0.0)",True
3435,,"(0, 0, 0, 0, 0)","(0.0, 0.0, 0.0, 0.0, 0.0)",True
3436,,"(0, 0, 0, 0, 0)","(0.0, 0.0, 0.0, 0.0, 0.0)",True
3437,,"(0, 0, 0, 0, 0)","(0.0, 0.0, 0.0, 0.0, -0.0)",True
3438,,"(0, 0, 0, 0, 0)","(0.0, 0.0, 0.0, -0.0, 0.0)",True
3439,,"(0, 0, 0, 0, 0)","(0.0, 0.0, -0.0, 0.0, 0.0)",True
3440,,"(0, 0, 0, 0, 0)","(0.0, -0.0, 0.0, 0.0, 0.0)",True
3441,,"(0, 0, 0, 0, 0)","(-0.0, 0.0, 0.0, 0.0, 0.0)",True
3442,,"(0, 0, 0, 0, 0)","(0.0, 0.0, 0.0, 0.0, 0.0)",True
3443,,"(0, 0, 0, 0, 0)","(0.0, 0.0, 0.0, 0.0, 0.0)",True
3444,,"(0, 0, 0, 0, 0)","(0.0, 0.0, 0.0, 0.0, 0.0)",True
3445,,"(0, 0, 0, 0, 0)","(0.0, 0.0, 0.0, 0.0, 0.0)",True
3446,,"(0, 0, 0, 0, 0)","(0.0, 0.0, 0.0, 0.0, 0.0)",True
3447,,"(0, 0, 0, 0, 0)","(0.0, 0.0, 0.0, 0.0, 0.0)",True
3448,,"(0, 0, 0, 0, 0)","(0.0, 0.0, 0.0, 0.0, 0.0)",True
3449,,"(0, 0, 0, 0, 0)","(0.0, 0.0, 0.0, 0.0, 0.0)",True
3450,,"(0, 0, 0, 0, 0)","(0.0, 0.0, 0.0, 0.0, 0.0)",True
3451,,"(0, 0, 0, 0, 0)","(0.0, 0.0, 0.0, 0.0, -0.0)",True
3452,,"(0, 0, 0, 0, 0)","(0.0, 0.0, 0.0, -0.0, 0.0)",True
3453,,"(0, 0, 0, 0, 0)","(0.0, 0.0, -0.0, 0.0, 0.0)",True
3454,,"(0, 0, 0, 0, 0)","(0.0, -0.0, 0.0, 0.0, 0.0)",True
3455,,"(0, 0, 0, 0, 0)","(-0.0, 0.0, 0.0, 0.0, -0.0)",True
3456,,"(0, 0, 0, 0, 0)","(0.0, 0.0, 0.0, -0.0, 0.0)",True
3457,,"(0, 0, 0, 0, 0)","(0.0, 0.0, -0.0, 0.0, 0.0)",True
3458,,"(0, 0, 0, 0, 0)","(0.0, -0.0, 0.0, 0.0, 0.0)",True
3459,,"(0, 0, 0, 0, 0)","(-0.0, 0.0, 0.0, 0.0, 0.0)",True
3460,,"(0, 0, 0, 0, 0)","(0.0, 0.0, 0.0, 0.0, 0.0)",True
3461,,"(0, 0, 0, 0, 0)","(0.0, 0.0, 0.0, 0.0, 0.0)",True
3462,,"(0, 0, 0, 0, 0)","(0.0, 0.0, 0.0, 0.0, 0.0)",True
3463,,"(0, 0, 0, 0, 0)","(0.0, 0.0, 0.0, 0.0, 0.0)",True
3464,,"(0, 0, 0, 0, 0)","(0.0, 0.0, 0.0, 0.0, 0.0)",True
3465,,"(0, 0, 0, 0, 0)","(0.0, 0.0, 0.0, 0.0, 0.0)",True
3466,,"(0, 0, 0, 0, 0)","(0.0, 0.0, 0.0, 0.0, 0.0)",True
3467,,"(0, 0, 0, 0, 0)","(0.0, 0.0, 0.0, 0.0, 0.0)",True
3468,,"(0, 0, 0, 0, 0)","(0.0, 0.0, 0.0, 0.0, 0.0)",True
3469,,"(0, 0, 0, 0, 0)","(0.0, 0.0, 0.0, 0.0, 0.0)",True
3470,,"(0, 0, 0, 0, 0)","(0.0, 0.0, 0.0, 0.0, -0.0)",True
3471,,"(0, 0, 0, 0, 0)","(0.0, 0.0, 0.0, -0.0, -0.0)",True
3472,,"(0, 0, 0, 0, 0)","(0.0, 0.0, -0.0, -0.0, 0.0)",True
3473,,"(0, 0, 0, 0, 0)","(0.0, -0.0, -0.0, 0.0, -0.0)",True
3474,,"(0, 0, 0, 0, 0)","(-0.0, -0.0, 0.0, -0.0, 0.0)",True
3475,,"(0, 0, 0, 0, 0)","(-0.0, 0.0, -0.0, 0.0, 0.0)",True
3476,,"(0, 0, 0, 0, 0)","(0.0, -0.0, 0.0, 0.0, 0.0)",True
3477,,"(0, 0, 0, 0, 0)","(-0.0, 0.0, 0.0, 0.0, 0.0)",True
3478,,"(0, 0, 0, 0, 0)","(0.0, 0.0, 0.0, 0.0, 0.0)",True
3479,,"(0, 0, 0, 0, 0)","(0.0, 0.0, 0.0, 0.0, 0.0)",True
3480,,"(0, 0, 0, 0, 0)","(0.0, 0.0, 0.0, 0.0, 0.0)",True
3481,,"(0, 0, 0, 0, 0)","(0.0, 0.0, 0.0, 0.0, 0.0)",True
3482,,"(0, 0, 0, 0, 0)","(0.0, 0.0, 0.0, 0.0, 0.0)",True
3483,,"(0, 0, 0, 0, 0)","(0.0, 0.0, 0.0, 0.0, 0.0)",True
3484,,"(0, 0, 0, 0, 0)","(0.0, 0.0, 0.0, 0.0, 0.0)",True
3485,,"(0, 0, 0, 0, 0)","(0.0, 0.0, 0.0, 0.0, 0.0)",True
3486,,"(0, 0, 0, 0, 0)","(0.0, 0.0, 0.0, 0.0, 0.0)",True
3487,,"(0, 0, 0, 0, 0)","(0.0, 0.0, 0.0, 0.0, 0.0)",True
3488,,"(0, 0, 0, 0, 0)","(0.0, 0.0, 0.0, 0.0, 0.0)",True
3489,,"(0, 0, 0, 0, 0)","(0.0, 0.0, 0.0, 0.0, 0.0)",True
3490,,"(0, 0, 0, 0, 0)","(0.0, 0.0, 0.0, 0.0, 0.0)",True
3491,,"(0, 0, 0, 0, 0)","(0.0, 0.0, 0.0, 0.0, 0.0)",True
3492,,"(0, 0, 0, 0, 0)","(0.0, 0.0, 0.0, 0.0, 0.0)",True
3493,,"(0, 0, 0, 0, 0)","(0.0, 0.0, 0.0, 0.0, 0.0)",True
3494,,"(0, 0, 0, 0, 0)","(0.0, 0.0, 0.0, 0.0, 0.0)",True
3495,,"(0, 0, 0, 0, 0)","(0.0, 0.0, 0.0, 0.0, 0.0)",True
3496,,"(0, 0, 0, 0, 0)","(0.0, 0.0, 0.0, 0.0, 0.0)",True
3497,,"(0, 0, 0, 0, 0)","(0.0, 0.0, 0.0, 0.0, 0.0)",True
3498,,"(0, 0, 0, 0, 0)","(0.0, 0.0, 0.0, 0.0, 0.0)",True
3499,,"(0, 0, 0, 0, 0)","(0.0, 0.0, 0.0, 0.0, 0.0)",True
3500,,"(0, 0, 0, 0, 0)","(0.0, 0.0, 0.0, 0.0, 0.0)",True
3501,,"(0, 0, 0, 0, 0)","(0.0, 0.0, 0.0, 0.0, 0.0)",True
3502,,"(0, 0, 0, 0, 0)","(0.0, 0.0, 0.0, 0.0, 0.0)",True
3503,,"(0, 0, 0, 0, 0)","(0.0, 0.0, 0.0, 0.0, 0.0)",True
3504,,"(0, 0, 0, 0, 0)","(0.0, 0.0, 0.0, 0.0, 0.0)",True
3505,,"(0, 0, 0, 0, 0)","(0.0, 0.0, 0.0, 0.0, 0.0)",True
3506,,"(0, 0, 0, 0, 0)","(0.0, 0.0, 0.0, 0.0, 0.0)",True
3507,,"(0, 0, 0, 0, 0)","(0.0, 0.0, 0.0, 0.0, 0.0)",True
3508,,"(0, 0, 0, 0, 0)","(0.0, 0.0, 0.0, 0.0, -0.0)",True
3509,,"(0, 0, 0, 0, 0)","(0.0, 0.0, 0.0, -0.0, 0.0)",True
3510,,"(0, 0, 0, 0, 0)","(0.0, 0.0, -0.0, 0.0, 0.0)",True
3511,,"(0, 0, 0, 0, 0)","(0.0, -0.0, 0.0, 0.0, 0.0)",True
3512,,"(0, 0, 0, 0, 0)","(-0.0, 0.0, 0.0, 0.0, 0.0)",True
3513,,"(0, 0, 0, 0, 0)","(0.0, 0.0, 0.0, 0.0, 0.0)",True
3514,,"(0, 0, 0, 0, 0)","(0.0, 0.0, 0.0, 0.0, 0.0)",True
3515,,"(0, 0, 0, 0, 0)","(0.0, 0.0, 0.0, 0.0, 0.0)",True
3516,,"(0, 0, 0, 0, 0)","(0.0, 0.0, 0.0, 0.0, 0.0)",True
3517,,"(0, 0, 0, 0, 0)","(0.0, 0.0, 0.0, 0.0, 0.0)",True
3518,,"(0, 0, 0, 0, 0)","(0.0, 0.0, 0.0, 0.0, -0.0)",True
3519,,"(0, 0, 0, 0, 0)","(0.0, 0.0, 0.0, -0.0, 0.0)",True
3520,,"(0, 0, 0, 0, 0)","(0.0, 0.0, -0.0, 0.0, 0.0)",True
3521,,"(0, 0, 0, 0, 0)","(0.0, -0.0, 0.0, 0.0, 0.0)",True
3522,,"(0, 0, 0, 0, 0)","(-0.0, 0.0, 0.0, 0.0, 0.0)",True
3523,,"(0, 0, 0, 0, 0)","(0.0, 0.0, 0.0, 0.0, 0.0)",True
3524,,"(0, 0, 0, 0, 0)","(0.0, 0.0, 0.0, 0.0, 0.0)",True
3525,,"(0, 0, 0, 0, 0)","(0.0, 0.0, 0.0, 0.0, 0.0)",True
3526,,"(0, 0, 0, 0, 0)","(0.0, 0.0, 0.0, 0.0, 0.0)",True
3527,,"(0, 0, 0, 0, 0)","(0.0, 0.0, 0.0, 0.0, 0.0)",True
3528,,"(0, 0, 0, 0, 0)","(0.0, 0.0, 0.0, 0.0, 0.0)",True
3529,,"(0, 0, 0, 0, 0)","(0.0, 0.0, 0.0, 0.0, 0.0)",True
3530,,"(0, 0, 0, 0, 0)","(0.0, 0.0, 0.0, 0.0, 0.0)",True
3531,,"(0, 0, 0, 0, 0)","(0.0, 0.0, 0.0, 0.0, 0.0)",True
3532,,"(0, 0, 0, 0, 0)","(0.0, 0.0, 0.0, 0.0, 0.0)",True
3533,,"(0, 0, 0, 0, 0)","(0.0, 0.0, 0.0, 0.0, 0.0)",True
3534,,"(0, 0, 0, 0, 0)","(0.0, 0.0, 0.0, 0.0, 0.0)",True
3535,,"(0, 0, 0, 0, 0)","(0.0, 0.0, 0.0, 0.0, 0.0)",True
3536,,"(0, 0, 0, 0, 0)","(0.0, 0.0, 0.0, 0.0, 0.0)",True
3537,,"(0, 0, 0, 0, 0)","(0.0, 0.0, 0.0, 0.0, 0.0)",True
3538,,"(0, 0, 0, 0, 0)","(0.0, 0.0, 0.0, 0.0, 0.0)",True
3539,,"(0, 0, 0, 0, 0)","(0.0, 0.0, 0.0, 0.0, 0.0)",True
3540,,"(0, 0, 0, 0, 0)","(0.0, 0.0, 0.0, 0.0, 0.0)",True
3541,,"(0, 0, 0, 0, 0)","(0.0, 0.0, 0.0, 0.0, -0.0)",True
3542,,"(0, 0, 0, 0, 0)","(0.0, 0.0, 0.0, -0.0, 0.0)",True
3543,,"(0, 0, 0, 0, 0)","(0.0, 0.0, -0.0, 0.0, 0.0)",True
3544,,"(0, 0, 0, 0, 0)","(0.0, -0.0, 0.0, 0.0, 0.0)",True
3545,,"(0, 0, 0, 0, 0)","(-0.0, 0.0, 0.0, 0.0, -0.0)",True
3546,,"(0, 0, 0, 0, 0)","(0.0, 0.0, 0.0, -0.0, -0.0)",True
3547,,"(0, 0, 0, 0, 0)","(0.0, 0.0, -0.0, -0.0, 0.0)",True
3548,,"(0, 0, 0, 0, 0)","(0.0, -0.0, -0.0, 0.0, 0.0)",True
3549,,"(0, 0, 0, 0, 0)","(-0.0, -0.0, 0.0, 0.0, 0.0)",True
3550,,"(0, 0, 0, 0, 0)","(-0.0, 0.0, 0.0, 0.0, 0.0)",True
3551,,"(0, 0, 0, 0, 0)","(0.0, 0.0, 0.0, 0.0, 0.0)",True
3552,,"(0, 0, 0, 0, 0)","(0.0, 0.0, 0.0, 0.0, 0.0)",True
3553,,"(0, 0, 0, 0, 0)","(0.0, 0.0, 0.0, 0.0, -0.0)",True
3554,,"(0, 0, 0, 0, 0)","(0.0, 0.0, 0.0, -0.0, 0.0)",True
3555,,"(0, 0, 0, 0, 0)","(0.0, 0.0, -0.0, 0.0, 0.0)",True
3556,,"(0, 0, 0, 0, 0)","(0.0, -0.0, 0.0, 0.0, 0.0)",True
3557,,"(0, 0, 0, 0, 0)","(-0.0, 0.0, 0.0, 0.0, -0.0)",True
3558,,"(0, 0, 0, 0, 0)","(0.0, 0.0, 0.0, -0.0, 0.0)",True
3559,,"(0, 0, 0, 0, 0)","(0.0, 0.0, -0.0, 0.0, 0.0)",True
3560,,"(0, 0, 0, 0, 0)","(0.0, -0.0, 0.0, 0.0, 0.0)",True
3561,,"(0, 0, 0, 0, 0)","(-0.0, 0.0, 0.0, 0.0, -0.0)",True
3562,,"(0, 0, 0, 0, 0)","(0.0, 0.0, 0.0, -0.0, 0.0)",True
3563,,"(0, 0, 0, 0, 0)","(0.0, 0.0, -0.0, 0.0, 0.0)",True
3564,,"(0, 0, 0, 0, 0)","(0.0, -0.0, 0.0, 0.0, 0.0)",True
3565,,"(0, 0, 0, 0, 0)","(-0.0, 0.0, 0.0, 0.0, 0.0)",True
3566,,"(0, 0, 0, 0, 0)","(0.0, 0.0, 0.0, 0.0, 0.0)",True
3567,,"(0, 0, 0, 0, 0)","(0.0, 0.0, 0.0, 0.0, 0.0)",True
3568,,"(0, 0, 0, 0, 0)","(0.0, 0.0, 0.0, 0.0, 0.0)",True
3569,,"(0, 0, 0, 0, 0)","(0.0, 0.0, 0.0, 0.0, 0.0)",True
3570,,"(0, 0, 0, 0, 0)","(0.0, 0.0, 0.0, 0.0, 0.0)",True
3571,,"(0, 0, 0, 0, 0)","(0.0, 0.0, 0.0, 0.0, 0.0)",True
3572,,"(0, 0, 0, 0, 0)","(0.0, 0.0, 0.0, 0.0, 0.0)",True
3573,,"(0, 0, 0, 0, 0)","(0.0, 0.0, 0.0, 0.0, 0.0)",True
3574,,"(0, 0, 0, 0, 0)","(0.0, 0.0, 0.0, 0.0, 0.0)",True
3575,,"(0, 0, 0, 0, 0)","(0.0, 0.0, 0.0, 0.0, 0.0)",True
3576,,"(0, 0, 0, 0, 0)","(0.0, 0.0, 0.0, 0.0, 0.0)",True
3577,,"(0, 0, 0, 0, 0)","(0.0, 0.0, 0.0, 0.0, 0.0)",True
3578,,"(0, 0, 0, 0, 0)","(0.0, 0.0, 0.0, 0.0, 0.0)",True
3579,,"(0, 0, 0, 0, 0)","(0.0, 0.0, 0.0, 0.0, 0.0)",True
3580,,"(0, 0, 0, 0, 0)","(0.0, 0.0, 0.0, 0.0, 0.0)",True
3581,,"(0, 0, 0, 0, 0)","(0.0, 0.0, 0.0, 0.0, 0.0)",True
3582,,"(0, 0, 0, 0, 0)","(0.0, 0.0, 0.0, 0.0, 0.0)",True
3583,,"(0, 0, 0, 0, 0)","(0.0, 0.0, 0.0, 0.0, 0.0)",True
3584,,"(0, 0, 0, 0, 0)","(0.0, 0.0, 0.0, 0.0, 0.0)",True
3585,,"(0, 0, 0, 0, 0)","(0.0, 0.0, 0.0, 0.0, 0.0)",True
3586,,"(0, 0, 0, 0, 0)","(0.0, 0.0, 0.0, 0.0, -0.0)",True
3587,,"(0, 0, 0, 0, 0)","(0.0, 0.0, 0.0, -0.0, 0.0)",True
3588,,"(0, 0, 0, 0, 0)","(0.0, 0.0, -0.0, 0.0, 0.0)",True
3589,,"(0, 0, 0, 0, 0)","(0.0, -0.0, 0.0, 0.0, 0.0)",True
3590,,"(0, 0, 0, 0, 0)","(-0.0, 0.0, 0.0, 0.0, 0.0)",True
3591,,"(0, 0, 0, 0, 0)","(0.0, 0.0, 0.0, 0.0, 0.0)",True
3592,,"(0, 0, 0, 0, 0)","(0.0, 0.0, 0.0, 0.0, 0.0)",True
3593,,"(0, 0, 0, 0, 0)","(0.0, 0.0, 0.0, 0.0, 0.0)",True
3594,,"(0, 0, 0, 0, 0)","(0.0, 0.0, 0.0, 0.0, 0.0)",True
3595,,"(0, 0, 0, 0, 0)","(0.0, 0.0, 0.0, 0.0, 0.0)",True
3596,,"(0, 0, 0, 0, 0)","(0.0, 0.0, 0.0, 0.0, 0.0)",True
3597,,"(0, 0, 0, 0, 0)","(0.0, 0.0, 0.0, 0.0, 0.0)",True
3598,,"(0, 0, 0, 0, 0)","(0.0, 0.0, 0.0, 0.0, 0.0)",True
3599,,"(0, 0, 0, 0, 0)","(0.0, 0.0, 0.0, 0.0, 0.0)",True
3600,,"(0, 0, 0, 0, 0)","(0.0, 0.0, 0.0, 0.0, -0.0)",True
3601,,"(0, 0, 0, 0, 0)","(0.0, 0.0, 0.0, -0.0, 0.0)",True
3602,,"(0, 0, 0, 0, 0)","(0.0, 0.0, -0.0, 0.0, 0.0)",True
3603,,"(0, 0, 0, 0, 0)","(0.0, -0.0, 0.0, 0.0, 0.0)",True
3604,,"(0, 0, 0, 0, 0)","(-0.0, 0.0, 0.0, 0.0, 0.0)",True
3605,,"(0, 0, 0, 0, 0)","(0.0, 0.0, 0.0, 0.0, 0.0)",True
3606,,"(0, 0, 0, 0, 0)","(0.0, 0.0, 0.0, 0.0, 0.0)",True
3607,,"(0, 0, 0, 0, 0)","(0.0, 0.0, 0.0, 0.0, 0.0)",True
3608,,"(0, 0, 0, 0, 0)","(0.0, 0.0, 0.0, 0.0, 0.0)",True
3609,,"(0, 0, 0, 0, 0)","(0.0, 0.0, 0.0, 0.0, 0.0)",True
3610,,"(0, 0, 0, 0, 0)","(0.0, 0.0, 0.0, 0.0, 0.0)",True
3611,,"(0, 0, 0, 0, 0)","(0.0, 0.0, 0.0, 0.0, 0.0)",True
3612,,"(0, 0, 0, 0, 0)","(0.0, 0.0, 0.0, 0.0, 0.0)",True
3613,,"(0, 0, 0, 0, 0)","(0.0, 0.0, 0.0, 0.0, 0.0)",True
3614,,"(0, 0, 0, 0, 0)","(0.0, 0.0, 0.0, 0.0, 0.0)",True
3615,,"(0, 0, 0, 0, 0)","(0.0, 0.0, 0.0, 0.0, 0.0)",True
3616,,"(0, 0, 0, 0, 0)","(0.0, 0.0, 0.0, 0.0, 0.0)",True
3617,,"(0, 0, 0, 0, 0)","(0.0, 0.0, 0.0, 0.0, 0.0)",True
3618,,"(0, 0, 0, 0, 0)","(0.0, 0.0, 0.0, 0.0, 0.0)",True
3619,,"(0, 0, 0, 0, 0)","(0.0, 0.0, 0.0, 0.0, 0.0)",True
3620,,"(0, 0, 0, 0, 0)","(0.0, 0.0, 0.0, 0.0, 0.0)",True
3621,,"(0, 0, 0, 0, 0)","(0.0, 0.0, 0.0, 0.0, 0.0)",True
3622,,"(0, 0, 0, 0, 0)","(0.0, 0.0, 0.0, 0.0, 0.0)",True
3623,,"(0, 0, 0, 0, 0)","(0.0, 0.0, 0.0, 0.0, -0.0)",True
3624,,"(0, 0, 0, 0, 0)","(0.0, 0.0, 0.0, -0.0, 0.0)",True
3625,,"(0, 0, 0, 0, 0)","(0.0, 0.0, -0.0, 0.0, 0.0)",True
3626,,"(0, 0, 0, 0, 0)","(0.0, -0.0, 0.0, 0.0, 0.0)",True
3627,,"(0, 0, 0, 0, 0)","(-0.0, 0.0, 0.0, 0.0, 0.0)",True
3628,,"(0, 0, 0, 0, 0)","(0.0, 0.0, 0.0, 0.0, 0.0)",True
3629,,"(0, 0, 0, 0, 0)","(0.0, 0.0, 0.0, 0.0, -0.0)",True
3630,,"(0, 0, 0, 0, 0)","(0.0, 0.0, 0.0, -0.0, 0.0)",True
3631,,"(0, 0, 0, 0, 0)","(0.0, 0.0, -0.0, 0.0, 0.0)",True
3632,,"(0, 0, 0, 0, 0)","(0.0, -0.0, 0.0, 0.0, 0.0)",True
3633,,"(0, 0, 0, 0, 0)","(-0.0, 0.0, 0.0, 0.0, 0.0)",True
3634,,"(0, 0, 0, 0, 0)","(0.0, 0.0, 0.0, 0.0, 0.0)",True
3635,,"(0, 0, 0, 0, 0)","(0.0, 0.0, 0.0, 0.0, 0.0)",True
3636,,"(0, 0, 0, 0, 0)","(0.0, 0.0, 0.0, 0.0, 0.0)",True
3637,,"(0, 0, 0, 0, 0)","(0.0, 0.0, 0.0, 0.0, 0.0)",True
3638,,"(0, 0, 0, 0, 0)","(0.0, 0.0, 0.0, 0.0, 0.0)",True
3639,,"(0, 0, 0, 0, 0)","(0.0, 0.0, 0.0, 0.0, 0.0)",True
3640,,"(0, 0, 0, 0, 0)","(0.0, 0.0, 0.0, 0.0, 0.0)",True
3641,,"(0, 0, 0, 0, 0)","(0.0, 0.0, 0.0, 0.0, 0.0)",True
3642,,"(0, 0, 0, 0, 0)","(0.0, 0.0, 0.0, 0.0, 0.0)",True
3643,,"(0, 0, 0, 0, 0)","(0.0, 0.0, 0.0, 0.0, 0.0)",True
3644,,"(0, 0, 0, 0, 0)","(0.0, 0.0, 0.0, 0.0, 0.0)",True
3645,,"(0, 0, 0, 0, 0)","(0.0, 0.0, 0.0, 0.0, -0.0)",True
3646,,"(0, 0, 0, 0, 0)","(0.0, 0.0, 0.0, -0.0, 0.0)",True
3647,,"(0, 0, 0, 0, 0)","(0.0, 0.0, -0.0, 0.0, 0.0)",True
3648,,"(0, 0, 0, 0, 0)","(0.0, -0.0, 0.0, 0.0, 0.0)",True
3649,,"(0, 0, 0, 0, 0)","(-0.0, 0.0, 0.0, 0.0, 0.0)",True
3650,,"(0, 0, 0, 0, 0)","(0.0, 0.0, 0.0, 0.0, 0.0)",True
3651,,"(0, 0, 0, 0, 0)","(0.0, 0.0, 0.0, 0.0, 0.0)",True
3652,,"(0, 0, 0, 0, 0)","(0.0, 0.0, 0.0, 0.0, -0.0)",True
3653,,"(0, 0, 0, 0, 0)","(0.0, 0.0, 0.0, -0.0, 0.0)",True
3654,,"(0, 0, 0, 0, 0)","(0.0, 0.0, -0.0, 0.0, 0.0)",True
3655,,"(0, 0, 0, 0, 0)","(0.0, -0.0, 0.0, 0.0, 0.0)",True
3656,,"(0, 0, 0, 0, 0)","(-0.0, 0.0, 0.0, 0.0, 0.0)",True
3657,,"(0, 0, 0, 0, 0)","(0.0, 0.0, 0.0, 0.0, 0.0)",True
3658,,"(0, 0, 0, 0, 0)","(0.0, 0.0, 0.0, 0.0, 0.0)",True
3659,,"(0, 0, 0, 0, 0)","(0.0, 0.0, 0.0, 0.0, 0.0)",True
3660,,"(0, 0, 0, 0, 0)","(0.0, 0.0, 0.0, 0.0, 0.0)",True
3661,,"(0, 0, 0, 0, 0)","(0.0, 0.0, 0.0, 0.0, 0.0)",True
3662,,"(0, 0, 0, 0, 0)","(0.0, 0.0, 0.0, 0.0, 0.0)",True
3663,,"(0, 0, 0, 0, 0)","(0.0, 0.0, 0.0, 0.0, 0.0)",True
3664,,"(0, 0, 0, 0, 0)","(0.0, 0.0, 0.0, 0.0, 0.0)",True
3665,,"(0, 0, 0, 0, 0)","(0.0, 0.0, 0.0, 0.0, 0.0)",True
3666,,"(0, 0, 0, 0, 0)","(0.0, 0.0, 0.0, 0.0, 0.0)",True
3667,,"(0, 0, 0, 0, 0)","(0.0, 0.0, 0.0, 0.0, 0.0)",True
3668,,"(0, 0, 0, 0, 0)","(0.0, 0.0, 0.0, 0.0, 0.0)",True
3669,,"(0, 0, 0, 0, 0)","(0.0, 0.0, 0.0, 0.0, 0.0)",True
3670,,"(0, 0, 0, 0, 0)","(0.0, 0.0, 0.0, 0.0, 0.0)",True
3671,,"(0, 0, 0, 0, 0)","(0.0, 0.0, 0.0, 0.0, 0.0)",True
3672,,"(0, 0, 0, 0, 0)","(0.0, 0.0, 0.0, 0.0, 0.0)",True
3673,,"(0, 0, 0, 0, 0)","(0.0, 0.0, 0.0, 0.0, 0.0)",True
3674,,"(0, 0, 0, 0, 0)","(0.0, 0.0, 0.0, 0.0, 0.0)",True
3675,,"(0, 0, 0, 0, 0)","(0.0, 0.0, 0.0, 0.0, -0.0)",True
3676,,"(0, 0, 0, 0, 0)","(0.0, 0.0, 0.0, -0.0, -0.0)",True
3677,,"(0, 0, 0, 0, 0)","(0.0, 0.0, -0.0, -0.0, 0.0)",True
3678,,"(0, 0, 0, 0, 0)","(0.0, -0.0, -0.0, 0.0, 0.0)",True
3679,,"(0, 0, 0, 0, 0)","(-0.0, -0.0, 0.0, 0.0, 0.0)",True
3680,,"(0, 0, 0, 0, 0)","(-0.0, 0.0, 0.0, 0.0, 0.0)",True
3681,,"(0, 0, 0, 0, 0)","(0.0, 0.0, 0.0, 0.0, 0.0)",True
3682,,"(0, 0, 0, 0, 0)","(0.0, 0.0, 0.0, 0.0, 0.0)",True
3683,,"(0, 0, 0, 0, 0)","(0.0, 0.0, 0.0, 0.0, 0.0)",True
3684,,"(0, 0, 0, 0, 0)","(0.0, 0.0, 0.0, 0.0, 0.0)",True
3685,,"(0, 0, 0, 0, 0)","(0.0, 0.0, 0.0, 0.0, 0.0)",True
3686,,"(0, 0, 0, 0, 0)","(0.0, 0.0, 0.0, 0.0, 0.0)",True
3687,,"(0, 0, 0, 0, 0)","(0.0, 0.0, 0.0, 0.0, 0.0)",True
3688,,"(0, 0, 0, 0, 0)","(0.0, 0.0, 0.0, 0.0, 0.0)",True
3689,,"(0, 0, 0, 0, 0)","(0.0, 0.0, 0.0, 0.0, 0.0)",True
3690,,"(0, 0, 0, 0, 0)","(0.0, 0.0, 0.0, 0.0, 0.0)",True
3691,,"(0, 0, 0, 0, 0)","(0.0, 0.0, 0.0, 0.0, 0.0)",True
3692,,"(0, 0, 0, 0, 0)","(0.0, 0.0, 0.0, 0.0, 0.0)",True
3693,,"(0, 0, 0, 0, 0)","(0.0, 0.0, 0.0, 0.0, 0.0)",True
3694,,"(0, 0, 0, 0, 0)","(0.0, 0.0, 0.0, 0.0, 0.0)",True
3695,,"(0, 0, 0, 0, 0)","(0.0, 0.0, 0.0, 0.0, -0.0)",True
3696,,"(0, 0, 0, 0, 0)","(0.0, 0.0, 0.0, -0.0, 0.0)",True
3697,,"(0, 0, 0, 0, 0)","(0.0, 0.0, -0.0, 0.0, 0.0)",True
3698,,"(0, 0, 0, 0, 0)","(0.0, -0.0, 0.0, 0.0, 0.0)",True
3699,,"(0, 0, 0, 0, 0)","(-0.0, 0.0, 0.0, 0.0, 0.0)",True
3700,,"(0, 0, 0, 0, 0)","(0.0, 0.0, 0.0, 0.0, -0.0)",True
3701,,"(0, 0, 0, 0, 0)","(0.0, 0.0, 0.0, -0.0, 0.0)",True
3702,,"(0, 0, 0, 0, 0)","(0.0, 0.0, -0.0, 0.0, 0.0)",True
3703,,"(0, 0, 0, 0, 0)","(0.0, -0.0, 0.0, 0.0, 0.0)",True
3704,,"(0, 0, 0, 0, 0)","(-0.0, 0.0, 0.0, 0.0, 0.0)",True
3705,,"(0, 0, 0, 0, 0)","(0.0, 0.0, 0.0, 0.0, 0.0)",True
3706,,"(0, 0, 0, 0, 0)","(0.0, 0.0, 0.0, 0.0, 0.0)",True
3707,,"(0, 0, 0, 0, 0)","(0.0, 0.0, 0.0, 0.0, 0.0)",True
3708,,"(0, 0, 0, 0, 0)","(0.0, 0.0, 0.0, 0.0, 0.0)",True
3709,,"(0, 0, 0, 0, 0)","(0.0, 0.0, 0.0, 0.0, -0.0)",True
3710,,"(0, 0, 0, 0, 0)","(0.0, 0.0, 0.0, -0.0, 0.0)",True
3711,,"(0, 0, 0, 0, 0)","(0.0, 0.0, -0.0, 0.0, 0.0)",True
3712,,"(0, 0, 0, 0, 0)","(0.0, -0.0, 0.0, 0.0, 0.0)",True
3713,,"(0, 0, 0, 0, 0)","(-0.0, 0.0, 0.0, 0.0, 0.0)",True
3714,,"(0, 0, 0, 0, 0)","(0.0, 0.0, 0.0, 0.0, 0.0)",True
3715,,"(0, 0, 0, 0, 0)","(0.0, 0.0, 0.0, 0.0, -0.0)",True
3716,,"(0, 0, 0, 0, 0)","(0.0, 0.0, 0.0, -0.0, 0.0)",True
3717,,"(0, 0, 0, 0, 0)","(0.0, 0.0, -0.0, 0.0, 0.0)",True
3718,,"(0, 0, 0, 0, 0)","(0.0, -0.0, 0.0, 0.0, 0.0)",True
3719,,"(0, 0, 0, 0, 0)","(-0.0, 0.0, 0.0, 0.0, 0.0)",True
3720,,"(0, 0, 0, 0, 0)","(0.0, 0.0, 0.0, 0.0, -0.0)",True
3721,,"(0, 0, 0, 0, 0)","(0.0, 0.0, 0.0, -0.0, 0.0)",True
3722,,"(0, 0, 0, 0, 0)","(0.0, 0.0, -0.0, 0.0, 0.0)",True
3723,,"(0, 0, 0, 0, 0)","(0.0, -0.0, 0.0, 0.0, 0.0)",True
3724,,"(0, 0, 0, 0, 0)","(-0.0, 0.0, 0.0, 0.0, 0.0)",True
3725,,"(0, 0, 0, 0, 0)","(0.0, 0.0, 0.0, 0.0, 0.0)",True
3726,,"(0, 0, 0, 0, 0)","(0.0, 0.0, 0.0, 0.0, 0.0)",True
3727,,"(0, 0, 0, 0, 0)","(0.0, 0.0, 0.0, 0.0, 0.0)",True
3728,,"(0, 0, 0, 0, 0)","(0.0, 0.0, 0.0, 0.0, 0.0)",True
3729,,"(0, 0, 0, 0, 0)","(0.0, 0.0, 0.0, 0.0, 0.0)",True
3730,,"(0, 0, 0, 0, 0)","(0.0, 0.0, 0.0, 0.0, -0.0)",True
3731,,"(0, 0, 0, 0, 0)","(0.0, 0.0, 0.0, -0.0, 0.0)",True
3732,,"(0, 0, 0, 0, 0)","(0.0, 0.0, -0.0, 0.0, 0.0)",True
3733,,"(0, 0, 0, 0, 0)","(0.0, -0.0, 0.0, 0.0, 0.0)",True
3734,,"(0, 0, 0, 0, 0)","(-0.0, 0.0, 0.0, 0.0, 0.0)",True
3735,,"(0, 0, 0, 0, 0)","(0.0, 0.0, 0.0, 0.0, 0.0)",True
3736,,"(0, 0, 0, 0, 0)","(0.0, 0.0, 0.0, 0.0, 0.0)",True
3737,,"(0, 0, 0, 0, 0)","(0.0, 0.0, 0.0, 0.0, 0.0)",True
3738,,"(0, 0, 0, 0, 0)","(0.0, 0.0, 0.0, 0.0, 0.0)",True
3739,,"(0, 0, 0, 0, 0)","(0.0, 0.0, 0.0, 0.0, 0.0)",True
3740,,"(0, 0, 0, 0, 0)","(0.0, 0.0, 0.0, 0.0, 0.0)",True
3741,,"(0, 0, 0, 0, 0)","(0.0, 0.0, 0.0, 0.0, 0.0)",True
3742,,"(0, 0, 0, 0, 0)","(0.0, 0.0, 0.0, 0.0, 0.0)",True
3743,,"(0, 0, 0, 0, 0)","(0.0, 0.0, 0.0, 0.0, 0.0)",True
3744,,"(0, 0, 0, 0, 0)","(0.0, 0.0, 0.0, 0.0, 0.0)",True
3745,,"(0, 0, 0, 0, 0)","(0.0, 0.0, 0.0, 0.0, 1.0)",False
3746,,"(0, 0, 0, 1, 0)","(0.0, 0.0, 0.0, 1.0, -0.0)",True
3747,,"(0, 0, 1, 0, 0)","(0.0, 0.0, 1.0, -0.0, -0.0)",True
3748,,"(0, 1, 0, 0, 0)","(0.0, 1.0, -0.0, -0.0, 0.0)",True
3749,,"(1, 0, 0, 0, 0)","(1.0, -0.0, -0.0, 0.0, 0.0)",True
3750,,"(0, 0, 0, 0, 0)","(-0.0, -0.0, 0.0, 0.0, 0.0)",True
3751,,"(0, 0, 0, 0, 0)","(-0.0, 0.0, 0.0, 0.0, 0.0)",True
3752,,"(0, 0, 0, 0, 0)","(0.0, 0.0, 0.0, 0.0, 0.0)",True
3753,,"(0, 0, 0, 0, 0)","(0.0, 0.0, 0.0, 0.0, 0.0)",True
3754,,"(0, 0, 0, 0, 0)","(0.0, 0.0, 0.0, 0.0, 0.0)",True
3755,,"(0, 0, 0, 0, 0)","(0.0, 0.0, 0.0, 0.0, 0.0)",True
3756,,"(0, 0, 0, 0, 0)","(0.0, 0.0, 0.0, 0.0, 0.0)",True
3757,,"(0, 0, 0, 0, 0)","(0.0, 0.0, 0.0, 0.0, 0.0)",True
3758,,"(0, 0, 0, 0, 0)","(0.0, 0.0, 0.0, 0.0, -0.0)",True
3759,,"(0, 0, 0, 0, 0)","(0.0, 0.0, 0.0, -0.0, 0.0)",True
3760,,"(0, 0, 0, 0, 0)","(0.0, 0.0, -0.0, 0.0, 0.0)",True
3761,,"(0, 0, 0, 0, 0)","(0.0, -0.0, 0.0, 0.0, 0.0)",True
3762,,"(0, 0, 0, 0, 0)","(-0.0, 0.0, 0.0, 0.0, 0.0)",True
3763,,"(0, 0, 0, 0, 0)","(0.0, 0.0, 0.0, 0.0, -0.0)",True
3764,,"(0, 0, 0, 0, 0)","(0.0, 0.0, 0.0, -0.0, -1.0)",False
3765,,"(0, 0, 0, -1, 0)","(0.0, 0.0, -0.0, -1.0, -1.0)",False
3766,,"(0, 0, -1, -1, 0)","(0.0, -0.0, -1.0, -1.0, -0.0)",True
3767,,"(0, -1, -1, 0, 0)","(-0.0, -1.0, -1.0, -0.0, 1.0)",False
3768,,"(-1, -1, 0, 1, 0)","(-1.0, -1.0, -0.0, 1.0, 0.0)",True
3769,,"(-1, 0, 1, 0, 0)","(-1.0, -0.0, 1.0, 0.0, 0.0)",True
3770,,"(0, 1, 0, 0, 0)","(-0.0, 1.0, 0.0, 0.0, 0.0)",True
3771,,"(1, 0, 0, 0, 0)","(1.0, 0.0, 0.0, 0.0, 0.0)",True
3772,,"(0, 0, 0, 0, 0)","(0.0, 0.0, 0.0, 0.0, -0.0)",True
3773,,"(0, 0, 0, 0, 0)","(0.0, 0.0, 0.0, -0.0, -0.0)",True
3774,,"(0, 0, 0, 0, 0)","(0.0, 0.0, -0.0, -0.0, 0.0)",True
3775,,"(0, 0, 0, 0, 0)","(0.0, -0.0, -0.0, 0.0, -0.0)",True
3776,,"(0, 0, 0, 0, 0)","(-0.0, -0.0, 0.0, -0.0, 0.0)",True
3777,,"(0, 0, 0, 0, 0)","(-0.0, 0.0, -0.0, 0.0, 0.0)",True
3778,,"(0, 0, 0, 0, 0)","(0.0, -0.0, 0.0, 0.0, 0.0)",True
3779,,"(0, 0, 0, 0, 0)","(-0.0, 0.0, 0.0, 0.0, -0.0)",True
3780,,"(0, 0, 0, 0, 0)","(0.0, 0.0, 0.0, -0.0, -0.0)",True
3781,,"(0, 0, 0, 0, 0)","(0.0, 0.0, -0.0, -0.0, 0.0)",True
3782,,"(0, 0, 0, 0, 0)","(0.0, -0.0, -0.0, 0.0, 0.0)",True
3783,,"(0, 0, 0, 0, 0)","(-0.0, -0.0, 0.0, 0.0, 0.0)",True
3784,,"(0, 0, 0, 0, 0)","(-0.0, 0.0, 0.0, 0.0, 0.0)",True
3785,,"(0, 0, 0, 0, 0)","(0.0, 0.0, 0.0, 0.0, 0.0)",True
3786,,"(0, 0, 0, 0, 0)","(0.0, 0.0, 0.0, 0.0, 0.0)",True
3787,,"(0, 0, 0, 0, 0)","(0.0, 0.0, 0.0, 0.0, 0.0)",True
3788,,"(0, 0, 0, 0, 0)","(0.0, 0.0, 0.0, 0.0, 0.0)",True
3789,,"(0, 0, 0, 0, 0)","(0.0, 0.0, 0.0, 0.0, 0.0)",True
3790,,"(0, 0, 0, 0, 0)","(0.0, 0.0, 0.0, 0.0, 0.0)",True
3791,,"(0, 0, 0, 0, 0)","(0.0, 0.0, 0.0, 0.0, 0.0)",True
3792,,"(0, 0, 0, 0, 0)","(0.0, 0.0, 0.0, 0.0, 0.0)",True
3793,,"(0, 0, 0, 0, 0)","(0.0, 0.0, 0.0, 0.0, 0.0)",True
3794,,"(0, 0, 0, 0, 0)","(0.0, 0.0, 0.0, 0.0, 0.0)",True
3795,,"(0, 0, 0, 0, 0)","(0.0, 0.0, 0.0, 0.0, 0.0)",True
3796,,"(0, 0, 0, 0, 0)","(0.0, 0.0, 0.0, 0.0, 0.0)",True
3797,,"(0, 0, 0, 0, 0)","(0.0, 0.0, 0.0, 0.0, 0.0)",True
3798,,"(0, 0, 0, 0, 0)","(0.0, 0.0, 0.0, 0.0, -0.0)",True
3799,,"(0, 0, 0, 0, 0)","(0.0, 0.0, 0.0, -0.0, 0.0)",True
3800,,"(0, 0, 0, 0, 0)","(0.0, 0.0, -0.0, 0.0, 0.0)",True
3801,,"(0, 0, 0, 0, 0)","(0.0, -0.0, 0.0, 0.0, 0.0)",True
3802,,"(0, 0, 0, 0, 0)","(-0.0, 0.0, 0.0, 0.0, 0.0)",True
3803,,"(0, 0, 0, 0, 0)","(0.0, 0.0, 0.0, 0.0, 0.0)",True
3804,,"(0, 0, 0, 0, 0)","(0.0, 0.0, 0.0, 0.0, 0.0)",True
3805,,"(0, 0, 0, 0, 0)","(0.0, 0.0, 0.0, 0.0, 0.0)",True
3806,,"(0, 0, 0, 0, 0)","(0.0, 0.0, 0.0, 0.0, 0.0)",True
3807,,"(0, 0, 0, 0, 0)","(0.0, 0.0, 0.0, 0.0, 0.0)",True
3808,,"(0, 0, 0, 0, 0)","(0.0, 0.0, 0.0, 0.0, 0.0)",True
3809,,"(0, 0, 0, 0, 0)","(0.0, 0.0, 0.0, 0.0, 0.0)",True
3810,,"(0, 0, 0, 0, 0)","(0.0, 0.0, 0.0, 0.0, 0.0)",True
3811,,"(0, 0, 0, 0, 0)","(0.0, 0.0, 0.0, 0.0, 0.0)",True
3812,,"(0, 0, 0, 0, 0)","(0.0, 0.0, 0.0, 0.0, 0.0)",True
3813,,"(0, 0, 0, 0, 0)","(0.0, 0.0, 0.0, 0.0, -0.0)",True
3814,,"(0, 0, 0, 0, 0)","(0.0, 0.0, 0.0, -0.0, 0.0)",True
3815,,"(0, 0, 0, 0, 0)","(0.0, 0.0, -0.0, 0.0, 0.0)",True
3816,,"(0, 0, 0, 0, 0)","(0.0, -0.0, 0.0, 0.0, 0.0)",True
3817,,"(0, 0, 0, 0, 0)","(-0.0, 0.0, 0.0, 0.0, 0.0)",True
3818,,"(0, 0, 0, 0, 0)","(0.0, 0.0, 0.0, 0.0, 0.0)",True
3819,,"(0, 0, 0, 0, 0)","(0.0, 0.0, 0.0, 0.0, 0.0)",True
3820,,"(0, 0, 0, 0, 0)","(0.0, 0.0, 0.0, 0.0, 0.0)",True
3821,,"(0, 0, 0, 0, 0)","(0.0, 0.0, 0.0, 0.0, -0.0)",True
3822,,"(0, 0, 0, 0, 0)","(0.0, 0.0, 0.0, -0.0, 0.0)",True
3823,,"(0, 0, 0, 0, 0)","(0.0, 0.0, -0.0, 0.0, 0.0)",True
3824,,"(0, 0, 0, 0, 0)","(0.0, -0.0, 0.0, 0.0, 0.0)",True
3825,,"(0, 0, 0, 0, 0)","(-0.0, 0.0, 0.0, 0.0, 0.0)",True
3826,,"(0, 0, 0, 0, 0)","(0.0, 0.0, 0.0, 0.0, 0.0)",True
3827,,"(0, 0, 0, 0, 0)","(0.0, 0.0, 0.0, 0.0, 0.0)",True
3828,,"(0, 0, 0, 0, 0)","(0.0, 0.0, 0.0, 0.0, 0.0)",True
3829,,"(0, 0, 0, 0, 0)","(0.0, 0.0, 0.0, 0.0, 0.0)",True
3830,,"(0, 0, 0, 0, 0)","(0.0, 0.0, 0.0, 0.0, 0.0)",True
3831,,"(0, 0, 0, 0, 0)","(0.0, 0.0, 0.0, 0.0, 0.0)",True
3832,,"(0, 0, 0, 0, 0)","(0.0, 0.0, 0.0, 0.0, 0.0)",True
3833,,"(0, 0, 0, 0, 0)","(0.0, 0.0, 0.0, 0.0, 0.0)",True
3834,,"(0, 0, 0, 0, 0)","(0.0, 0.0, 0.0, 0.0, 0.0)",True
3835,,"(0, 0, 0, 0, 0)","(0.0, 0.0, 0.0, 0.0, 0.0)",True
3836,,"(0, 0, 0, 0, 0)","(0.0, 0.0, 0.0, 0.0, 0.0)",True
3837,,"(0, 0, 0, 0, 0)","(0.0, 0.0, 0.0, 0.0, 0.0)",True
3838,,"(0, 0, 0, 0, 0)","(0.0, 0.0, 0.0, 0.0, -0.0)",True
3839,,"(0, 0, 0, 0, 0)","(0.0, 0.0, 0.0, -0.0, 0.0)",True
3840,,"(0, 0, 0, 0, 0)","(0.0, 0.0, -0.0, 0.0, 0.0)",True
3841,,"(0, 0, 0, 0, 0)","(0.0, -0.0, 0.0, 0.0, 0.0)",True
3842,,"(0, 0, 0, 0, 0)","(-0.0, 0.0, 0.0, 0.0, 0.0)",True
3843,,"(0, 0, 0, 0, 0)","(0.0, 0.0, 0.0, 0.0, 0.0)",True
3844,,"(0, 0, 0, 0, 0)","(0.0, 0.0, 0.0, 0.0, 0.0)",True
3845,,"(0, 0, 0, 0, 0)","(0.0, 0.0, 0.0, 0.0, 0.0)",True
3846,,"(0, 0, 0, 0, 0)","(0.0, 0.0, 0.0, 0.0, 0.0)",True
3847,,"(0, 0, 0, 0, 0)","(0.0, 0.0, 0.0, 0.0, 0.0)",True
3848,,"(0, 0, 0, 0, 0)","(0.0, 0.0, 0.0, 0.0, 0.0)",True
3849,,"(0, 0, 0, 0, 0)","(0.0, 0.0, 0.0, 0.0, 0.0)",True
3850,,"(0, 0, 0, 0, 0)","(0.0, 0.0, 0.0, 0.0, 0.0)",True
3851,,"(0, 0, 0, 0, 0)","(0.0, 0.0, 0.0, 0.0, 0.0)",True
3852,,"(0, 0, 0, 0, 0)","(0.0, 0.0, 0.0, 0.0, 0.0)",True
3853,,"(0, 0, 0, 0, 0)","(0.0, 0.0, 0.0, 0.0, 0.0)",True
3854,,"(0, 0, 0, 0, 0)","(0.0, 0.0, 0.0, 0.0, 0.0)",True
3855,,"(0, 0, 0, 0, 0)","(0.0, 0.0, 0.0, 0.0, 1.0)",False
3856,,"(0, 0, 0, 1, 0)","(0.0, 0.0, 0.0, 1.0, 0.0)",True
3857,,"(0, 0, 1, 0, 0)","(0.0, 0.0, 1.0, 0.0, 0.0)",True
3858,,"(0, 1, 0, 0, 0)","(0.0, 1.0, 0.0, 0.0, 0.0)",True
3859,,"(1, 0, 0, 0, 0)","(1.0, 0.0, 0.0, 0.0, 0.0)",True
3860,,"(0, 0, 0, 0, 0)","(0.0, 0.0, 0.0, 0.0, 0.0)",True
3861,,"(0, 0, 0, 0, 0)","(0.0, 0.0, 0.0, 0.0, 0.0)",True
3862,,"(0, 0, 0, 0, 0)","(0.0, 0.0, 0.0, 0.0, 0.0)",True
3863,,"(0, 0, 0, 0, 0)","(0.0, 0.0, 0.0, 0.0, 0.0)",True
3864,,"(0, 0, 0, 0, 0)","(0.0, 0.0, 0.0, 0.0, 0.0)",True
3865,,"(0, 0, 0, 0, 0)","(0.0, 0.0, 0.0, 0.0, 0.0)",True
3866,,"(0, 0, 0, 0, 0)","(0.0, 0.0, 0.0, 0.0, 0.0)",True
3867,,"(0, 0, 0, 0, 0)","(0.0, 0.0, 0.0, 0.0, 0.0)",True
3868,,"(0, 0, 0, 0, 0)","(0.0, 0.0, 0.0, 0.0, 0.0)",True
3869,,"(0, 0, 0, 0, 0)","(0.0, 0.0, 0.0, 0.0, 0.0)",True
3870,,"(0, 0, 0, 0, 0)","(0.0, 0.0, 0.0, 0.0, 0.0)",True
3871,,"(0, 0, 0, 0, 0)","(0.0, 0.0, 0.0, 0.0, 0.0)",True
3872,,"(0, 0, 0, 0, 0)","(0.0, 0.0, 0.0, 0.0, 0.0)",True
3873,,"(0, 0, 0, 0, 0)","(0.0, 0.0, 0.0, 0.0, -0.0)",True
3874,,"(0, 0, 0, 0, 0)","(0.0, 0.0, 0.0, -0.0, 0.0)",True
3875,,"(0, 0, 0, 0, 0)","(0.0, 0.0, -0.0, 0.0, 0.0)",True
3876,,"(0, 0, 0, 0, 0)","(0.0, -0.0, 0.0, 0.0, 0.0)",True
3877,,"(0, 0, 0, 0, 0)","(-0.0, 0.0, 0.0, 0.0, 0.0)",True
3878,,"(0, 0, 0, 0, 0)","(0.0, 0.0, 0.0, 0.0, -0.0)",True
3879,,"(0, 0, 0, 0, 0)","(0.0, 0.0, 0.0, -0.0, 0.0)",True
3880,,"(0, 0, 0, 0, 0)","(0.0, 0.0, -0.0, 0.0, 0.0)",True
3881,,"(0, 0, 0, 0, 0)","(0.0, -0.0, 0.0, 0.0, 0.0)",True
3882,,"(0, 0, 0, 0, 0)","(-0.0, 0.0, 0.0, 0.0, 0.0)",True
3883,,"(0, 0, 0, 0, 0)","(0.0, 0.0, 0.0, 0.0, 0.0)",True
3884,,"(0, 0, 0, 0, 0)","(0.0, 0.0, 0.0, 0.0, -0.0)",True
3885,,"(0, 0, 0, 0, 0)","(0.0, 0.0, 0.0, -0.0, -0.0)",True
3886,,"(0, 0, 0, 0, 0)","(0.0, 0.0, -0.0, -0.0, 0.0)",True
3887,,"(0, 0, 0, 0, 0)","(0.0, -0.0, -0.0, 0.0, 0.0)",True
3888,,"(0, 0, 0, 0, 0)","(-0.0, -0.0, 0.0, 0.0, 0.0)",True
3889,,"(0, 0, 0, 0, 0)","(-0.0, 0.0, 0.0, 0.0, 0.0)",True
3890,,"(0, 0, 0, 0, 0)","(0.0, 0.0, 0.0, 0.0, 0.0)",True
3891,,"(0, 0, 0, 0, 0)","(0.0, 0.0, 0.0, 0.0, 0.0)",True
3892,,"(0, 0, 0, 0, 0)","(0.0, 0.0, 0.0, 0.0, 0.0)",True
3893,,"(0, 0, 0, 0, 0)","(0.0, 0.0, 0.0, 0.0, -0.0)",True
3894,,"(0, 0, 0, 0, 0)","(0.0, 0.0, 0.0, -0.0, 0.0)",True
3895,,"(0, 0, 0, 0, 0)","(0.0, 0.0, -0.0, 0.0, 0.0)",True
3896,,"(0, 0, 0, 0, 0)","(0.0, -0.0, 0.0, 0.0, -0.0)",True
3897,,"(0, 0, 0, 0, 0)","(-0.0, 0.0, 0.0, -0.0, 0.0)",True
3898,,"(0, 0, 0, 0, 0)","(0.0, 0.0, -0.0, 0.0, 0.0)",True
3899,,"(0, 0, 0, 0, 0)","(0.0, -0.0, 0.0, 0.0, 0.0)",True
3900,,"(0, 0, 0, 0, 0)","(-0.0, 0.0, 0.0, 0.0, 0.0)",True
3901,,"(0, 0, 0, 0, 0)","(0.0, 0.0, 0.0, 0.0, -0.0)",True
3902,,"(0, 0, 0, 0, 0)","(0.0, 0.0, 0.0, -0.0, 0.0)",True
3903,,"(0, 0, 0, 0, 0)","(0.0, 0.0, -0.0, 0.0, 0.0)",True
3904,,"(0, 0, 0, 0, 0)","(0.0, -0.0, 0.0, 0.0, 0.0)",True
3905,,"(0, 0, 0, 0, 0)","(-0.0, 0.0, 0.0, 0.0, 0.0)",True
3906,,"(0, 0, 0, 0, 0)","(0.0, 0.0, 0.0, 0.0, 1.0)",False
3907,,"(0, 0, 0, 1, 0)","(0.0, 0.0, 0.0, 1.0, 1.0)",False
3908,,"(0, 0, 1, 1, 0)","(0.0, 0.0, 1.0, 1.0, 0.0)",True
3909,,"(0, 1, 1, 0, 0)","(0.0, 1.0, 1.0, 0.0, 1.0)",False
3910,,"(1, 1, 0, 1, 1)","(1.0, 1.0, 0.0, 1.0, -0.0)",False
3911,,"(1, 0, 1, 0, 1)","(1.0, 0.0, 1.0, -0.0, 0.0)",False
3912,,"(0, 1, 0, 0, 0)","(0.0, 1.0, -0.0, 0.0, 0.0)",True
3913,,"(1, 0, 0, 0, 0)","(1.0, -0.0, 0.0, 0.0, 0.0)",True
3914,,"(0, 0, 0, 0, 0)","(-0.0, 0.0, 0.0, 0.0, 0.0)",True
3915,,"(0, 0, 0, 0, 0)","(0.0, 0.0, 0.0, 0.0, 0.0)",True
3916,,"(0, 0, 0, 0, 0)","(0.0, 0.0, 0.0, 0.0, 1.0)",False
3917,,"(0, 0, 0, 1, 0)","(0.0, 0.0, 0.0, 1.0, 0.0)",True
3918,,"(0, 0, 1, 0, 0)","(0.0, 0.0, 1.0, 0.0, -0.0)",True
3919,,"(0, 1, 0, 0, 0)","(0.0, 1.0, 0.0, -0.0, -0.0)",True
3920,,"(1, 0, 0, 0, 0)","(1.0, 0.0, -0.0, -0.0, 0.0)",True
3921,,"(0, 0, 0, 0, 0)","(0.0, -0.0, -0.0, 0.0, 0.0)",True
3922,,"(0, 0, 0, 0, 0)","(-0.0, -0.0, 0.0, 0.0, -0.0)",True
3923,,"(0, 0, 0, 0, 0)","(-0.0, 0.0, 0.0, -0.0, 0.0)",True
3924,,"(0, 0, 0, 0, 0)","(0.0, 0.0, -0.0, 0.0, 0.0)",True
3925,,"(0, 0, 0, 0, 0)","(0.0, -0.0, 0.0, 0.0, 0.0)",True
3926,,"(0, 0, 0, 0, 0)","(-0.0, 0.0, 0.0, 0.0, 0.0)",True
3927,,"(0, 0, 0, 0, 0)","(0.0, 0.0, 0.0, 0.0, 0.0)",True
3928,,"(0, 0, 0, 0, 0)","(0.0, 0.0, 0.0, 0.0, 0.0)",True
3929,,"(0, 0, 0, 0, 0)","(0.0, 0.0, 0.0, 0.0, 0.0)",True
3930,,"(0, 0, 0, 0, 0)","(0.0, 0.0, 0.0, 0.0, -0.0)",True
3931,,"(0, 0, 0, 0, 0)","(0.0, 0.0, 0.0, -0.0, 0.0)",True
3932,,"(0, 0, 0, 0, 0)","(0.0, 0.0, -0.0, 0.0, 0.0)",True
3933,,"(0, 0, 0, 0, 0)","(0.0, -0.0, 0.0, 0.0, 0.0)",True
3934,,"(0, 0, 0, 0, 0)","(-0.0, 0.0, 0.0, 0.0, 0.0)",True
3935,,"(0, 0, 0, 0, 0)","(0.0, 0.0, 0.0, 0.0, 0.0)",True
3936,,"(0, 0, 0, 0, 0)","(0.0, 0.0, 0.0, 0.0, 0.0)",True
3937,,"(0, 0, 0, 0, 0)","(0.0, 0.0, 0.0, 0.0, 0.0)",True
3938,,"(0, 0, 0, 0, 0)","(0.0, 0.0, 0.0, 0.0, 0.0)",True
3939,,"(0, 0, 0, 0, 0)","(0.0, 0.0, 0.0, 0.0, 0.0)",True
3940,,"(0, 0, 0, 0, 0)","(0.0, 0.0, 0.0, 0.0, 0.0)",True
3941,,"(0, 0, 0, 0, 0)","(0.0, 0.0, 0.0, 0.0, 0.0)",True
3942,,"(0, 0, 0, 0, 0)","(0.0, 0.0, 0.0, 0.0, 0.0)",True
3943,,"(0, 0, 0, 0, 0)","(0.0, 0.0, 0.0, 0.0, 0.0)",True
3944,,"(0, 0, 0, 0, 0)","(0.0, 0.0, 0.0, 0.0, 0.0)",True
3945,,"(0, 0, 0, 0, 0)","(0.0, 0.0, 0.0, 0.0, 0.0)",True
3946,,"(0, 0, 0, 0, 0)","(0.0, 0.0, 0.0, 0.0, 0.0)",True
3947,,"(0, 0, 0, 0, 0)","(0.0, 0.0, 0.0, 0.0, 0.0)",True
3948,,"(0, 0, 0, 0, 0)","(0.0, 0.0, 0.0, 0.0, 0.0)",True
3949,,"(0, 0, 0, 0, 0)","(0.0, 0.0, 0.0, 0.0, 0.0)",True
3950,,"(0, 0, 0, 0, 0)","(0.0, 0.0, 0.0, 0.0, 0.0)",True
3951,,"(0, 0, 0, 0, 0)","(0.0, 0.0, 0.0, 0.0, 0.0)",True
3952,,"(0, 0, 0, 0, 0)","(0.0, 0.0, 0.0, 0.0, 0.0)",True
3953,,"(0, 0, 0, 0, 0)","(0.0, 0.0, 0.0, 0.0, 0.0)",True
3954,,"(0, 0, 0, 0, 0)","(0.0, 0.0, 0.0, 0.0, 0.0)",True
3955,,"(0, 0, 0, 0, 0)","(0.0, 0.0, 0.0, 0.0, 0.0)",True
3956,,"(0, 0, 0, 0, 0)","(0.0, 0.0, 0.0, 0.0, 0.0)",True
3957,,"(0, 0, 0, 0, 0)","(0.0, 0.0, 0.0, 0.0, 0.0)",True
3958,,"(0, 0, 0, 0, 0)","(0.0, 0.0, 0.0, 0.0, 1.0)",False
3959,,"(0, 0, 0, 1, 0)","(0.0, 0.0, 0.0, 1.0, 1.0)",False
3960,,"(0, 0, 1, 1, 0)","(0.0, 0.0, 1.0, 1.0, 0.0)",True
3961,,"(0, 1, 1, 0, 0)","(0.0, 1.0, 1.0, 0.0, -0.0)",True
3962,,"(1, 1, 0, 0, 0)","(1.0, 1.0, 0.0, -0.0, -0.0)",True
3963,,"(1, 0, 0, 0, 0)","(1.0, 0.0, -0.0, -0.0, 0.0)",True
3964,,"(0, 0, 0, 0, 0)","(0.0, -0.0, -0.0, 0.0, 0.0)",True
3965,,"(0, 0, 0, 0, 0)","(-0.0, -0.0, 0.0, 0.0, 0.0)",True
3966,,"(0, 0, 0, 0, 0)","(-0.0, 0.0, 0.0, 0.0, 0.0)",True
3967,,"(0, 0, 0, 0, 0)","(0.0, 0.0, 0.0, 0.0, 0.0)",True
3968,,"(0, 0, 0, 0, 0)","(0.0, 0.0, 0.0, 0.0, 0.0)",True
3969,,"(0, 0, 0, 0, 0)","(0.0, 0.0, 0.0, 0.0, 0.0)",True
3970,,"(0, 0, 0, 0, 0)","(0.0, 0.0, 0.0, 0.0, 0.0)",True
3971,,"(0, 0, 0, 0, 0)","(0.0, 0.0, 0.0, 0.0, 0.0)",True
3972,,"(0, 0, 0, 0, 0)","(0.0, 0.0, 0.0, 0.0, 0.0)",True
3973,,"(0, 0, 0, 0, 0)","(0.0, 0.0, 0.0, 0.0, 0.0)",True
3974,,"(0, 0, 0, 0, 0)","(0.0, 0.0, 0.0, 0.0, 0.0)",True
3975,,"(0, 0, 0, 0, 0)","(0.0, 0.0, 0.0, 0.0, 0.0)",True
3976,,"(0, 0, 0, 0, 0)","(0.0, 0.0, 0.0, 0.0, 0.0)",True
3977,,"(0, 0, 0, 0, 0)","(0.0, 0.0, 0.0, 0.0, 0.0)",True
3978,,"(0, 0, 0, 0, 0)","(0.0, 0.0, 0.0, 0.0, -0.0)",True
3979,,"(0, 0, 0, 0, 0)","(0.0, 0.0, 0.0, -0.0, -1.0)",False
3980,,"(0, 0, 0, -1, 0)","(0.0, 0.0, -0.0, -1.0, 1.0)",False
3981,,"(0, 0, -1, 1, 0)","(0.0, -0.0, -1.0, 1.0, 0.0)",True
3982,,"(0, -1, 1, 0, 0)","(-0.0, -1.0, 1.0, 0.0, -0.0)",True
3983,,"(-1, 1, 0, 0, 0)","(-1.0, 1.0, 0.0, -0.0, 0.0)",True
3984,,"(1, 0, 0, 0, 0)","(1.0, 0.0, -0.0, 0.0, 0.0)",True
3985,,"(0, 0, 0, 0, 0)","(0.0, -0.0, 0.0, 0.0, 0.0)",True
3986,,"(0, 0, 0, 0, 0)","(-0.0, 0.0, 0.0, 0.0, 0.0)",True
3987,,"(0, 0, 0, 0, 0)","(0.0, 0.0, 0.0, 0.0, -0.0)",True
3988,,"(0, 0, 0, 0, 0)","(0.0, 0.0, 0.0, -0.0, -0.0)",True
3989,,"(0, 0, 0, 0, 0)","(0.0, 0.0, -0.0, -0.0, -0.0)",True
3990,,"(0, 0, 0, 0, 0)","(0.0, -0.0, -0.0, -0.0, -0.0)",True
3991,,"(0, 0, 0, 0, 0)","(-0.0, -0.0, -0.0, -0.0, 0.0)",True
3992,,"(0, 0, 0, 0, 0)","(-0.0, -0.0, -0.0, 0.0, 0.0)",True
3993,,"(0, 0, 0, 0, 0)","(-0.0, -0.0, 0.0, 0.0, -0.0)",True
3994,,"(0, 0, 0, 0, 0)","(-0.0, 0.0, 0.0, -0.0, 0.0)",True
3995,,"(0, 0, 0, 0, 0)","(0.0, 0.0, -0.0, 0.0, 1.0)",False
3996,,"(0, 0, 0, 1, 0)","(0.0, -0.0, 0.0, 1.0, 0.0)",True
3997,,"(0, 0, 1, 0, 0)","(-0.0, 0.0, 1.0, 0.0, 0.0)",True
3998,,"(0, 1, 0, 0, 0)","(0.0, 1.0, 0.0, 0.0, 0.0)",True
3999,,"(1, 0, 0, 0, 0)","(1.0, 0.0, 0.0, 0.0, 0.0)",True
4000,,"(0, 0, 0, 0, 0)","(0.0, 0.0, 0.0, 0.0, 0.0)",True
4001,,"(0, 0, 0, 0, 0)","(0.0, 0.0, 0.0, 0.0, -0.0)",True
4002,,"(0, 0, 0, 0, 0)","(0.0, 0.0, 0.0, -0.0, 0.0)",True
4003,,"(0, 0, 0, 0, 0)","(0.0, 0.0, -0.0, 0.0, 0.0)",True
4004,,"(0, 0, 0, 0, 0)","(0.0, -0.0, 0.0, 0.0, 0.0)",True
4005,,"(0, 0, 0, 0, 0)","(-0.0, 0.0, 0.0, 0.0, -0.0)",True
4006,,"(0, 0, 0, 0, 0)","(0.0, 0.0, 0.0, -0.0, 0.0)",True
4007,,"(0, 0, 0, 0, 0)","(0.0, 0.0, -0.0, 0.0, 0.0)",True
4008,,"(0, 0, 0, 0, 0)","(0.0, -0.0, 0.0, 0.0, 0.0)",True
4009,,"(0, 0, 0, 0, 0)","(-0.0, 0.0, 0.0, 0.0, -0.0)",True
4010,,"(0, 0, 0, 0, 0)","(0.0, 0.0, 0.0, -0.0, 0.0)",True
4011,,"(0, 0, 0, 0, 0)","(0.0, 0.0, -0.0, 0.0, -0.0)",True
4012,,"(0, 0, 0, 0, 0)","(0.0, -0.0, 0.0, -0.0, 0.0)",True
4013,,"(0, 0, 0, 0, 0)","(-0.0, 0.0, -0.0, 0.0, 0.0)",True
4014,,"(0, 0, 0, 0, 0)","(0.0, -0.0, 0.0, 0.0, 0.0)",True
4015,,"(0, 0, 0, 0, 0)","(-0.0, 0.0, 0.0, 0.0, 0.0)",True
4016,,"(0, 0, 0, 0, 0)","(0.0, 0.0, 0.0, 0.0, 0.0)",True
4017,,"(0, 0, 0, 0, 0)","(0.0, 0.0, 0.0, 0.0, 0.0)",True
4018,,"(0, 0, 0, 0, 0)","(0.0, 0.0, 0.0, 0.0, 0.0)",True
4019,,"(0, 0, 0, 0, 0)","(0.0, 0.0, 0.0, 0.0, 1.0)",False
4020,,"(0, 0, 0, 1, 0)","(0.0, 0.0, 0.0, 1.0, 0.0)",True
4021,,"(0, 0, 1, 0, 0)","(0.0, 0.0, 1.0, 0.0, -1.0)",False
4022,,"(0, 1, 0, -1, 0)","(0.0, 1.0, 0.0, -1.0, 0.0)",True
4023,,"(1, 0, -1, 0, 0)","(1.0, 0.0, -1.0, 0.0, 0.0)",True
4024,,"(0, -1, 0, 0, 0)","(0.0, -1.0, 0.0, 0.0, 1.0)",False
4025,,"(-1, 0, 0, 1, 0)","(-1.0, 0.0, 0.0, 1.0, 0.0)",True
4026,,"(0, 0, 1, 0, 0)","(0.0, 0.0, 1.0, 0.0, 0.0)",True
4027,,"(0, 1, 0, 0, 0)","(0.0, 1.0, 0.0, 0.0, 0.0)",True
4028,,"(1, 0, 0, 0, 0)","(1.0, 0.0, 0.0, 0.0, 0.0)",True
4029,,"(0, 0, 0, 0, 0)","(0.0, 0.0, 0.0, 0.0, -0.0)",True
4030,,"(0, 0, 0, 0, 0)","(0.0, 0.0, 0.0, -0.0, 1.0)",False
4031,,"(0, 0, 0, 1, 0)","(0.0, 0.0, -0.0, 1.0, 0.0)",True
4032,,"(0, 0, 1, 0, 0)","(0.0, -0.0, 1.0, 0.0, 0.0)",True
4033,,"(0, 1, 0, 0, 0)","(-0.0, 1.0, 0.0, 0.0, 0.0)",True
4034,,"(1, 0, 0, 0, 0)","(1.0, 0.0, 0.0, 0.0, -1.0)",False
4035,,"(0, 0, 0, -1, 0)","(0.0, 0.0, 0.0, -1.0, 0.0)",True
4036,,"(0, 0, -1, 0, 0)","(0.0, 0.0, -1.0, 0.0, 0.0)",True
4037,,"(0, -1, 0, 0, 0)","(0.0, -1.0, 0.0, 0.0, -0.0)",True
4038,,"(-1, 0, 0, 0, 0)","(-1.0, 0.0, 0.0, -0.0, 0.0)",True
4039,,"(0, 0, 0, 0, 0)","(0.0, 0.0, -0.0, 0.0, 0.0)",True
4040,,"(0, 0, 0, 0, 0)","(0.0, -0.0, 0.0, 0.0, -1.0)",False
4041,,"(0, 0, 0, -1, 0)","(-0.0, 0.0, 0.0, -1.0, -1.0)",False
4042,,"(0, 0, -1, -1, 0)","(0.0, 0.0, -1.0, -1.0, 0.0)",True
4043,,"(0, -1, -1, 0, 0)","(0.0, -1.0, -1.0, 0.0, -1.0)",False
4044,,"(-1, -1, 0, -1, -1)","(-1.0, -1.0, 0.0, -1.0, 0.0)",False
4045,,"(-1, 0, -1, 0, -1)","(-1.0, 0.0, -1.0, 0.0, 0.0)",False
4046,,"(0, -1, 0, 0, 0)","(0.0, -1.0, 0.0, 0.0, 0.0)",True
4047,,"(-1, 0, 0, 0, 0)","(-1.0, 0.0, 0.0, 0.0, 0.0)",True
4048,,"(0, 0, 0, 0, 0)","(0.0, 0.0, 0.0, 0.0, 0.0)",True
4049,,"(0, 0, 0, 0, 0)","(0.0, 0.0, 0.0, 0.0, 0.0)",True
4050,,"(0, 0, 0, 0, 0)","(0.0, 0.0, 0.0, 0.0, 0.0)",True
4051,,"(0, 0, 0, 0, 0)","(0.0, 0.0, 0.0, 0.0, 0.0)",True
4052,,"(0, 0, 0, 0, 0)","(0.0, 0.0, 0.0, 0.0, 0.0)",True
4053,,"(0, 0, 0, 0, 0)","(0.0, 0.0, 0.0, 0.0, 0.0)",True
4054,,"(0, 0, 0, 0, 0)","(0.0, 0.0, 0.0, 0.0, 0.0)",True
4055,,"(0, 0, 0, 0, 0)","(0.0, 0.0, 0.0, 0.0, 0.0)",True
4056,,"(0, 0, 0, 0, 0)","(0.0, 0.0, 0.0, 0.0, 0.0)",True
4057,,"(0, 0, 0, 0, 0)","(0.0, 0.0, 0.0, 0.0, -1.0)",False
4058,,"(0, 0, 0, -1, 0)","(0.0, 0.0, 0.0, -1.0, 0.0)",True
4059,,"(0, 0, -1, 0, 0)","(0.0, 0.0, -1.0, 0.0, 0.0)",True
4060,,"(0, -1, 0, 0, 0)","(0.0, -1.0, 0.0, 0.0, 0.0)",True
4061,,"(-1, 0, 0, 0, 0)","(-1.0, 0.0, 0.0, 0.0, 0.0)",True
4062,,"(0, 0, 0, 0, 0)","(0.0, 0.0, 0.0, 0.0, -0.0)",True
4063,,"(0, 0, 0, 0, 0)","(0.0, 0.0, 0.0, -0.0, 0.0)",True
4064,,"(0, 0, 0, 0, 0)","(0.0, 0.0, -0.0, 0.0, 0.0)",True
4065,,"(0, 0, 0, 0, 0)","(0.0, -0.0, 0.0, 0.0, 0.0)",True
4066,,"(0, 0, 0, 0, 0)","(-0.0, 0.0, 0.0, 0.0, 0.0)",True
4067,,"(0, 0, 0, 0, 0)","(0.0, 0.0, 0.0, 0.0, 0.0)",True
4068,,"(0, 0, 0, 0, 0)","(0.0, 0.0, 0.0, 0.0, 0.0)",True
4069,,"(0, 0, 0, 0, 0)","(0.0, 0.0, 0.0, 0.0, 0.0)",True
4070,,"(0, 0, 0, 0, 0)","(0.0, 0.0, 0.0, 0.0, -0.0)",True
4071,,"(0, 0, 0, 0, 0)","(0.0, 0.0, 0.0, -0.0, 0.0)",True
4072,,"(0, 0, 0, 0, 0)","(0.0, 0.0, -0.0, 0.0, 0.0)",True
4073,,"(0, 0, 0, 0, 0)","(0.0, -0.0, 0.0, 0.0, 0.0)",True
4074,,"(0, 0, 0, 0, 0)","(-0.0, 0.0, 0.0, 0.0, 0.0)",True
4075,,"(0, 0, 0, 0, 0)","(0.0, 0.0, 0.0, 0.0, 0.0)",True
4076,,"(0, 0, 0, 0, 0)","(0.0, 0.0, 0.0, 0.0, 0.0)",True
4077,,"(0, 0, 0, 0, 0)","(0.0, 0.0, 0.0, 0.0, -1.0)",False
4078,,"(0, 0, 0, -1, 0)","(0.0, 0.0, 0.0, -1.0, 1.0)",False
4079,,"(0, 0, -1, 1, 0)","(0.0, 0.0, -1.0, 1.0, -0.0)",True
4080,,"(0, -1, 1, 0, 0)","(0.0, -1.0, 1.0, -0.0, 0.0)",True
4081,,"(-1, 1, 0, 0, 0)","(-1.0, 1.0, -0.0, 0.0, -0.0)",True
4082,,"(1, 0, 0, 0, 0)","(1.0, -0.0, 0.0, -0.0, -0.0)",True
4083,,"(0, 0, 0, 0, 0)","(-0.0, 0.0, -0.0, -0.0, -0.0)",True
4084,,"(0, 0, 0, 0, 0)","(0.0, -0.0, -0.0, -0.0, 0.0)",True
4085,,"(0, 0, 0, 0, 0)","(-0.0, -0.0, -0.0, 0.0, -0.0)",True
4086,,"(0, 0, 0, 0, 0)","(-0.0, -0.0, 0.0, -0.0, -0.0)",True
4087,,"(0, 0, 0, 0, 0)","(-0.0, 0.0, -0.0, -0.0, -0.0)",True
4088,,"(0, 0, 0, 0, 0)","(0.0, -0.0, -0.0, -0.0, 0.0)",True
4089,,"(0, 0, 0, 0, 0)","(-0.0, -0.0, -0.0, 0.0, 0.0)",True
4090,,"(0, 0, 0, 0, 0)","(-0.0, -0.0, 0.0, 0.0, -1.0)",False
4091,,"(0, 0, 0, -1, 0)","(-0.0, 0.0, 0.0, -1.0, -0.0)",True
4092,,"(0, 0, -1, 0, 0)","(0.0, 0.0, -1.0, -0.0, -1.0)",False
4093,,"(0, -1, 0, -1, 0)","(0.0, -1.0, -0.0, -1.0, 0.0)",True
4094,,"(-1, 0, -1, 0, 0)","(-1.0, -0.0, -1.0, 0.0, -0.0)",True
4095,,"(0, -1, 0, 0, 0)","(-0.0, -1.0, 0.0, -0.0, 1.0)",False
4096,,"(-1, 0, 0, 1, 0)","(-1.0, 0.0, -0.0, 1.0, 0.0)",True
4097,,"(0, 0, 1, 0, 0)","(0.0, -0.0, 1.0, 0.0, -0.0)",True
4098,,"(0, 1, 0, 0, 0)","(-0.0, 1.0, 0.0, -0.0, 0.0)",True
4099,,"(1, 0, 0, 0, 0)","(1.0, 0.0, -0.0, 0.0, -0.0)",True
4100,,"(0, 0, 0, 0, 0)","(0.0, -0.0, 0.0, -0.0, 0.0)",True
4101,,"(0, 0, 0, 0, 0)","(-0.0, 0.0, -0.0, 0.0, 0.0)",True
4102,,"(0, 0, 0, 0, 0)","(0.0, -0.0, 0.0, 0.0, 0.0)",True
4103,,"(0, 0, 0, 0, 0)","(-0.0, 0.0, 0.0, 0.0, 0.0)",True
4104,,"(0, 0, 0, 0, 0)","(0.0, 0.0, 0.0, 0.0, -0.0)",True
4105,,"(0, 0, 0, 0, 0)","(0.0, 0.0, 0.0, -0.0, -0.0)",True
4106,,"(0, 0, 0, 0, 0)","(0.0, 0.0, -0.0, -0.0, -0.0)",True
4107,,"(0, 0, 0, 0, 0)","(0.0, -0.0, -0.0, -0.0, -1.0)",False
4108,,"(0, 0, 0, -1, 0)","(-0.0, -0.0, -0.0, -1.0, 0.0)",True
4109,,"(0, 0, -1, 0, 0)","(-0.0, -0.0, -1.0, 0.0, 0.0)",True
4110,,"(0, -1, 0, 0, 0)","(-0.0, -1.0, 0.0, 0.0, 0.0)",True
4111,,"(-1, 0, 0, 0, 0)","(-1.0, 0.0, 0.0, 0.0, -0.0)",True
4112,,"(0, 0, 0, 0, 0)","(0.0, 0.0, 0.0, -0.0, 0.0)",True
4113,,"(0, 0, 0, 0, 0)","(0.0, 0.0, -0.0, 0.0, 0.0)",True
4114,,"(0, 0, 0, 0, 0)","(0.0, -0.0, 0.0, 0.0, 1.0)",False
4115,,"(0, 0, 0, 1, 0)","(-0.0, 0.0, 0.0, 1.0, 0.0)",True
4116,,"(0, 0, 1, 0, 0)","(0.0, 0.0, 1.0, 0.0, -1.0)",False
4117,,"(0, 1, 0, -1, 0)","(0.0, 1.0, 0.0, -1.0, -0.0)",True
4118,,"(1, 0, -1, 0, 0)","(1.0, 0.0, -1.0, -0.0, 0.0)",True
4119,,"(0, -1, 0, 0, 0)","(0.0, -1.0, -0.0, 0.0, 0.0)",True
4120,,"(-1, 0, 0, 0, 0)","(-1.0, -0.0, 0.0, 0.0, -0.0)",True
4121,,"(0, 0, 0, 0, 0)","(-0.0, 0.0, 0.0, -0.0, 0.0)",True
4122,,"(0, 0, 0, 0, 0)","(0.0, 0.0, -0.0, 0.0, 0.0)",True
4123,,"(0, 0, 0, 0, 0)","(0.0, -0.0, 0.0, 0.0, 0.0)",True
4124,,"(0, 0, 0, 0, 0)","(-0.0, 0.0, 0.0, 0.0, 0.0)",True
4125,,"(0, 0, 0, 0, 0)","(0.0, 0.0, 0.0, 0.0, 0.0)",True
4126,,"(0, 0, 0, 0, 0)","(0.0, 0.0, 0.0, 0.0, 0.0)",True
4127,,"(0, 0, 0, 0, 0)","(0.0, 0.0, 0.0, 0.0, -0.0)",True
4128,,"(0, 0, 0, 0, 0)","(0.0, 0.0, 0.0, -0.0, 0.0)",True
4129,,"(0, 0, 0, 0, 0)","(0.0, 0.0, -0.0, 0.0, -0.0)",True
4130,,"(0, 0, 0, 0, 0)","(0.0, -0.0, 0.0, -0.0, 0.0)",True
4131,,"(0, 0, 0, 0, 0)","(-0.0, 0.0, -0.0, 0.0, 0.0)",True
4132,,"(0, 0, 0, 0, 0)","(0.0, -0.0, 0.0, 0.0, 0.0)",True
4133,,"(0, 0, 0, 0, 0)","(-0.0, 0.0, 0.0, 0.0, 0.0)",True
4134,,"(0, 0, 0, 0, 0)","(0.0, 0.0, 0.0, 0.0, -0.0)",True
4135,,"(0, 0, 0, 0, 0)","(0.0, 0.0, 0.0, -0.0, 0.0)",True
4136,,"(0, 0, 0, 0, 0)","(0.0, 0.0, -0.0, 0.0, 0.0)",True
4137,,"(0, 0, 0, 0, 0)","(0.0, -0.0, 0.0, 0.0, 0.0)",True
4138,,"(0, 0, 0, 0, 0)","(-0.0, 0.0, 0.0, 0.0, -0.0)",True
4139,,"(0, 0, 0, 0, 0)","(0.0, 0.0, 0.0, -0.0, 0.0)",True
4140,,"(0, 0, 0, 0, 0)","(0.0, 0.0, -0.0, 0.0, 0.0)",True
4141,,"(0, 0, 0, 0, 0)","(0.0, -0.0, 0.0, 0.0, 0.0)",True
4142,,"(0, 0, 0, 0, 0)","(-0.0, 0.0, 0.0, 0.0, 0.0)",True
4143,,"(0, 0, 0, 0, 0)","(0.0, 0.0, 0.0, 0.0, 0.0)",True
4144,,"(0, 0, 0, 0, 0)","(0.0, 0.0, 0.0, 0.0, 0.0)",True
4145,,"(0, 0, 0, 0, 0)","(0.0, 0.0, 0.0, 0.0, 1.0)",False
4146,,"(0, 0, 0, 1, 0)","(0.0, 0.0, 0.0, 1.0, 1.0)",False
4147,,"(0, 0, 1, 1, 0)","(0.0, 0.0, 1.0, 1.0, -0.0)",True
4148,,"(0, 1, 1, 0, 0)","(0.0, 1.0, 1.0, -0.0, -0.0)",True
4149,,"(1, 1, 0, 0, 0)","(1.0, 1.0, -0.0, -0.0, -0.0)",True
4150,,"(1, 0, 0, 0, 0)","(1.0, -0.0, -0.0, -0.0, 0.0)",True
4151,,"(0, 0, 0, 0, 0)","(-0.0, -0.0, -0.0, 0.0, 0.0)",True
4152,,"(0, 0, 0, 0, 0)","(-0.0, -0.0, 0.0, 0.0, 0.0)",True
4153,,"(0, 0, 0, 0, 0)","(-0.0, 0.0, 0.0, 0.0, 0.0)",True
4154,,"(0, 0, 0, 0, 0)","(0.0, 0.0, 0.0, 0.0, -0.0)",True
4155,,"(0, 0, 0, 0, 0)","(0.0, 0.0, 0.0, -0.0, -0.0)",True
4156,,"(0, 0, 0, 0, 0)","(0.0, 0.0, -0.0, -0.0, 0.0)",True
4157,,"(0, 0, 0, 0, 0)","(0.0, -0.0, -0.0, 0.0, 0.0)",True
4158,,"(0, 0, 0, 0, 0)","(-0.0, -0.0, 0.0, 0.0, 0.0)",True
4159,,"(0, 0, 0, 0, 0)","(-0.0, 0.0, 0.0, 0.0, 0.0)",True
4160,,"(0, 0, 0, 0, 0)","(0.0, 0.0, 0.0, 0.0, 0.0)",True
4161,,"(0, 0, 0, 0, 0)","(0.0, 0.0, 0.0, 0.0, 0.0)",True
4162,,"(0, 0, 0, 0, 0)","(0.0, 0.0, 0.0, 0.0, 0.0)",True
4163,,"(0, 0, 0, 0, 0)","(0.0, 0.0, 0.0, 0.0, 0.0)",True
4164,,"(0, 0, 0, 0, 0)","(0.0, 0.0, 0.0, 0.0, 0.0)",True
4165,,"(0, 0, 0, 0, 0)","(0.0, 0.0, 0.0, 0.0, 0.0)",True
4166,,"(0, 0, 0, 0, 0)","(0.0, 0.0, 0.0, 0.0, 0.0)",True
4167,,"(0, 0, 0, 0, 0)","(0.0, 0.0, 0.0, 0.0, 0.0)",True
4168,,"(0, 0, 0, 0, 0)","(0.0, 0.0, 0.0, 0.0, 0.0)",True
4169,,"(0, 0, 0, 0, 0)","(0.0, 0.0, 0.0, 0.0, 0.0)",True
4170,,"(0, 0, 0, 0, 0)","(0.0, 0.0, 0.0, 0.0, 0.0)",True
4171,,"(0, 0, 0, 0, 0)","(0.0, 0.0, 0.0, 0.0, 0.0)",True
4172,,"(0, 0, 0, 0, 0)","(0.0, 0.0, 0.0, 0.0, 0.0)",True
4173,,"(0, 0, 0, 0, 0)","(0.0, 0.0, 0.0, 0.0, 0.0)",True
4174,,"(0, 0, 0, 0, 0)","(0.0, 0.0, 0.0, 0.0, 0.0)",True
4175,,"(0, 0, 0, 0, 0)","(0.0, 0.0, 0.0, 0.0, 0.0)",True
4176,,"(0, 0, 0, 0, 0)","(0.0, 0.0, 0.0, 0.0, 0.0)",True
4177,,"(0, 0, 0, 0, 0)","(0.0, 0.0, 0.0, 0.0, 0.0)",True
4178,,"(0, 0, 0, 0, 0)","(0.0, 0.0, 0.0, 0.0, 0.0)",True
4179,,"(0, 0, 0, 0, 0)","(0.0, 0.0, 0.0, 0.0, 0.0)",True
4180,,"(0, 0, 0, 0, 0)","(0.0, 0.0, 0.0, 0.0, 0.0)",True
4181,,"(0, 0, 0, 0, 0)","(0.0, 0.0, 0.0, 0.0, 0.0)",True
4182,,"(0, 0, 0, 0, 0)","(0.0, 0.0, 0.0, 0.0, -0.0)",True
4183,,"(0, 0, 0, 0, 0)","(0.0, 0.0, 0.0, -0.0, 0.0)",True
4184,,"(0, 0, 0, 0, 0)","(0.0, 0.0, -0.0, 0.0, 0.0)",True
4185,,"(0, 0, 0, 0, 0)","(0.0, -0.0, 0.0, 0.0, 0.0)",True
4186,,"(0, 0, 0, 0, 0)","(-0.0, 0.0, 0.0, 0.0, 0.0)",True
4187,,"(0, 0, 0, 0, 0)","(0.0, 0.0, 0.0, 0.0, 0.0)",True
4188,,"(0, 0, 0, 0, 0)","(0.0, 0.0, 0.0, 0.0, 0.0)",True
4189,,"(0, 0, 0, 0, 0)","(0.0, 0.0, 0.0, 0.0, 0.0)",True
4190,,"(0, 0, 0, 0, 0)","(0.0, 0.0, 0.0, 0.0, 0.0)",True
4191,,"(0, 0, 0, 0, 0)","(0.0, 0.0, 0.0, 0.0, 0.0)",True
4192,,"(0, 0, 0, 0, 0)","(0.0, 0.0, 0.0, 0.0, 0.0)",True
4193,,"(0, 0, 0, 0, 0)","(0.0, 0.0, 0.0, 0.0, 0.0)",True
4194,,"(0, 0, 0, 0, 0)","(0.0, 0.0, 0.0, 0.0, 0.0)",True
4195,,"(0, 0, 0, 0, 0)","(0.0, 0.0, 0.0, 0.0, 0.0)",True
4196,,"(0, 0, 0, 0, 0)","(0.0, 0.0, 0.0, 0.0, 0.0)",True
4197,,"(0, 0, 0, 0, 0)","(0.0, 0.0, 0.0, 0.0, -0.0)",True
4198,,"(0, 0, 0, 0, 0)","(0.0, 0.0, 0.0, -0.0, 0.0)",True
4199,,"(0, 0, 0, 0, 0)","(0.0, 0.0, -0.0, 0.0, 0.0)",True
4200,,"(0, 0, 0, 0, 0)","(0.0, -0.0, 0.0, 0.0, 0.0)",True
4201,,"(0, 0, 0, 0, 0)","(-0.0, 0.0, 0.0, 0.0, -0.0)",True
4202,,"(0, 0, 0, 0, 0)","(0.0, 0.0, 0.0, -0.0, 0.0)",True
4203,,"(0, 0, 0, 0, 0)","(0.0, 0.0, -0.0, 0.0, 0.0)",True
4204,,"(0, 0, 0, 0, 0)","(0.0, -0.0, 0.0, 0.0, 0.0)",True
4205,,"(0, 0, 0, 0, 0)","(-0.0, 0.0, 0.0, 0.0, 0.0)",True
4206,,"(0, 0, 0, 0, 0)","(0.0, 0.0, 0.0, 0.0, 0.0)",True
4207,,"(0, 0, 0, 0, 0)","(0.0, 0.0, 0.0, 0.0, 0.0)",True
4208,,"(0, 0, 0, 0, 0)","(0.0, 0.0, 0.0, 0.0, 0.0)",True
4209,,"(0, 0, 0, 0, 0)","(0.0, 0.0, 0.0, 0.0, -0.0)",True
4210,,"(0, 0, 0, 0, 0)","(0.0, 0.0, 0.0, -0.0, 0.0)",True
4211,,"(0, 0, 0, 0, 0)","(0.0, 0.0, -0.0, 0.0, -0.0)",True
4212,,"(0, 0, 0, 0, 0)","(0.0, -0.0, 0.0, -0.0, 0.0)",True
4213,,"(0, 0, 0, 0, 0)","(-0.0, 0.0, -0.0, 0.0, 0.0)",True
4214,,"(0, 0, 0, 0, 0)","(0.0, -0.0, 0.0, 0.0, 0.0)",True
4215,,"(0, 0, 0, 0, 0)","(-0.0, 0.0, 0.0, 0.0, 0.0)",True
4216,,"(0, 0, 0, 0, 0)","(0.0, 0.0, 0.0, 0.0, -0.0)",True
4217,,"(0, 0, 0, 0, 0)","(0.0, 0.0, 0.0, -0.0, 0.0)",True
4218,,"(0, 0, 0, 0, 0)","(0.0, 0.0, -0.0, 0.0, -0.0)",True
4219,,"(0, 0, 0, 0, 0)","(0.0, -0.0, 0.0, -0.0, 0.0)",True
4220,,"(0, 0, 0, 0, 0)","(-0.0, 0.0, -0.0, 0.0, 0.0)",True
4221,,"(0, 0, 0, 0, 0)","(0.0, -0.0, 0.0, 0.0, 0.0)",True
4222,,"(0, 0, 0, 0, 0)","(-0.0, 0.0, 0.0, 0.0, -0.0)",True
4223,,"(0, 0, 0, 0, 0)","(0.0, 0.0, 0.0, -0.0, 0.0)",True
4224,,"(0, 0, 0, 0, 0)","(0.0, 0.0, -0.0, 0.0, 0.0)",True
4225,,"(0, 0, 0, 0, 0)","(0.0, -0.0, 0.0, 0.0, 0.0)",True
4226,,"(0, 0, 0, 0, 0)","(-0.0, 0.0, 0.0, 0.0, 0.0)",True
4227,,"(0, 0, 0, 0, 0)","(0.0, 0.0, 0.0, 0.0, 0.0)",True
4228,,"(0, 0, 0, 0, 0)","(0.0, 0.0, 0.0, 0.0, 0.0)",True
4229,,"(0, 0, 0, 0, 0)","(0.0, 0.0, 0.0, 0.0, -0.0)",True
4230,,"(0, 0, 0, 0, 0)","(0.0, 0.0, 0.0, -0.0, 0.0)",True
4231,,"(0, 0, 0, 0, 0)","(0.0, 0.0, -0.0, 0.0, 0.0)",True
4232,,"(0, 0, 0, 0, 0)","(0.0, -0.0, 0.0, 0.0, 0.0)",True
4233,,"(0, 0, 0, 0, 0)","(-0.0, 0.0, 0.0, 0.0, 0.0)",True
4234,,"(0, 0, 0, 0, 0)","(0.0, 0.0, 0.0, 0.0, 0.0)",True
4235,,"(0, 0, 0, 0, 0)","(0.0, 0.0, 0.0, 0.0, 0.0)",True
4236,,"(0, 0, 0, 0, 0)","(0.0, 0.0, 0.0, 0.0, 0.0)",True
4237,,"(0, 0, 0, 0, 0)","(0.0, 0.0, 0.0, 0.0, 0.0)",True
4238,,"(0, 0, 0, 0, 0)","(0.0, 0.0, 0.0, 0.0, 1.0)",False
4239,,"(0, 0, 0, 1, 0)","(0.0, 0.0, 0.0, 1.0, 0.0)",True
4240,,"(0, 0, 1, 0, 0)","(0.0, 0.0, 1.0, 0.0, 0.0)",True
4241,,"(0, 1, 0, 0, 0)","(0.0, 1.0, 0.0, 0.0, -0.0)",True
4242,,"(1, 0, 0, 0, 0)","(1.0, 0.0, 0.0, -0.0, -0.0)",True
4243,,"(0, 0, 0, 0, 0)","(0.0, 0.0, -0.0, -0.0, 0.0)",True
4244,,"(0, 0, 0, 0, 0)","(0.0, -0.0, -0.0, 0.0, 0.0)",True
4245,,"(0, 0, 0, 0, 0)","(-0.0, -0.0, 0.0, 0.0, 0.0)",True
4246,,"(0, 0, 0, 0, 0)","(-0.0, 0.0, 0.0, 0.0, 0.0)",True
4247,,"(0, 0, 0, 0, 0)","(0.0, 0.0, 0.0, 0.0, 0.0)",True
4248,,"(0, 0, 0, 0, 0)","(0.0, 0.0, 0.0, 0.0, 0.0)",True
4249,,"(0, 0, 0, 0, 0)","(0.0, 0.0, 0.0, 0.0, 0.0)",True
4250,,"(0, 0, 0, 0, 0)","(0.0, 0.0, 0.0, 0.0, 0.0)",True
4251,,"(0, 0, 0, 0, 0)","(0.0, 0.0, 0.0, 0.0, 0.0)",True
4252,,"(0, 0, 0, 0, 0)","(0.0, 0.0, 0.0, 0.0, 0.0)",True
4253,,"(0, 0, 0, 0, 0)","(0.0, 0.0, 0.0, 0.0, 0.0)",True
4254,,"(0, 0, 0, 0, 0)","(0.0, 0.0, 0.0, 0.0, 0.0)",True
4255,,"(0, 0, 0, 0, 0)","(0.0, 0.0, 0.0, 0.0, 0.0)",True
4256,,"(0, 0, 0, 0, 0)","(0.0, 0.0, 0.0, 0.0, 0.0)",True
4257,,"(0, 0, 0, 0, 0)","(0.0, 0.0, 0.0, 0.0, -0.0)",True
4258,,"(0, 0, 0, 0, 0)","(0.0, 0.0, 0.0, -0.0, -0.0)",True
4259,,"(0, 0, 0, 0, 0)","(0.0, 0.0, -0.0, -0.0, 0.0)",True
4260,,"(0, 0, 0, 0, 0)","(0.0, -0.0, -0.0, 0.0, 0.0)",True
4261,,"(0, 0, 0, 0, 0)","(-0.0, -0.0, 0.0, 0.0, 0.0)",True
4262,,"(0, 0, 0, 0, 0)","(-0.0, 0.0, 0.0, 0.0, -0.0)",True
4263,,"(0, 0, 0, 0, 0)","(0.0, 0.0, 0.0, -0.0, 0.0)",True
4264,,"(0, 0, 0, 0, 0)","(0.0, 0.0, -0.0, 0.0, 0.0)",True
4265,,"(0, 0, 0, 0, 0)","(0.0, -0.0, 0.0, 0.0, 0.0)",True
4266,,"(0, 0, 0, 0, 0)","(-0.0, 0.0, 0.0, 0.0, 0.0)",True
4267,,"(0, 0, 0, 0, 0)","(0.0, 0.0, 0.0, 0.0, 0.0)",True
4268,,"(0, 0, 0, 0, 0)","(0.0, 0.0, 0.0, 0.0, 0.0)",True
4269,,"(0, 0, 0, 0, 0)","(0.0, 0.0, 0.0, 0.0, 0.0)",True
4270,,"(0, 0, 0, 0, 0)","(0.0, 0.0, 0.0, 0.0, -0.0)",True
4271,,"(0, 0, 0, 0, 0)","(0.0, 0.0, 0.0, -0.0, 1.0)",False
4272,,"(0, 0, 0, 1, 0)","(0.0, 0.0, -0.0, 1.0, 0.0)",True
4273,,"(0, 0, 1, 0, 0)","(0.0, -0.0, 1.0, 0.0, -1.0)",False
4274,,"(0, 1, 0, -1, 0)","(-0.0, 1.0, 0.0, -1.0, 0.0)",True
4275,,"(1, 0, -1, 0, 0)","(1.0, 0.0, -1.0, 0.0, 0.0)",True
4276,,"(0, -1, 0, 0, 0)","(0.0, -1.0, 0.0, 0.0, -0.0)",True
4277,,"(-1, 0, 0, 0, 0)","(-1.0, 0.0, 0.0, -0.0, 0.0)",True
4278,,"(0, 0, 0, 0, 0)","(0.0, 0.0, -0.0, 0.0, 0.0)",True
4279,,"(0, 0, 0, 0, 0)","(0.0, -0.0, 0.0, 0.0, 0.0)",True
4280,,"(0, 0, 0, 0, 0)","(-0.0, 0.0, 0.0, 0.0, -0.0)",True
4281,,"(0, 0, 0, 0, 0)","(0.0, 0.0, 0.0, -0.0, -0.0)",True
4282,,"(0, 0, 0, 0, 0)","(0.0, 0.0, -0.0, -0.0, 0.0)",True
4283,,"(0, 0, 0, 0, 0)","(0.0, -0.0, -0.0, 0.0, 0.0)",True
4284,,"(0, 0, 0, 0, 0)","(-0.0, -0.0, 0.0, 0.0, 0.0)",True
4285,,"(0, 0, 0, 0, 0)","(-0.0, 0.0, 0.0, 0.0, 0.0)",True
4286,,"(0, 0, 0, 0, 0)","(0.0, 0.0, 0.0, 0.0, 0.0)",True
4287,,"(0, 0, 0, 0, 0)","(0.0, 0.0, 0.0, 0.0, 0.0)",True
4288,,"(0, 0, 0, 0, 0)","(0.0, 0.0, 0.0, 0.0, 0.0)",True
4289,,"(0, 0, 0, 0, 0)","(0.0, 0.0, 0.0, 0.0, 0.0)",True
4290,,"(0, 0, 0, 0, 0)","(0.0, 0.0, 0.0, 0.0, 0.0)",True
4291,,"(0, 0, 0, 0, 0)","(0.0, 0.0, 0.0, 0.0, -0.0)",True
4292,,"(0, 0, 0, 0, 0)","(0.0, 0.0, 0.0, -0.0, 0.0)",True
4293,,"(0, 0, 0, 0, 0)","(0.0, 0.0, -0.0, 0.0, -0.0)",True
4294,,"(0, 0, 0, 0, 0)","(0.0, -0.0, 0.0, -0.0, 0.0)",True
4295,,"(0, 0, 0, 0, 0)","(-0.0, 0.0, -0.0, 0.0, 0.0)",True
4296,,"(0, 0, 0, 0, 0)","(0.0, -0.0, 0.0, 0.0, 0.0)",True
4297,,"(0, 0, 0, 0, 0)","(-0.0, 0.0, 0.0, 0.0, 0.0)",True
4298,,"(0, 0, 0, 0, 0)","(0.0, 0.0, 0.0, 0.0, -0.0)",True
4299,,"(0, 0, 0, 0, 0)","(0.0, 0.0, 0.0, -0.0, 0.0)",True
4300,,"(0, 0, 0, 0, 0)","(0.0, 0.0, -0.0, 0.0, 0.0)",True
4301,,"(0, 0, 0, 0, 0)","(0.0, -0.0, 0.0, 0.0, -0.0)",True
4302,,"(0, 0, 0, 0, 0)","(-0.0, 0.0, 0.0, -0.0, -1.0)",False
4303,,"(0, 0, 0, -1, 0)","(0.0, 0.0, -0.0, -1.0, 0.0)",True
4304,,"(0, 0, -1, 0, 0)","(0.0, -0.0, -1.0, 0.0, -0.0)",True
4305,,"(0, -1, 0, 0, 0)","(-0.0, -1.0, 0.0, -0.0, 0.0)",True
4306,,"(-1, 0, 0, 0, 0)","(-1.0, 0.0, -0.0, 0.0, 0.0)",True
4307,,"(0, 0, 0, 0, 0)","(0.0, -0.0, 0.0, 0.0, 0.0)",True
4308,,"(0, 0, 0, 0, 0)","(-0.0, 0.0, 0.0, 0.0, 0.0)",True
4309,,"(0, 0, 0, 0, 0)","(0.0, 0.0, 0.0, 0.0, 0.0)",True
4310,,"(0, 0, 0, 0, 0)","(0.0, 0.0, 0.0, 0.0, 0.0)",True
4311,,"(0, 0, 0, 0, 0)","(0.0, 0.0, 0.0, 0.0, -0.0)",True
4312,,"(0, 0, 0, 0, 0)","(0.0, 0.0, 0.0, -0.0, 0.0)",True
4313,,"(0, 0, 0, 0, 0)","(0.0, 0.0, -0.0, 0.0, 0.0)",True
4314,,"(0, 0, 0, 0, 0)","(0.0, -0.0, 0.0, 0.0, 0.0)",True
4315,,"(0, 0, 0, 0, 0)","(-0.0, 0.0, 0.0, 0.0, 0.0)",True
4316,,"(0, 0, 0, 0, 0)","(0.0, 0.0, 0.0, 0.0, 0.0)",True
4317,,"(0, 0, 0, 0, 0)","(0.0, 0.0, 0.0, 0.0, -0.0)",True
4318,,"(0, 0, 0, 0, 0)","(0.0, 0.0, 0.0, -0.0, 0.0)",True
4319,,"(0, 0, 0, 0, 0)","(0.0, 0.0, -0.0, 0.0, 0.0)",True
4320,,"(0, 0, 0, 0, 0)","(0.0, -0.0, 0.0, 0.0, 0.0)",True
4321,,"(0, 0, 0, 0, 0)","(-0.0, 0.0, 0.0, 0.0, 0.0)",True
4322,,"(0, 0, 0, 0, 0)","(0.0, 0.0, 0.0, 0.0, 0.0)",True
4323,,"(0, 0, 0, 0, 0)","(0.0, 0.0, 0.0, 0.0, 0.0)",True
4324,,"(0, 0, 0, 0, 0)","(0.0, 0.0, 0.0, 0.0, 0.0)",True
4325,,"(0, 0, 0, 0, 0)","(0.0, 0.0, 0.0, 0.0, -0.0)",True
4326,,"(0, 0, 0, 0, 0)","(0.0, 0.0, 0.0, -0.0, 0.0)",True
4327,,"(0, 0, 0, 0, 0)","(0.0, 0.0, -0.0, 0.0, 1.0)",False
4328,,"(0, 0, 0, 1, 0)","(0.0, -0.0, 0.0, 1.0, 0.0)",True
4329,,"(0, 0, 1, 0, 0)","(-0.0, 0.0, 1.0, 0.0, -0.0)",True
4330,,"(0, 1, 0, 0, 0)","(0.0, 1.0, 0.0, -0.0, 0.0)",True
4331,,"(1, 0, 0, 0, 0)","(1.0, 0.0, -0.0, 0.0, 0.0)",True
4332,,"(0, 0, 0, 0, 0)","(0.0, -0.0, 0.0, 0.0, 0.0)",True
4333,,"(0, 0, 0, 0, 0)","(-0.0, 0.0, 0.0, 0.0, 0.0)",True
4334,,"(0, 0, 0, 0, 0)","(0.0, 0.0, 0.0, 0.0, 0.0)",True
4335,,"(0, 0, 0, 0, 0)","(0.0, 0.0, 0.0, 0.0, 0.0)",True
4336,,"(0, 0, 0, 0, 0)","(0.0, 0.0, 0.0, 0.0, 0.0)",True
4337,,"(0, 0, 0, 0, 0)","(0.0, 0.0, 0.0, 0.0, 0.0)",True
4338,,"(0, 0, 0, 0, 0)","(0.0, 0.0, 0.0, 0.0, 0.0)",True
4339,,"(0, 0, 0, 0, 0)","(0.0, 0.0, 0.0, 0.0, 1.0)",False
4340,,"(0, 0, 0, 1, 0)","(0.0, 0.0, 0.0, 1.0, 0.0)",True
4341,,"(0, 0, 1, 0, 0)","(0.0, 0.0, 1.0, 0.0, 0.0)",True
4342,,"(0, 1, 0, 0, 0)","(0.0, 1.0, 0.0, 0.0, 0.0)",True
4343,,"(1, 0, 0, 0, 0)","(1.0, 0.0, 0.0, 0.0, -0.0)",True
4344,,"(0, 0, 0, 0, 0)","(0.0, 0.0, 0.0, -0.0, 0.0)",True
4345,,"(0, 0, 0, 0, 0)","(0.0, 0.0, -0.0, 0.0, 1.0)",False
4346,,"(0, 0, 0, 1, 0)","(0.0, -0.0, 0.0, 1.0, 0.0)",True
4347,,"(0, 0, 1, 0, 0)","(-0.0, 0.0, 1.0, 0.0, 0.0)",True
4348,,"(0, 1, 0, 0, 0)","(0.0, 1.0, 0.0, 0.0, 0.0)",True
4349,,"(1, 0, 0, 0, 0)","(1.0, 0.0, 0.0, 0.0, 1.0)",False
4350,,"(0, 0, 0, 1, 0)","(0.0, 0.0, 0.0, 1.0, 1.0)",False
4351,,"(0, 0, 1, 1, 0)","(0.0, 0.0, 1.0, 1.0, 0.0)",True
4352,,"(0, 1, 1, 0, 0)","(0.0, 1.0, 1.0, 0.0, 0.0)",True
4353,,"(1, 1, 0, 0, 0)","(1.0, 1.0, 0.0, 0.0, 0.0)",True
4354,,"(1, 0, 0, 0, 0)","(1.0, 0.0, 0.0, 0.0, 0.0)",True
4355,,"(0, 0, 0, 0, 0)","(0.0, 0.0, 0.0, 0.0, 0.0)",True
4356,,"(0, 0, 0, 0, 0)","(0.0, 0.0, 0.0, 0.0, -1.0)",False
4357,,"(0, 0, 0, -1, 0)","(0.0, 0.0, 0.0, -1.0, 0.0)",True
4358,,"(0, 0, -1, 0, 0)","(0.0, 0.0, -1.0, 0.0, 1.0)",False
4359,,"(0, -1, 0, 1, 0)","(0.0, -1.0, 0.0, 1.0, 0.0)",True
4360,,"(-1, 0, 1, 0, 0)","(-1.0, 0.0, 1.0, 0.0, -0.0)",True
4361,,"(0, 1, 0, 0, 0)","(0.0, 1.0, 0.0, -0.0, 0.0)",True
4362,,"(1, 0, 0, 0, 0)","(1.0, 0.0, -0.0, 0.0, 0.0)",True
4363,,"(0, 0, 0, 0, 0)","(0.0, -0.0, 0.0, 0.0, 0.0)",True
4364,,"(0, 0, 0, 0, 0)","(-0.0, 0.0, 0.0, 0.0, 0.0)",True
4365,,"(0, 0, 0, 0, 0)","(0.0, 0.0, 0.0, 0.0, 0.0)",True
4366,,"(0, 0, 0, 0, 0)","(0.0, 0.0, 0.0, 0.0, 0.0)",True
4367,,"(0, 0, 0, 0, 0)","(0.0, 0.0, 0.0, 0.0, 0.0)",True
4368,,"(0, 0, 0, 0, 0)","(0.0, 0.0, 0.0, 0.0, 0.0)",True
4369,,"(0, 0, 0, 0, 0)","(0.0, 0.0, 0.0, 0.0, 0.0)",True
4370,,"(0, 0, 0, 0, 0)","(0.0, 0.0, 0.0, 0.0, 0.0)",True
4371,,"(0, 0, 0, 0, 0)","(0.0, 0.0, 0.0, 0.0, 0.0)",True
4372,,"(0, 0, 0, 0, 0)","(0.0, 0.0, 0.0, 0.0, 0.0)",True
4373,,"(0, 0, 0, 0, 0)","(0.0, 0.0, 0.0, 0.0, -0.0)",True
4374,,"(0, 0, 0, 0, 0)","(0.0, 0.0, 0.0, -0.0, 0.0)",True
4375,,"(0, 0, 0, 0, 0)","(0.0, 0.0, -0.0, 0.0, -0.0)",True
4376,,"(0, 0, 0, 0, 0)","(0.0, -0.0, 0.0, -0.0, 0.0)",True
4377,,"(0, 0, 0, 0, 0)","(-0.0, 0.0, -0.0, 0.0, 1.0)",False
4378,,"(0, 0, 0, 1, 0)","(0.0, -0.0, 0.0, 1.0, -0.0)",True
4379,,"(0, 0, 1, 0, 0)","(-0.0, 0.0, 1.0, -0.0, -0.0)",True
4380,,"(0, 1, 0, 0, 0)","(0.0, 1.0, -0.0, -0.0, 1.0)",False
4381,,"(1, 0, 0, 1, 0)","(1.0, -0.0, -0.0, 1.0, 0.0)",True
4382,,"(0, 0, 1, 0, 0)","(-0.0, -0.0, 1.0, 0.0, -0.0)",True
4383,,"(0, 1, 0, 0, 0)","(-0.0, 1.0, 0.0, -0.0, 0.0)",True
4384,,"(1, 0, 0, 0, 0)","(1.0, 0.0, -0.0, 0.0, 0.0)",True
4385,,"(0, 0, 0, 0, 0)","(0.0, -0.0, 0.0, 0.0, -0.0)",True
4386,,"(0, 0, 0, 0, 0)","(-0.0, 0.0, 0.0, -0.0, 0.0)",True
4387,,"(0, 0, 0, 0, 0)","(0.0, 0.0, -0.0, 0.0, -0.0)",True
4388,,"(0, 0, 0, 0, 0)","(0.0, -0.0, 0.0, -0.0, 0.0)",True
4389,,"(0, 0, 0, 0, 0)","(-0.0, 0.0, -0.0, 0.0, 0.0)",True
4390,,"(0, 0, 0, 0, 0)","(0.0, -0.0, 0.0, 0.0, -0.0)",True
4391,,"(0, 0, 0, 0, 0)","(-0.0, 0.0, 0.0, -0.0, 0.0)",True
4392,,"(0, 0, 0, 0, 0)","(0.0, 0.0, -0.0, 0.0, 0.0)",True
4393,,"(0, 0, 0, 0, 0)","(0.0, -0.0, 0.0, 0.0, -0.0)",True
4394,,"(0, 0, 0, 0, 0)","(-0.0, 0.0, 0.0, -0.0, -1.0)",False
4395,,"(0, 0, 0, -1, 0)","(0.0, 0.0, -0.0, -1.0, -0.0)",True
4396,,"(0, 0, -1, 0, 0)","(0.0, -0.0, -1.0, -0.0, 0.0)",True
4397,,"(0, -1, 0, 0, 0)","(-0.0, -1.0, -0.0, 0.0, 0.0)",True
4398,,"(-1, 0, 0, 0, 0)","(-1.0, -0.0, 0.0, 0.0, -0.0)",True
4399,,"(0, 0, 0, 0, 0)","(-0.0, 0.0, 0.0, -0.0, 0.0)",True
4400,,"(0, 0, 0, 0, 0)","(0.0, 0.0, -0.0, 0.0, 0.0)",True
4401,,"(0, 0, 0, 0, 0)","(0.0, -0.0, 0.0, 0.0, 0.0)",True
4402,,"(0, 0, 0, 0, 0)","(-0.0, 0.0, 0.0, 0.0, 0.0)",True
4403,,"(0, 0, 0, 0, 0)","(0.0, 0.0, 0.0, 0.0, -1.0)",False
4404,,"(0, 0, 0, -1, 0)","(0.0, 0.0, 0.0, -1.0, 0.0)",True
4405,,"(0, 0, -1, 0, 0)","(0.0, 0.0, -1.0, 0.0, 0.0)",True
4406,,"(0, -1, 0, 0, 0)","(0.0, -1.0, 0.0, 0.0, -0.0)",True
4407,,"(-1, 0, 0, 0, 0)","(-1.0, 0.0, 0.0, -0.0, -0.0)",True
4408,,"(0, 0, 0, 0, 0)","(0.0, 0.0, -0.0, -0.0, -1.0)",False
4409,,"(0, 0, 0, -1, 0)","(0.0, -0.0, -0.0, -1.0, 0.0)",True
4410,,"(0, 0, -1, 0, 0)","(-0.0, -0.0, -1.0, 0.0, 0.0)",True
4411,,"(0, -1, 0, 0, 0)","(-0.0, -1.0, 0.0, 0.0, 1.0)",False
4412,,"(-1, 0, 0, 1, 0)","(-1.0, 0.0, 0.0, 1.0, 0.0)",True
4413,,"(0, 0, 1, 0, 0)","(0.0, 0.0, 1.0, 0.0, 0.0)",True
4414,,"(0, 1, 0, 0, 0)","(0.0, 1.0, 0.0, 0.0, -0.0)",True
4415,,"(1, 0, 0, 0, 0)","(1.0, 0.0, 0.0, -0.0, 0.0)",True
4416,,"(0, 0, 0, 0, 0)","(0.0, 0.0, -0.0, 0.0, -1.0)",False
4417,,"(0, 0, 0, -1, 0)","(0.0, -0.0, 0.0, -1.0, 0.0)",True
4418,,"(0, 0, -1, 0, 0)","(-0.0, 0.0, -1.0, 0.0, 0.0)",True
4419,,"(0, -1, 0, 0, 0)","(0.0, -1.0, 0.0, 0.0, 0.0)",True
4420,,"(-1, 0, 0, 0, 0)","(-1.0, 0.0, 0.0, 0.0, 1.0)",False
4421,,"(0, 0, 0, 1, 0)","(0.0, 0.0, 0.0, 1.0, 0.0)",True
4422,,"(0, 0, 1, 0, 0)","(0.0, 0.0, 1.0, 0.0, 0.0)",True
4423,,"(0, 1, 0, 0, 0)","(0.0, 1.0, 0.0, 0.0, 0.0)",True
4424,,"(1, 0, 0, 0, 0)","(1.0, 0.0, 0.0, 0.0, 0.0)",True
4425,,"(0, 0, 0, 0, 0)","(0.0, 0.0, 0.0, 0.0, 0.0)",True
4426,,"(0, 0, 0, 0, 0)","(0.0, 0.0, 0.0, 0.0, -0.0)",True
4427,,"(0, 0, 0, 0, 0)","(0.0, 0.0, 0.0, -0.0, -0.0)",True
4428,,"(0, 0, 0, 0, 0)","(0.0, 0.0, -0.0, -0.0, 0.0)",True
4429,,"(0, 0, 0, 0, 0)","(0.0, -0.0, -0.0, 0.0, 0.0)",True
4430,,"(0, 0, 0, 0, 0)","(-0.0, -0.0, 0.0, 0.0, 0.0)",True
4431,,"(0, 0, 0, 0, 0)","(-0.0, 0.0, 0.0, 0.0, 0.0)",True
4432,,"(0, 0, 0, 0, 0)","(0.0, 0.0, 0.0, 0.0, 1.0)",False
4433,,"(0, 0, 0, 1, 0)","(0.0, 0.0, 0.0, 1.0, -0.0)",True
4434,,"(0, 0, 1, 0, 0)","(0.0, 0.0, 1.0, -0.0, -0.0)",True
4435,,"(0, 1, 0, 0, 0)","(0.0, 1.0, -0.0, -0.0, 0.0)",True
4436,,"(1, 0, 0, 0, 0)","(1.0, -0.0, -0.0, 0.0, -0.0)",True
4437,,"(0, 0, 0, 0, 0)","(-0.0, -0.0, 0.0, -0.0, -0.0)",True
4438,,"(0, 0, 0, 0, 0)","(-0.0, 0.0, -0.0, -0.0, -0.0)",True
4439,,"(0, 0, 0, 0, 0)","(0.0, -0.0, -0.0, -0.0, 0.0)",True
4440,,"(0, 0, 0, 0, 0)","(-0.0, -0.0, -0.0, 0.0, 0.0)",True
4441,,"(0, 0, 0, 0, 0)","(-0.0, -0.0, 0.0, 0.0, 0.0)",True
4442,,"(0, 0, 0, 0, 0)","(-0.0, 0.0, 0.0, 0.0, -0.0)",True
4443,,"(0, 0, 0, 0, 0)","(0.0, 0.0, 0.0, -0.0, -0.0)",True
4444,,"(0, 0, 0, 0, 0)","(0.0, 0.0, -0.0, -0.0, 0.0)",True
4445,,"(0, 0, 0, 0, 0)","(0.0, -0.0, -0.0, 0.0, 0.0)",True
4446,,"(0, 0, 0, 0, 0)","(-0.0, -0.0, 0.0, 0.0, -0.0)",True
4447,,"(0, 0, 0, 0, 0)","(-0.0, 0.0, 0.0, -0.0, 0.0)",True
4448,,"(0, 0, 0, 0, 0)","(0.0, 0.0, -0.0, 0.0, 0.0)",True
4449,,"(0, 0, 0, 0, 0)","(0.0, -0.0, 0.0, 0.0, -1.0)",False
4450,,"(0, 0, 0, -1, 0)","(-0.0, 0.0, 0.0, -1.0, 1.0)",False
4451,,"(0, 0, -1, 1, 0)","(0.0, 0.0, -1.0, 1.0, -1.0)",False
4452,,"(0, -1, 1, -1, 0)","(0.0, -1.0, 1.0, -1.0, 0.0)",True
4453,,"(-1, 1, -1, 0, 0)","(-1.0, 1.0, -1.0, 0.0, -0.0)",True
4454,,"(1, -1, 0, 0, 0)","(1.0, -1.0, 0.0, -0.0, 0.0)",True
4455,,"(-1, 0, 0, 0, 0)","(-1.0, 0.0, -0.0, 0.0, 0.0)",True
4456,,"(0, 0, 0, 0, 0)","(0.0, -0.0, 0.0, 0.0, 0.0)",True
4457,,"(0, 0, 0, 0, 0)","(-0.0, 0.0, 0.0, 0.0, -0.0)",True
4458,,"(0, 0, 0, 0, 0)","(0.0, 0.0, 0.0, -0.0, 0.0)",True
4459,,"(0, 0, 0, 0, 0)","(0.0, 0.0, -0.0, 0.0, 0.0)",True
4460,,"(0, 0, 0, 0, 0)","(0.0, -0.0, 0.0, 0.0, 0.0)",True
4461,,"(0, 0, 0, 0, 0)","(-0.0, 0.0, 0.0, 0.0, 0.0)",True
4462,,"(0, 0, 0, 0, 0)","(0.0, 0.0, 0.0, 0.0, 0.0)",True
4463,,"(0, 0, 0, 0, 0)","(0.0, 0.0, 0.0, 0.0, 0.0)",True
4464,,"(0, 0, 0, 0, 0)","(0.0, 0.0, 0.0, 0.0, 1.0)",False
4465,,"(0, 0, 0, 1, 0)","(0.0, 0.0, 0.0, 1.0, 0.0)",True
4466,,"(0, 0, 1, 0, 0)","(0.0, 0.0, 1.0, 0.0, 0.0)",True
4467,,"(0, 1, 0, 0, 0)","(0.0, 1.0, 0.0, 0.0, 0.0)",True
4468,,"(1, 0, 0, 0, 0)","(1.0, 0.0, 0.0, 0.0, -1.0)",False
4469,,"(0, 0, 0, -1, 0)","(0.0, 0.0, 0.0, -1.0, 0.0)",True
4470,,"(0, 0, -1, 0, 0)","(0.0, 0.0, -1.0, 0.0, 0.0)",True
4471,,"(0, -1, 0, 0, 0)","(0.0, -1.0, 0.0, 0.0, 0.0)",True
4472,,"(-1, 0, 0, 0, 0)","(-1.0, 0.0, 0.0, 0.0, 0.0)",True
4473,,"(0, 0, 0, 0, 0)","(0.0, 0.0, 0.0, 0.0, 0.0)",True
4474,,"(0, 0, 0, 0, 0)","(0.0, 0.0, 0.0, 0.0, 0.0)",True
4475,,"(0, 0, 0, 0, 0)","(0.0, 0.0, 0.0, 0.0, 0.0)",True
4476,,"(0, 0, 0, 0, 0)","(0.0, 0.0, 0.0, 0.0, 0.0)",True
4477,,"(0, 0, 0, 0, 0)","(0.0, 0.0, 0.0, 0.0, 0.0)",True
4478,,"(0, 0, 0, 0, 0)","(0.0, 0.0, 0.0, 0.0, -0.0)",True
4479,,"(0, 0, 0, 0, 0)","(0.0, 0.0, 0.0, -0.0, -0.0)",True
4480,,"(0, 0, 0, 0, 0)","(0.0, 0.0, -0.0, -0.0, -0.0)",True
4481,,"(0, 0, 0, 0, 0)","(0.0, -0.0, -0.0, -0.0, 0.0)",True
4482,,"(0, 0, 0, 0, 0)","(-0.0, -0.0, -0.0, 0.0, 0.0)",True
4483,,"(0, 0, 0, 0, 0)","(-0.0, -0.0, 0.0, 0.0, 0.0)",True
4484,,"(0, 0, 0, 0, 0)","(-0.0, 0.0, 0.0, 0.0, 0.0)",True
4485,,"(0, 0, 0, 0, 0)","(0.0, 0.0, 0.0, 0.0, -0.0)",True
4486,,"(0, 0, 0, 0, 0)","(0.0, 0.0, 0.0, -0.0, 0.0)",True
4487,,"(0, 0, 0, 0, 0)","(0.0, 0.0, -0.0, 0.0, 0.0)",True
4488,,"(0, 0, 0, 0, 0)","(0.0, -0.0, 0.0, 0.0, -0.0)",True
4489,,"(0, 0, 0, 0, 0)","(-0.0, 0.0, 0.0, -0.0, 0.0)",True
4490,,"(0, 0, 0, 0, 0)","(0.0, 0.0, -0.0, 0.0, 0.0)",True
4491,,"(0, 0, 0, 0, 0)","(0.0, -0.0, 0.0, 0.0, 0.0)",True
4492,,"(0, 0, 0, 0, 0)","(-0.0, 0.0, 0.0, 0.0, 0.0)",True
4493,,"(0, 0, 0, 0, 0)","(0.0, 0.0, 0.0, 0.0, 0.0)",True
4494,,"(0, 0, 0, 0, 0)","(0.0, 0.0, 0.0, 0.0, 0.0)",True
4495,,"(0, 0, 0, 0, 0)","(0.0, 0.0, 0.0, 0.0, 0.0)",True
4496,,"(0, 0, 0, 0, 0)","(0.0, 0.0, 0.0, 0.0, 0.0)",True
4497,,"(0, 0, 0, 0, 0)","(0.0, 0.0, 0.0, 0.0, 0.0)",True
4498,,"(0, 0, 0, 0, 0)","(0.0, 0.0, 0.0, 0.0, 0.0)",True
4499,,"(0, 0, 0, 0, 0)","(0.0, 0.0, 0.0, 0.0, 0.0)",True
4500,,"(0, 0, 0, 0, 0)","(0.0, 0.0, 0.0, 0.0, -1.0)",False
4501,,"(0, 0, 0, -1, 0)","(0.0, 0.0, 0.0, -1.0, 0.0)",True
4502,,"(0, 0, -1, 0, 0)","(0.0, 0.0, -1.0, 0.0, 0.0)",True
4503,,"(0, -1, 0, 0, 0)","(0.0, -1.0, 0.0, 0.0, 0.0)",True
4504,,"(-1, 0, 0, 0, 0)","(-1.0, 0.0, 0.0, 0.0, 0.0)",True
4505,,"(0, 0, 0, 0, 0)","(0.0, 0.0, 0.0, 0.0, 0.0)",True
4506,,"(0, 0, 0, 0, 0)","(0.0, 0.0, 0.0, 0.0, 1.0)",False
4507,,"(0, 0, 0, 1, 0)","(0.0, 0.0, 0.0, 1.0, 0.0)",True
4508,,"(0, 0, 1, 0, 0)","(0.0, 0.0, 1.0, 0.0, -0.0)",True
4509,,"(0, 1, 0, 0, 0)","(0.0, 1.0, 0.0, -0.0, 0.0)",True
4510,,"(1, 0, 0, 0, 0)","(1.0, 0.0, -0.0, 0.0, 0.0)",True
4511,,"(0, 0, 0, 0, 0)","(0.0, -0.0, 0.0, 0.0, 0.0)",True
4512,,"(0, 0, 0, 0, 0)","(-0.0, 0.0, 0.0, 0.0, 0.0)",True
4513,,"(0, 0, 0, 0, 0)","(0.0, 0.0, 0.0, 0.0, 0.0)",True
4514,,"(0, 0, 0, 0, 0)","(0.0, 0.0, 0.0, 0.0, 0.0)",True
4515,,"(0, 0, 0, 0, 0)","(0.0, 0.0, 0.0, 0.0, 1.0)",False
4516,,"(0, 0, 0, 1, 0)","(0.0, 0.0, 0.0, 1.0, 0.0)",True
4517,,"(0, 0, 1, 0, 0)","(0.0, 0.0, 1.0, 0.0, 0.0)",True
4518,,"(0, 1, 0, 0, 0)","(0.0, 1.0, 0.0, 0.0, 0.0)",True
4519,,"(1, 0, 0, 0, 0)","(1.0, 0.0, 0.0, 0.0, 0.0)",True
4520,,"(0, 0, 0, 0, 0)","(0.0, 0.0, 0.0, 0.0, 0.0)",True
4521,,"(0, 0, 0, 0, 0)","(0.0, 0.0, 0.0, 0.0, 0.0)",True
4522,,"(0, 0, 0, 0, 0)","(0.0, 0.0, 0.0, 0.0, 0.0)",True
4523,,"(0, 0, 0, 0, 0)","(0.0, 0.0, 0.0, 0.0, -0.0)",True
4524,,"(0, 0, 0, 0, 0)","(0.0, 0.0, 0.0, -0.0, 1.0)",False
4525,,"(0, 0, 0, 1, 0)","(0.0, 0.0, -0.0, 1.0, 0.0)",True
4526,,"(0, 0, 1, 0, 0)","(0.0, -0.0, 1.0, 0.0, 0.0)",True
4527,,"(0, 1, 0, 0, 0)","(-0.0, 1.0, 0.0, 0.0, 0.0)",True
4528,,"(1, 0, 0, 0, 0)","(1.0, 0.0, 0.0, 0.0, 0.0)",True
4529,,"(0, 0, 0, 0, 0)","(0.0, 0.0, 0.0, 0.0, 0.0)",True
4530,,"(0, 0, 0, 0, 0)","(0.0, 0.0, 0.0, 0.0, -0.0)",True
4531,,"(0, 0, 0, 0, 0)","(0.0, 0.0, 0.0, -0.0, 0.0)",True
4532,,"(0, 0, 0, 0, 0)","(0.0, 0.0, -0.0, 0.0, 0.0)",True
4533,,"(0, 0, 0, 0, 0)","(0.0, -0.0, 0.0, 0.0, 0.0)",True
4534,,"(0, 0, 0, 0, 0)","(-0.0, 0.0, 0.0, 0.0, 0.0)",True
4535,,"(0, 0, 0, 0, 0)","(0.0, 0.0, 0.0, 0.0, 1.0)",False
4536,,"(0, 0, 0, 1, 0)","(0.0, 0.0, 0.0, 1.0, 0.0)",True
4537,,"(0, 0, 1, 0, 0)","(0.0, 0.0, 1.0, 0.0, 0.0)",True
4538,,"(0, 1, 0, 0, 0)","(0.0, 1.0, 0.0, 0.0, 1.0)",False
4539,,"(1, 0, 0, 1, 0)","(1.0, 0.0, 0.0, 1.0, 0.0)",True
4540,,"(0, 0, 1, 0, 0)","(0.0, 0.0, 1.0, 0.0, 1.0)",False
4541,,"(0, 1, 0, 1, 0)","(0.0, 1.0, 0.0, 1.0, 1.0)",False
4542,,"(1, 0, 1, 1, 1)","(1.0, 0.0, 1.0, 1.0, -0.0)",False
4543,,"(0, 1, 1, 0, 1)","(0.0, 1.0, 1.0, -0.0, 1.0)",True
4544,,"(1, 1, 0, 1, 1)","(1.0, 1.0, -0.0, 1.0, 0.0)",False
4545,,"(1, 0, 1, 0, 1)","(1.0, -0.0, 1.0, 0.0, 1.0)",True
4546,,"(0, 1, 0, 1, 1)","(-0.0, 1.0, 0.0, 1.0, 1.0)",True
4547,,"(1, 0, 1, 1, 1)","(1.0, 0.0, 1.0, 1.0, 1.0)",True
4548,,"(0, 1, 1, 1, 1)","(0.0, 1.0, 1.0, 1.0, 0.0)",False
4549,,"(1, 1, 1, 0, 1)","(1.0, 1.0, 1.0, 0.0, -1.0)",False
4550,,"(1, 1, 0, -1, 0)","(1.0, 1.0, 0.0, -1.0, -0.0)",True
4551,,"(1, 0, -1, 0, 0)","(1.0, 0.0, -1.0, -0.0, 0.0)",True
4552,,"(0, -1, 0, 0, 0)","(0.0, -1.0, -0.0, 0.0, 1.0)",False
4553,,"(-1, 0, 0, 1, 0)","(-1.0, -0.0, 0.0, 1.0, 0.0)",True
4554,,"(0, 0, 1, 0, 0)","(-0.0, 0.0, 1.0, 0.0, -1.0)",False
4555,,"(0, 1, 0, -1, 0)","(0.0, 1.0, 0.0, -1.0, 0.0)",True
4556,,"(1, 0, -1, 0, 0)","(1.0, 0.0, -1.0, 0.0, 0.0)",True
4557,,"(0, -1, 0, 0, 0)","(0.0, -1.0, 0.0, 0.0, 0.0)",True
4558,,"(-1, 0, 0, 0, 0)","(-1.0, 0.0, 0.0, 0.0, 0.0)",True
4559,,"(0, 0, 0, 0, 0)","(0.0, 0.0, 0.0, 0.0, 0.0)",True
4560,,"(0, 0, 0, 0, 0)","(0.0, 0.0, 0.0, 0.0, 0.0)",True
4561,,"(0, 0, 0, 0, 0)","(0.0, 0.0, 0.0, 0.0, 1.0)",False
4562,,"(0, 0, 0, 1, 0)","(0.0, 0.0, 0.0, 1.0, -1.0)",False
4563,,"(0, 0, 1, -1, 0)","(0.0, 0.0, 1.0, -1.0, 1.0)",False
4564,,"(0, 1, -1, 1, 0)","(0.0, 1.0, -1.0, 1.0, 0.0)",True
4565,,"(1, -1, 1, 0, 0)","(1.0, -1.0, 1.0, 0.0, 0.0)",True
4566,,"(-1, 1, 0, 0, 0)","(-1.0, 1.0, 0.0, 0.0, 0.0)",True
4567,,"(1, 0, 0, 0, 0)","(1.0, 0.0, 0.0, 0.0, 0.0)",True
4568,,"(0, 0, 0, 0, 0)","(0.0, 0.0, 0.0, 0.0, -0.0)",True
4569,,"(0, 0, 0, 0, 0)","(0.0, 0.0, 0.0, -0.0, -1.0)",False
4570,,"(0, 0, 0, -1, 0)","(0.0, 0.0, -0.0, -1.0, -1.0)",False
4571,,"(0, 0, -1, -1, 0)","(0.0, -0.0, -1.0, -1.0, 0.0)",True
4572,,"(0, -1, -1, 0, 0)","(-0.0, -1.0, -1.0, 0.0, 1.0)",False
4573,,"(-1, -1, 0, 1, 0)","(-1.0, -1.0, 0.0, 1.0, 0.0)",True
4574,,"(-1, 0, 1, 0, 0)","(-1.0, 0.0, 1.0, 0.0, 0.0)",True
4575,,"(0, 1, 0, 0, 0)","(0.0, 1.0, 0.0, 0.0, 1.0)",False
4576,,"(1, 0, 0, 1, 0)","(1.0, 0.0, 0.0, 1.0, 0.0)",True
4577,,"(0, 0, 1, 0, 0)","(0.0, 0.0, 1.0, 0.0, 1.0)",False
4578,,"(0, 1, 0, 1, 0)","(0.0, 1.0, 0.0, 1.0, -0.0)",True
4579,,"(1, 0, 1, 0, 0)","(1.0, 0.0, 1.0, -0.0, 0.0)",True
4580,,"(0, 1, 0, 0, 0)","(0.0, 1.0, -0.0, 0.0, 0.0)",True
4581,,"(1, 0, 0, 0, 0)","(1.0, -0.0, 0.0, 0.0, 0.0)",True
4582,,"(0, 0, 0, 0, 0)","(-0.0, 0.0, 0.0, 0.0, 0.0)",True
4583,,"(0, 0, 0, 0, 0)","(0.0, 0.0, 0.0, 0.0, -0.0)",True
4584,,"(0, 0, 0, 0, 0)","(0.0, 0.0, 0.0, -0.0, 0.0)",True
4585,,"(0, 0, 0, 0, 0)","(0.0, 0.0, -0.0, 0.0, 0.0)",True
4586,,"(0, 0, 0, 0, 0)","(0.0, -0.0, 0.0, 0.0, 1.0)",False
4587,,"(0, 0, 0, 1, 0)","(-0.0, 0.0, 0.0, 1.0, 0.0)",True
4588,,"(0, 0, 1, 0, 0)","(0.0, 0.0, 1.0, 0.0, -1.0)",False
4589,,"(0, 1, 0, -1, 0)","(0.0, 1.0, 0.0, -1.0, -1.0)",False
4590,,"(1, 0, -1, -1, 0)","(1.0, 0.0, -1.0, -1.0, 0.0)",True
4591,,"(0, -1, -1, 0, 0)","(0.0, -1.0, -1.0, 0.0, 0.0)",True
4592,,"(-1, -1, 0, 0, 0)","(-1.0, -1.0, 0.0, 0.0, -0.0)",True
4593,,"(-1, 0, 0, 0, 0)","(-1.0, 0.0, 0.0, -0.0, -1.0)",False
4594,,"(0, 0, 0, -1, 0)","(0.0, 0.0, -0.0, -1.0, -0.0)",True
4595,,"(0, 0, -1, 0, 0)","(0.0, -0.0, -1.0, -0.0, 0.0)",True
4596,,"(0, -1, 0, 0, 0)","(-0.0, -1.0, -0.0, 0.0, 0.0)",True
4597,,"(-1, 0, 0, 0, 0)","(-1.0, -0.0, 0.0, 0.0, 0.0)",True
4598,,"(0, 0, 0, 0, 0)","(-0.0, 0.0, 0.0, 0.0, 1.0)",False
4599,,"(0, 0, 0, 1, 0)","(0.0, 0.0, 0.0, 1.0, 1.0)",False
4600,,"(0, 0, 1, 1, 0)","(0.0, 0.0, 1.0, 1.0, 0.0)",True
4601,,"(0, 1, 1, 0, 0)","(0.0, 1.0, 1.0, 0.0, 1.0)",False
4602,,"(1, 1, 0, 1, 1)","(1.0, 1.0, 0.0, 1.0, 0.0)",False
4603,,"(1, 0, 1, 0, 1)","(1.0, 0.0, 1.0, 0.0, 0.0)",False
4604,,"(0, 1, 0, 0, 0)","(0.0, 1.0, 0.0, 0.0, -0.0)",True
4605,,"(1, 0, 0, 0, 0)","(1.0, 0.0, 0.0, -0.0, 0.0)",True
4606,,"(0, 0, 0, 0, 0)","(0.0, 0.0, -0.0, 0.0, -0.0)",True
4607,,"(0, 0, 0, 0, 0)","(0.0, -0.0, 0.0, -0.0, -1.0)",False
4608,,"(0, 0, 0, -1, 0)","(-0.0, 0.0, -0.0, -1.0, 1.0)",False
4609,,"(0, 0, -1, 1, 0)","(0.0, -0.0, -1.0, 1.0, 1.0)",False
4610,,"(0, -1, 1, 1, 0)","(-0.0, -1.0, 1.0, 1.0, 0.0)",True
4611,,"(-1, 1, 1, 0, 0)","(-1.0, 1.0, 1.0, 0.0, 1.0)",False
4612,,"(1, 1, 0, 1, 0)","(1.0, 1.0, 0.0, 1.0, -1.0)",False
4613,,"(1, 0, 1, -1, 0)","(1.0, 0.0, 1.0, -1.0, 0.0)",True
4614,,"(0, 1, -1, 0, 0)","(0.0, 1.0, -1.0, 0.0, 0.0)",True
4615,,"(1, -1, 0, 0, 0)","(1.0, -1.0, 0.0, 0.0, -0.0)",True
4616,,"(-1, 0, 0, 0, 0)","(-1.0, 0.0, 0.0, -0.0, 0.0)",True
4617,,"(0, 0, 0, 0, 0)","(0.0, 0.0, -0.0, 0.0, 0.0)",True
4618,,"(0, 0, 0, 0, 0)","(0.0, -0.0, 0.0, 0.0, -0.0)",True
4619,,"(0, 0, 0, 0, 0)","(-0.0, 0.0, 0.0, -0.0, 0.0)",True
4620,,"(0, 0, 0, 0, 0)","(0.0, 0.0, -0.0, 0.0, -0.0)",True
4621,,"(0, 0, 0, 0, 0)","(0.0, -0.0, 0.0, -0.0, 0.0)",True
4622,,"(0, 0, 0, 0, 0)","(-0.0, 0.0, -0.0, 0.0, -0.0)",True
4623,,"(0, 0, 0, 0, 0)","(0.0, -0.0, 0.0, -0.0, 0.0)",True
4624,,"(0, 0, 0, 0, 0)","(-0.0, 0.0, -0.0, 0.0, 0.0)",True
4625,,"(0, 0, 0, 0, 0)","(0.0, -0.0, 0.0, 0.0, -0.0)",True
4626,,"(0, 0, 0, 0, 0)","(-0.0, 0.0, 0.0, -0.0, -0.0)",True
4627,,"(0, 0, 0, 0, 0)","(0.0, 0.0, -0.0, -0.0, 0.0)",True
4628,,"(0, 0, 0, 0, 0)","(0.0, -0.0, -0.0, 0.0, -0.0)",True
4629,,"(0, 0, 0, 0, 0)","(-0.0, -0.0, 0.0, -0.0, -0.0)",True
4630,,"(0, 0, 0, 0, 0)","(-0.0, 0.0, -0.0, -0.0, -0.0)",True
4631,,"(0, 0, 0, 0, 0)","(0.0, -0.0, -0.0, -0.0, 1.0)",False
4632,,"(0, 0, 0, 1, 0)","(-0.0, -0.0, -0.0, 1.0, -1.0)",False
4633,,"(0, 0, 1, -1, 0)","(-0.0, -0.0, 1.0, -1.0, -1.0)",False
4634,,"(0, 1, -1, -1, 0)","(-0.0, 1.0, -1.0, -1.0, -1.0)",False
4635,,"(1, -1, -1, -1, 0)","(1.0, -1.0, -1.0, -1.0, -0.0)",True
4636,,"(-1, -1, -1, 0, 0)","(-1.0, -1.0, -1.0, -0.0, -1.0)",False
4637,,"(-1, -1, 0, -1, -1)","(-1.0, -1.0, -0.0, -1.0, -1.0)",True
4638,,"(-1, 0, -1, -1, -1)","(-1.0, -0.0, -1.0, -1.0, -1.0)",True
4639,,"(0, -1, -1, -1, -1)","(-0.0, -1.0, -1.0, -1.0, 1.0)",False
4640,,"(-1, -1, -1, 1, 0)","(-1.0, -1.0, -1.0, 1.0, 0.0)",True
4641,,"(-1, -1, 1, 0, 0)","(-1.0, -1.0, 1.0, 0.0, 0.0)",True
4642,,"(-1, 1, 0, 0, 0)","(-1.0, 1.0, 0.0, 0.0, -1.0)",False
4643,,"(1, 0, 0, -1, 0)","(1.0, 0.0, 0.0, -1.0, -0.0)",True
4644,,"(0, 0, -1, 0, 0)","(0.0, 0.0, -1.0, -0.0, -1.0)",False
4645,,"(0, -1, 0, -1, 0)","(0.0, -1.0, -0.0, -1.0, 1.0)",False
4646,,"(-1, 0, -1, 1, 0)","(-1.0, -0.0, -1.0, 1.0, 0.0)",True
4647,,"(0, -1, 1, 0, 0)","(-0.0, -1.0, 1.0, 0.0, -1.0)",False
4648,,"(-1, 1, 0, -1, 0)","(-1.0, 1.0, 0.0, -1.0, 0.0)",True
4649,,"(1, 0, -1, 0, 0)","(1.0, 0.0, -1.0, 0.0, 0.0)",True
4650,,"(0, -1, 0, 0, 0)","(0.0, -1.0, 0.0, 0.0, -0.0)",True
4651,,"(-1, 0, 0, 0, 0)","(-1.0, 0.0, 0.0, -0.0, 0.0)",True
4652,,"(0, 0, 0, 0, 0)","(0.0, 0.0, -0.0, 0.0, 1.0)",False
4653,,"(0, 0, 0, 1, 0)","(0.0, -0.0, 0.0, 1.0, 0.0)",True
4654,,"(0, 0, 1, 0, 0)","(-0.0, 0.0, 1.0, 0.0, -1.0)",False
4655,,"(0, 1, 0, -1, 0)","(0.0, 1.0, 0.0, -1.0, -1.0)",False
4656,,"(1, 0, -1, -1, 0)","(1.0, 0.0, -1.0, -1.0, 0.0)",True
4657,,"(0, -1, -1, 0, 0)","(0.0, -1.0, -1.0, 0.0, 0.0)",True
4658,,"(-1, -1, 0, 0, 0)","(-1.0, -1.0, 0.0, 0.0, -0.0)",True
4659,,"(-1, 0, 0, 0, 0)","(-1.0, 0.0, 0.0, -0.0, -1.0)",False
4660,,"(0, 0, 0, -1, 0)","(0.0, 0.0, -0.0, -1.0, -1.0)",False
4661,,"(0, 0, -1, -1, 0)","(0.0, -0.0, -1.0, -1.0, -1.0)",False
4662,,"(0, -1, -1, -1, -1)","(-0.0, -1.0, -1.0, -1.0, 1.0)",False
4663,,"(-1, -1, -1, 1, 0)","(-1.0, -1.0, -1.0, 1.0, 1.0)",False
4664,,"(-1, -1, 1, 1, 0)","(-1.0, -1.0, 1.0, 1.0, -1.0)",False
4665,,"(-1, 1, 1, -1, 0)","(-1.0, 1.0, 1.0, -1.0, 1.0)",False
4666,,"(1, 1, -1, 1, 0)","(1.0, 1.0, -1.0, 1.0, -1.0)",False
4667,,"(1, -1, 1, -1, 0)","(1.0, -1.0, 1.0, -1.0, -1.0)",False
4668,,"(-1, 1, -1, -1, 0)","(-1.0, 1.0, -1.0, -1.0, -0.0)",True
4669,,"(1, -1, -1, 0, 0)","(1.0, -1.0, -1.0, -0.0, 1.0)",False
4670,,"(-1, -1, 0, 1, 0)","(-1.0, -1.0, -0.0, 1.0, 1.0)",False
4671,,"(-1, 0, 1, 1, 0)","(-1.0, -0.0, 1.0, 1.0, -0.0)",True
4672,,"(0, 1, 1, 0, 0)","(-0.0, 1.0, 1.0, -0.0, 0.0)",True
4673,,"(1, 1, 0, 0, 0)","(1.0, 1.0, -0.0, 0.0, 0.0)",True
4674,,"(1, 0, 0, 0, 0)","(1.0, -0.0, 0.0, 0.0, -1.0)",False
4675,,"(0, 0, 0, -1, 0)","(-0.0, 0.0, 0.0, -1.0, 1.0)",False
4676,,"(0, 0, -1, 1, 0)","(0.0, 0.0, -1.0, 1.0, 0.0)",True
4677,,"(0, -1, 1, 0, 0)","(0.0, -1.0, 1.0, 0.0, 1.0)",False
4678,,"(-1, 1, 0, 1, 0)","(-1.0, 1.0, 0.0, 1.0, -0.0)",True
4679,,"(1, 0, 1, 0, 0)","(1.0, 0.0, 1.0, -0.0, 0.0)",True
4680,,"(0, 1, 0, 0, 0)","(0.0, 1.0, -0.0, 0.0, 0.0)",True
4681,,"(1, 0, 0, 0, 0)","(1.0, -0.0, 0.0, 0.0, -0.0)",True
4682,,"(0, 0, 0, 0, 0)","(-0.0, 0.0, 0.0, -0.0, -1.0)",False
4683,,"(0, 0, 0, -1, 0)","(0.0, 0.0, -0.0, -1.0, -1.0)",False
4684,,"(0, 0, -1, -1, 0)","(0.0, -0.0, -1.0, -1.0, 1.0)",False
4685,,"(0, -1, -1, 1, 0)","(-0.0, -1.0, -1.0, 1.0, 1.0)",False
4686,,"(-1, -1, 1, 1, 0)","(-1.0, -1.0, 1.0, 1.0, 0.0)",True
4687,,"(-1, 1, 1, 0, 0)","(-1.0, 1.0, 1.0, 0.0, -1.0)",False
4688,,"(1, 1, 0, -1, 0)","(1.0, 1.0, 0.0, -1.0, 0.0)",True
4689,,"(1, 0, -1, 0, 0)","(1.0, 0.0, -1.0, 0.0, 1.0)",False
4690,,"(0, -1, 0, 1, 0)","(0.0, -1.0, 0.0, 1.0, -0.0)",True
4691,,"(-1, 0, 1, 0, 0)","(-1.0, 0.0, 1.0, -0.0, 1.0)",False
4692,,"(0, 1, 0, 1, 0)","(0.0, 1.0, -0.0, 1.0, 1.0)",False
4693,,"(1, 0, 1, 1, 1)","(1.0, -0.0, 1.0, 1.0, 1.0)",True
4694,,"(0, 1, 1, 1, 1)","(-0.0, 1.0, 1.0, 1.0, -1.0)",False
4695,,"(1, 1, 1, -1, 0)","(1.0, 1.0, 1.0, -1.0, 0.0)",True
4696,,"(1, 1, -1, 0, 0)","(1.0, 1.0, -1.0, 0.0, -1.0)",False
4697,,"(1, -1, 0, -1, 0)","(1.0, -1.0, 0.0, -1.0, -1.0)",False
4698,,"(-1, 0, -1, -1, 0)","(-1.0, 0.0, -1.0, -1.0, -0.0)",True
4699,,"(0, -1, -1, 0, -1)","(0.0, -1.0, -1.0, -0.0, 0.0)",False
4700,,"(-1, -1, 0, 0, 0)","(-1.0, -1.0, -0.0, 0.0, -0.0)",True
4701,,"(-1, 0, 0, 0, 0)","(-1.0, -0.0, 0.0, -0.0, 0.0)",True
4702,,"(0, 0, 0, 0, 0)","(-0.0, 0.0, -0.0, 0.0, -0.0)",True
4703,,"(0, 0, 0, 0, 0)","(0.0, -0.0, 0.0, -0.0, 1.0)",False
4704,,"(0, 0, 0, 1, 0)","(-0.0, 0.0, -0.0, 1.0, 1.0)",False
4705,,"(0, 0, 1, 1, 0)","(0.0, -0.0, 1.0, 1.0, 0.0)",True
4706,,"(0, 1, 1, 0, 0)","(-0.0, 1.0, 1.0, 0.0, 1.0)",False
4707,,"(1, 1, 0, 1, 1)","(1.0, 1.0, 0.0, 1.0, -1.0)",False
4708,,"(1, 0, 1, -1, 0)","(1.0, 0.0, 1.0, -1.0, 0.0)",True
4709,,"(0, 1, -1, 0, 0)","(0.0, 1.0, -1.0, 0.0, -0.0)",True
4710,,"(1, -1, 0, 0, 0)","(1.0, -1.0, 0.0, -0.0, 0.0)",True
4711,,"(-1, 0, 0, 0, 0)","(-1.0, 0.0, -0.0, 0.0, -0.0)",True
4712,,"(0, 0, 0, 0, 0)","(0.0, -0.0, 0.0, -0.0, -0.0)",True
4713,,"(0, 0, 0, 0, 0)","(-0.0, 0.0, -0.0, -0.0, 0.0)",True
4714,,"(0, 0, 0, 0, 0)","(0.0, -0.0, -0.0, 0.0, -0.0)",True
4715,,"(0, 0, 0, 0, 0)","(-0.0, -0.0, 0.0, -0.0, 0.0)",True
4716,,"(0, 0, 0, 0, 0)","(-0.0, 0.0, -0.0, 0.0, 0.0)",True
4717,,"(0, 0, 0, 0, 0)","(0.0, -0.0, 0.0, 0.0, 0.0)",True
4718,,"(0, 0, 0, 0, 0)","(-0.0, 0.0, 0.0, 0.0, 0.0)",True
4719,,"(0, 0, 0, 0, 0)","(0.0, 0.0, 0.0, 0.0, 0.0)",True
4720,,"(0, 0, 0, 0, 0)","(0.0, 0.0, 0.0, 0.0, 1.0)",False
4721,,"(0, 0, 0, 1, 0)","(0.0, 0.0, 0.0, 1.0, -0.0)",True
4722,,"(0, 0, 1, 0, 0)","(0.0, 0.0, 1.0, -0.0, 0.0)",True
4723,,"(0, 1, 0, 0, 0)","(0.0, 1.0, -0.0, 0.0, -0.0)",True
4724,,"(1, 0, 0, 0, 0)","(1.0, -0.0, 0.0, -0.0, -1.0)",False
4725,,"(0, 0, 0, -1, 0)","(-0.0, 0.0, -0.0, -1.0, 0.0)",True
4726,,"(0, 0, -1, 0, 0)","(0.0, -0.0, -1.0, 0.0, -0.0)",True
4727,,"(0, -1, 0, 0, 0)","(-0.0, -1.0, 0.0, -0.0, 0.0)",True
4728,,"(-1, 0, 0, 0, 0)","(-1.0, 0.0, -0.0, 0.0, -0.0)",True
4729,,"(0, 0, 0, 0, 0)","(0.0, -0.0, 0.0, -0.0, -0.0)",True
4730,,"(0, 0, 0, 0, 0)","(-0.0, 0.0, -0.0, -0.0, -1.0)",False
4731,,"(0, 0, 0, -1, 0)","(0.0, -0.0, -0.0, -1.0, -1.0)",False
4732,,"(0, 0, -1, -1, 0)","(-0.0, -0.0, -1.0, -1.0, -1.0)",False
4733,,"(0, -1, -1, -1, -1)","(-0.0, -1.0, -1.0, -1.0, 0.0)",False
4734,,"(-1, -1, -1, 0, -1)","(-1.0, -1.0, -1.0, 0.0, 1.0)",False
4735,,"(-1, -1, 0, 1, 0)","(-1.0, -1.0, 0.0, 1.0, 0.0)",True
4736,,"(-1, 0, 1, 0, 0)","(-1.0, 0.0, 1.0, 0.0, -0.0)",True
4737,,"(0, 1, 0, 0, 0)","(0.0, 1.0, 0.0, -0.0, -1.0)",False
4738,,"(1, 0, 0, -1, 0)","(1.0, 0.0, -0.0, -1.0, -1.0)",False
4739,,"(0, 0, -1, -1, 0)","(0.0, -0.0, -1.0, -1.0, -1.0)",False
4740,,"(0, -1, -1, -1, -1)","(-0.0, -1.0, -1.0, -1.0, 0.0)",False
4741,,"(-1, -1, -1, 0, -1)","(-1.0, -1.0, -1.0, 0.0, 1.0)",False
4742,,"(-1, -1, 0, 1, 0)","(-1.0, -1.0, 0.0, 1.0, 1.0)",False
4743,,"(-1, 0, 1, 1, 0)","(-1.0, 0.0, 1.0, 1.0, 0.0)",True
4744,,"(0, 1, 1, 0, 0)","(0.0, 1.0, 1.0, 0.0, 0.0)",True
4745,,"(1, 1, 0, 0, 0)","(1.0, 1.0, 0.0, 0.0, 0.0)",True
4746,,"(1, 0, 0, 0, 0)","(1.0, 0.0, 0.0, 0.0, 1.0)",False
4747,,"(0, 0, 0, 1, 0)","(0.0, 0.0, 0.0, 1.0, -0.0)",True
4748,,"(0, 0, 1, 0, 0)","(0.0, 0.0, 1.0, -0.0, -0.0)",True
4749,,"(0, 1, 0, 0, 0)","(0.0, 1.0, -0.0, -0.0, -1.0)",False
4750,,"(1, 0, 0, -1, 0)","(1.0, -0.0, -0.0, -1.0, -0.0)",True
4751,,"(0, 0, -1, 0, 0)","(-0.0, -0.0, -1.0, -0.0, -1.0)",False
4752,,"(0, -1, 0, -1, 0)","(-0.0, -1.0, -0.0, -1.0, -1.0)",False
4753,,"(-1, 0, -1, -1, -1)","(-1.0, -0.0, -1.0, -1.0, -1.0)",True
4754,,"(0, -1, -1, -1, -1)","(-0.0, -1.0, -1.0, -1.0, 0.0)",False
4755,,"(-1, -1, -1, 0, -1)","(-1.0, -1.0, -1.0, 0.0, 1.0)",False
4756,,"(-1, -1, 0, 1, 0)","(-1.0, -1.0, 0.0, 1.0, 1.0)",False
4757,,"(-1, 0, 1, 1, 0)","(-1.0, 0.0, 1.0, 1.0, 0.0)",True
4758,,"(0, 1, 1, 0, 0)","(0.0, 1.0, 1.0, 0.0, -1.0)",False
4759,,"(1, 1, 0, -1, 0)","(1.0, 1.0, 0.0, -1.0, -1.0)",False
4760,,"(1, 0, -1, -1, 0)","(1.0, 0.0, -1.0, -1.0, 1.0)",False
4761,,"(0, -1, -1, 1, 0)","(0.0, -1.0, -1.0, 1.0, 0.0)",True
4762,,"(-1, -1, 1, 0, 0)","(-1.0, -1.0, 1.0, 0.0, 0.0)",True
4763,,"(-1, 1, 0, 0, 0)","(-1.0, 1.0, 0.0, 0.0, -0.0)",True
4764,,"(1, 0, 0, 0, 0)","(1.0, 0.0, 0.0, -0.0, 0.0)",True
4765,,"(0, 0, 0, 0, 0)","(0.0, 0.0, -0.0, 0.0, 1.0)",False
4766,,"(0, 0, 0, 1, 0)","(0.0, -0.0, 0.0, 1.0, 1.0)",False
4767,,"(0, 0, 1, 1, 0)","(-0.0, 0.0, 1.0, 1.0, 1.0)",False
4768,,"(0, 1, 1, 1, 1)","(0.0, 1.0, 1.0, 1.0, 1.0)",True
4769,,"(1, 1, 1, 1, 1)","(1.0, 1.0, 1.0, 1.0, -1.0)",False
4770,,"(1, 1, 1, -1, 1)","(1.0, 1.0, 1.0, -1.0, 1.0)",True
4771,,"(1, 1, -1, 1, 1)","(1.0, 1.0, -1.0, 1.0, -0.0)",False
4772,,"(1, -1, 1, 0, 0)","(1.0, -1.0, 1.0, -0.0, 0.0)",True
4773,,"(-1, 1, 0, 0, 0)","(-1.0, 1.0, -0.0, 0.0, -0.0)",True
4774,,"(1, 0, 0, 0, 0)","(1.0, -0.0, 0.0, -0.0, -1.0)",False
4775,,"(0, 0, 0, -1, 0)","(-0.0, 0.0, -0.0, -1.0, 0.0)",True
4776,,"(0, 0, -1, 0, 0)","(0.0, -0.0, -1.0, 0.0, 0.0)",True
4777,,"(0, -1, 0, 0, 0)","(-0.0, -1.0, 0.0, 0.0, 0.0)",True
4778,,"(-1, 0, 0, 0, 0)","(-1.0, 0.0, 0.0, 0.0, 0.0)",True
4779,,"(0, 0, 0, 0, 0)","(0.0, 0.0, 0.0, 0.0, 0.0)",True
4780,,"(0, 0, 0, 0, 0)","(0.0, 0.0, 0.0, 0.0, 0.0)",True
4781,,"(0, 0, 0, 0, 0)","(0.0, 0.0, 0.0, 0.0, -0.0)",True
4782,,"(0, 0, 0, 0, 0)","(0.0, 0.0, 0.0, -0.0, 0.0)",True
4783,,"(0, 0, 0, 0, 0)","(0.0, 0.0, -0.0, 0.0, 0.0)",True
4784,,"(0, 0, 0, 0, 0)","(0.0, -0.0, 0.0, 0.0, -0.0)",True
4785,,"(0, 0, 0, 0, 0)","(-0.0, 0.0, 0.0, -0.0, 0.0)",True
4786,,"(0, 0, 0, 0, 0)","(0.0, 0.0, -0.0, 0.0, 1.0)",False
4787,,"(0, 0, 0, 1, 0)","(0.0, -0.0, 0.0, 1.0, 0.0)",True
4788,,"(0, 0, 1, 0, 0)","(-0.0, 0.0, 1.0, 0.0, 0.0)",True
4789,,"(0, 1, 0, 0, 0)","(0.0, 1.0, 0.0, 0.0, -0.0)",True
4790,,"(1, 0, 0, 0, 0)","(1.0, 0.0, 0.0, -0.0, 0.0)",True
4791,,"(0, 0, 0, 0, 0)","(0.0, 0.0, -0.0, 0.0, 0.0)",True
4792,,"(0, 0, 0, 0, 0)","(0.0, -0.0, 0.0, 0.0, 1.0)",False
4793,,"(0, 0, 0, 1, 0)","(-0.0, 0.0, 0.0, 1.0, 1.0)",False
4794,,"(0, 0, 1, 1, 0)","(0.0, 0.0, 1.0, 1.0, 1.0)",False
4795,,"(0, 1, 1, 1, 1)","(0.0, 1.0, 1.0, 1.0, -1.0)",False
4796,,"(1, 1, 1, -1, 0)","(1.0, 1.0, 1.0, -1.0, -1.0)",False
4797,,"(1, 1, -1, -1, 0)","(1.0, 1.0, -1.0, -1.0, 1.0)",False
4798,,"(1, -1, -1, 1, 0)","(1.0, -1.0, -1.0, 1.0, 1.0)",False
4799,,"(-1, -1, 1, 1, 0)","(-1.0, -1.0, 1.0, 1.0, -1.0)",False
4800,,"(-1, 1, 1, -1, 0)","(-1.0, 1.0, 1.0, -1.0, -1.0)",False
4801,,"(1, 1, -1, -1, 0)","(1.0, 1.0, -1.0, -1.0, -1.0)",False
4802,,"(1, -1, -1, -1, 0)","(1.0, -1.0, -1.0, -1.0, 0.0)",True
4803,,"(-1, -1, -1, 0, 0)","(-1.0, -1.0, -1.0, 0.0, 0.0)",True
4804,,"(-1, -1, 0, 0, -1)","(-1.0, -1.0, 0.0, 0.0, 0.0)",False
4805,,"(-1, 0, 0, 0, 0)","(-1.0, 0.0, 0.0, 0.0, -1.0)",False
4806,,"(0, 0, 0, -1, 0)","(0.0, 0.0, 0.0, -1.0, 0.0)",True
4807,,"(0, 0, -1, 0, 0)","(0.0, 0.0, -1.0, 0.0, -1.0)",False
4808,,"(0, -1, 0, -1, 0)","(0.0, -1.0, 0.0, -1.0, 1.0)",False
4809,,"(-1, 0, -1, 1, 0)","(-1.0, 0.0, -1.0, 1.0, -1.0)",False
4810,,"(0, -1, 1, -1, 0)","(0.0, -1.0, 1.0, -1.0, 0.0)",True
4811,,"(-1, 1, -1, 0, 0)","(-1.0, 1.0, -1.0, 0.0, -1.0)",False
4812,,"(1, -1, 0, -1, 0)","(1.0, -1.0, 0.0, -1.0, 0.0)",True
4813,,"(-1, 0, -1, 0, 0)","(-1.0, 0.0, -1.0, 0.0, 0.0)",True
4814,,"(0, -1, 0, 0, 0)","(0.0, -1.0, 0.0, 0.0, 0.0)",True
4815,,"(-1, 0, 0, 0, 0)","(-1.0, 0.0, 0.0, 0.0, 0.0)",True
4816,,"(0, 0, 0, 0, 0)","(0.0, 0.0, 0.0, 0.0, 0.0)",True
4817,,"(0, 0, 0, 0, 0)","(0.0, 0.0, 0.0, 0.0, 0.0)",True
4818,,"(0, 0, 0, 0, 0)","(0.0, 0.0, 0.0, 0.0, 1.0)",False
4819,,"(0, 0, 0, 1, 0)","(0.0, 0.0, 0.0, 1.0, -1.0)",False
4820,,"(0, 0, 1, -1, 0)","(0.0, 0.0, 1.0, -1.0, 0.0)",True
4821,,"(0, 1, -1, 0, 0)","(0.0, 1.0, -1.0, 0.0, 1.0)",False
4822,,"(1, -1, 0, 1, 0)","(1.0, -1.0, 0.0, 1.0, 0.0)",True
4823,,"(-1, 0, 1, 0, 0)","(-1.0, 0.0, 1.0, 0.0, 0.0)",True
4824,,"(0, 1, 0, 0, 0)","(0.0, 1.0, 0.0, 0.0, -0.0)",True
4825,,"(1, 0, 0, 0, 0)","(1.0, 0.0, 0.0, -0.0, 0.0)",True
4826,,"(0, 0, 0, 0, 0)","(0.0, 0.0, -0.0, 0.0, -0.0)",True
4827,,"(0, 0, 0, 0, 0)","(0.0, -0.0, 0.0, -0.0, 0.0)",True
4828,,"(0, 0, 0, 0, 0)","(-0.0, 0.0, -0.0, 0.0, -0.0)",True
4829,,"(0, 0, 0, 0, 0)","(0.0, -0.0, 0.0, -0.0, -1.0)",False
4830,,"(0, 0, 0, -1, 0)","(-0.0, 0.0, -0.0, -1.0, 1.0)",False
4831,,"(0, 0, -1, 1, 0)","(0.0, -0.0, -1.0, 1.0, 0.0)",True
4832,,"(0, -1, 1, 0, 0)","(-0.0, -1.0, 1.0, 0.0, 0.0)",True
4833,,"(-1, 1, 0, 0, 0)","(-1.0, 1.0, 0.0, 0.0, 0.0)",True
4834,,"(1, 0, 0, 0, 0)","(1.0, 0.0, 0.0, 0.0, 0.0)",True
4835,,"(0, 0, 0, 0, 0)","(0.0, 0.0, 0.0, 0.0, 0.0)",True
4836,,"(0, 0, 0, 0, 0)","(0.0, 0.0, 0.0, 0.0, -0.0)",True
4837,,"(0, 0, 0, 0, 0)","(0.0, 0.0, 0.0, -0.0, -1.0)",False
4838,,"(0, 0, 0, -1, 0)","(0.0, 0.0, -0.0, -1.0, -1.0)",False
4839,,"(0, 0, -1, -1, 0)","(0.0, -0.0, -1.0, -1.0, 0.0)",True
4840,,"(0, -1, -1, 0, 0)","(-0.0, -1.0, -1.0, 0.0, 0.0)",True
4841,,"(-1, -1, 0, 0, 0)","(-1.0, -1.0, 0.0, 0.0, 0.0)",True
4842,,"(-1, 0, 0, 0, 0)","(-1.0, 0.0, 0.0, 0.0, -1.0)",False
4843,,"(0, 0, 0, -1, 0)","(0.0, 0.0, 0.0, -1.0, 0.0)",True
4844,,"(0, 0, -1, 0, 0)","(0.0, 0.0, -1.0, 0.0, 0.0)",True
4845,,"(0, -1, 0, 0, 0)","(0.0, -1.0, 0.0, 0.0, -0.0)",True
4846,,"(-1, 0, 0, 0, 0)","(-1.0, 0.0, 0.0, -0.0, -1.0)",False
4847,,"(0, 0, 0, -1, 0)","(0.0, 0.0, -0.0, -1.0, -0.0)",True
4848,,"(0, 0, -1, 0, 0)","(0.0, -0.0, -1.0, -0.0, 0.0)",True
4849,,"(0, -1, 0, 0, 0)","(-0.0, -1.0, -0.0, 0.0, 0.0)",True
4850,,"(-1, 0, 0, 0, 0)","(-1.0, -0.0, 0.0, 0.0, 0.0)",True
4851,,"(0, 0, 0, 0, 0)","(-0.0, 0.0, 0.0, 0.0, -1.0)",False
4852,,"(0, 0, 0, -1, 0)","(0.0, 0.0, 0.0, -1.0, 0.0)",True
4853,,"(0, 0, -1, 0, 0)","(0.0, 0.0, -1.0, 0.0, 1.0)",False
4854,,"(0, -1, 0, 1, 0)","(0.0, -1.0, 0.0, 1.0, 1.0)",False
4855,,"(-1, 0, 1, 1, 0)","(-1.0, 0.0, 1.0, 1.0, -1.0)",False
4856,,"(0, 1, 1, -1, 0)","(0.0, 1.0, 1.0, -1.0, -0.0)",True
4857,,"(1, 1, -1, 0, 0)","(1.0, 1.0, -1.0, -0.0, 0.0)",True
4858,,"(1, -1, 0, 0, 0)","(1.0, -1.0, -0.0, 0.0, -1.0)",False
4859,,"(-1, 0, 0, -1, 0)","(-1.0, -0.0, 0.0, -1.0, 0.0)",True
4860,,"(0, 0, -1, 0, 0)","(-0.0, 0.0, -1.0, 0.0, 0.0)",True
4861,,"(0, -1, 0, 0, 0)","(0.0, -1.0, 0.0, 0.0, -1.0)",False
4862,,"(-1, 0, 0, -1, 0)","(-1.0, 0.0, 0.0, -1.0, -0.0)",True
4863,,"(0, 0, -1, 0, 0)","(0.0, 0.0, -1.0, -0.0, 0.0)",True
4864,,"(0, -1, 0, 0, 0)","(0.0, -1.0, -0.0, 0.0, -1.0)",False
4865,,"(-1, 0, 0, -1, 0)","(-1.0, -0.0, 0.0, -1.0, 0.0)",True
4866,,"(0, 0, -1, 0, 0)","(-0.0, 0.0, -1.0, 0.0, 0.0)",True
4867,,"(0, -1, 0, 0, 0)","(0.0, -1.0, 0.0, 0.0, 0.0)",True
4868,,"(-1, 0, 0, 0, 0)","(-1.0, 0.0, 0.0, 0.0, -1.0)",False
4869,,"(0, 0, 0, -1, 0)","(0.0, 0.0, 0.0, -1.0, -0.0)",True
4870,,"(0, 0, -1, 0, 0)","(0.0, 0.0, -1.0, -0.0, 0.0)",True
4871,,"(0, -1, 0, 0, 0)","(0.0, -1.0, -0.0, 0.0, 0.0)",True
4872,,"(-1, 0, 0, 0, 0)","(-1.0, -0.0, 0.0, 0.0, 0.0)",True
4873,,"(0, 0, 0, 0, 0)","(-0.0, 0.0, 0.0, 0.0, 1.0)",False
4874,,"(0, 0, 0, 1, 0)","(0.0, 0.0, 0.0, 1.0, 0.0)",True
4875,,"(0, 0, 1, 0, 0)","(0.0, 0.0, 1.0, 0.0, -0.0)",True
4876,,"(0, 1, 0, 0, 0)","(0.0, 1.0, 0.0, -0.0, -0.0)",True
4877,,"(1, 0, 0, 0, 0)","(1.0, 0.0, -0.0, -0.0, -1.0)",False
4878,,"(0, 0, 0, -1, 0)","(0.0, -0.0, -0.0, -1.0, 0.0)",True
4879,,"(0, 0, -1, 0, 0)","(-0.0, -0.0, -1.0, 0.0, 1.0)",False
4880,,"(0, -1, 0, 1, 0)","(-0.0, -1.0, 0.0, 1.0, -1.0)",False
4881,,"(-1, 0, 1, -1, 0)","(-1.0, 0.0, 1.0, -1.0, -0.0)",True
4882,,"(0, 1, -1, 0, 0)","(0.0, 1.0, -1.0, -0.0, -1.0)",False
4883,,"(1, -1, 0, -1, 0)","(1.0, -1.0, -0.0, -1.0, 0.0)",True
4884,,"(-1, 0, -1, 0, 0)","(-1.0, -0.0, -1.0, 0.0, -0.0)",True
4885,,"(0, -1, 0, 0, 0)","(-0.0, -1.0, 0.0, -0.0, -0.0)",True
4886,,"(-1, 0, 0, 0, 0)","(-1.0, 0.0, -0.0, -0.0, -0.0)",True
4887,,"(0, 0, 0, 0, 0)","(0.0, -0.0, -0.0, -0.0, -0.0)",True
4888,,"(0, 0, 0, 0, 0)","(-0.0, -0.0, -0.0, -0.0, 1.0)",False
4889,,"(0, 0, 0, 1, 0)","(-0.0, -0.0, -0.0, 1.0, -0.0)",True
4890,,"(0, 0, 1, 0, 0)","(-0.0, -0.0, 1.0, -0.0, 0.0)",True
4891,,"(0, 1, 0, 0, 0)","(-0.0, 1.0, -0.0, 0.0, -1.0)",False
4892,,"(1, 0, 0, -1, 0)","(1.0, -0.0, 0.0, -1.0, -1.0)",False
4893,,"(0, 0, -1, -1, 0)","(-0.0, 0.0, -1.0, -1.0, -1.0)",False
4894,,"(0, -1, -1, -1, -1)","(0.0, -1.0, -1.0, -1.0, -0.0)",False
4895,,"(-1, -1, -1, 0, -1)","(-1.0, -1.0, -1.0, -0.0, 0.0)",False
4896,,"(-1, -1, 0, 0, -1)","(-1.0, -1.0, -0.0, 0.0, -0.0)",False
4897,,"(-1, 0, 0, 0, 0)","(-1.0, -0.0, 0.0, -0.0, 0.0)",True
4898,,"(0, 0, 0, 0, 0)","(-0.0, 0.0, -0.0, 0.0, 1.0)",False
4899,,"(0, 0, 0, 1, 0)","(0.0, -0.0, 0.0, 1.0, 1.0)",False
4900,,"(0, 0, 1, 1, 0)","(-0.0, 0.0, 1.0, 1.0, 0.0)",True
4901,,"(0, 1, 1, 0, 0)","(0.0, 1.0, 1.0, 0.0, -1.0)",False
4902,,"(1, 1, 0, -1, 0)","(1.0, 1.0, 0.0, -1.0, -0.0)",True
4903,,"(1, 0, -1, 0, 0)","(1.0, 0.0, -1.0, -0.0, -1.0)",False
4904,,"(0, -1, 0, -1, 0)","(0.0, -1.0, -0.0, -1.0, 0.0)",True
4905,,"(-1, 0, -1, 0, 0)","(-1.0, -0.0, -1.0, 0.0, 0.0)",True
4906,,"(0, -1, 0, 0, 0)","(-0.0, -1.0, 0.0, 0.0, 1.0)",False
4907,,"(-1, 0, 0, 1, 0)","(-1.0, 0.0, 0.0, 1.0, 0.0)",True
4908,,"(0, 0, 1, 0, 0)","(0.0, 0.0, 1.0, 0.0, 0.0)",True
4909,,"(0, 1, 0, 0, 0)","(0.0, 1.0, 0.0, 0.0, 0.0)",True
4910,,"(1, 0, 0, 0, 0)","(1.0, 0.0, 0.0, 0.0, 0.0)",True
4911,,"(0, 0, 0, 0, 0)","(0.0, 0.0, 0.0, 0.0, 0.0)",True
4912,,"(0, 0, 0, 0, 0)","(0.0, 0.0, 0.0, 0.0, 0.0)",True
4913,,"(0, 0, 0, 0, 0)","(0.0, 0.0, 0.0, 0.0, 0.0)",True
4914,,"(0, 0, 0, 0, 0)","(0.0, 0.0, 0.0, 0.0, 0.0)",True
4915,,"(0, 0, 0, 0, 0)","(0.0, 0.0, 0.0, 0.0, 0.0)",True
4916,,"(0, 0, 0, 0, 0)","(0.0, 0.0, 0.0, 0.0, -1.0)",False
4917,,"(0, 0, 0, -1, 0)","(0.0, 0.0, 0.0, -1.0, -0.0)",True
4918,,"(0, 0, -1, 0, 0)","(0.0, 0.0, -1.0, -0.0, -0.0)",True
4919,,"(0, -1, 0, 0, 0)","(0.0, -1.0, -0.0, -0.0, 0.0)",True
4920,,"(-1, 0, 0, 0, 0)","(-1.0, -0.0, -0.0, 0.0, -1.0)",False
4921,,"(0, 0, 0, -1, 0)","(-0.0, -0.0, 0.0, -1.0, -1.0)",False
4922,,"(0, 0, -1, -1, 0)","(-0.0, 0.0, -1.0, -1.0, 0.0)",True
4923,,"(0, -1, -1, 0, 0)","(0.0, -1.0, -1.0, 0.0, 0.0)",True
4924,,"(-1, -1, 0, 0, 0)","(-1.0, -1.0, 0.0, 0.0, 1.0)",False
4925,,"(-1, 0, 0, 1, 0)","(-1.0, 0.0, 0.0, 1.0, 0.0)",True
4926,,"(0, 0, 1, 0, 0)","(0.0, 0.0, 1.0, 0.0, -0.0)",True
4927,,"(0, 1, 0, 0, 0)","(0.0, 1.0, 0.0, -0.0, 0.0)",True
4928,,"(1, 0, 0, 0, 0)","(1.0, 0.0, -0.0, 0.0, -1.0)",False
4929,,"(0, 0, 0, -1, 0)","(0.0, -0.0, 0.0, -1.0, -0.0)",True
4930,,"(0, 0, -1, 0, 0)","(-0.0, 0.0, -1.0, -0.0, 0.0)",True
4931,,"(0, -1, 0, 0, 0)","(0.0, -1.0, -0.0, 0.0, -1.0)",False
4932,,"(-1, 0, 0, -1, 0)","(-1.0, -0.0, 0.0, -1.0, -1.0)",False
4933,,"(0, 0, -1, -1, -1)","(-0.0, 0.0, -1.0, -1.0, 0.0)",False
4934,,"(0, -1, -1, 0, 0)","(0.0, -1.0, -1.0, 0.0, -1.0)",False
4935,,"(-1, -1, 0, -1, -1)","(-1.0, -1.0, 0.0, -1.0, 0.0)",False
4936,,"(-1, 0, -1, 0, -1)","(-1.0, 0.0, -1.0, 0.0, 1.0)",False
4937,,"(0, -1, 0, 1, 0)","(0.0, -1.0, 0.0, 1.0, 0.0)",True
4938,,"(-1, 0, 1, 0, 0)","(-1.0, 0.0, 1.0, 0.0, 0.0)",True
4939,,"(0, 1, 0, 0, 0)","(0.0, 1.0, 0.0, 0.0, -1.0)",False
4940,,"(1, 0, 0, -1, 0)","(1.0, 0.0, 0.0, -1.0, 0.0)",True
4941,,"(0, 0, -1, 0, 0)","(0.0, 0.0, -1.0, 0.0, 0.0)",True
4942,,"(0, -1, 0, 0, 0)","(0.0, -1.0, 0.0, 0.0, -1.0)",False
4943,,"(-1, 0, 0, -1, 0)","(-1.0, 0.0, 0.0, -1.0, 0.0)",True
4944,,"(0, 0, -1, 0, 0)","(0.0, 0.0, -1.0, 0.0, -0.0)",True
4945,,"(0, -1, 0, 0, 0)","(0.0, -1.0, 0.0, -0.0, 0.0)",True
4946,,"(-1, 0, 0, 0, 0)","(-1.0, 0.0, -0.0, 0.0, -0.0)",True
4947,,"(0, 0, 0, 0, 0)","(0.0, -0.0, 0.0, -0.0, 0.0)",True
4948,,"(0, 0, 0, 0, 0)","(-0.0, 0.0, -0.0, 0.0, -1.0)",False
4949,,"(0, 0, 0, -1, 0)","(0.0, -0.0, 0.0, -1.0, -1.0)",False
4950,,"(0, 0, -1, -1, 0)","(-0.0, 0.0, -1.0, -1.0, 0.0)",True
4951,,"(0, -1, -1, 0, 0)","(0.0, -1.0, -1.0, 0.0, 1.0)",False
4952,,"(-1, -1, 0, 1, 0)","(-1.0, -1.0, 0.0, 1.0, 0.0)",True
4953,,"(-1, 0, 1, 0, 0)","(-1.0, 0.0, 1.0, 0.0, 1.0)",False
4954,,"(0, 1, 0, 1, 0)","(0.0, 1.0, 0.0, 1.0, 1.0)",False
4955,,"(1, 0, 1, 1, 1)","(1.0, 0.0, 1.0, 1.0, 1.0)",True
4956,,"(0, 1, 1, 1, 1)","(0.0, 1.0, 1.0, 1.0, -1.0)",False
4957,,"(1, 1, 1, -1, 0)","(1.0, 1.0, 1.0, -1.0, 1.0)",False
4958,,"(1, 1, -1, 1, 1)","(1.0, 1.0, -1.0, 1.0, 0.0)",False
4959,,"(1, -1, 1, 0, 0)","(1.0, -1.0, 1.0, 0.0, 0.0)",True
4960,,"(-1, 1, 0, 0, 0)","(-1.0, 1.0, 0.0, 0.0, -1.0)",False
4961,,"(1, 0, 0, -1, 0)","(1.0, 0.0, 0.0, -1.0, -1.0)",False
4962,,"(0, 0, -1, -1, 0)","(0.0, 0.0, -1.0, -1.0, -1.0)",False
4963,,"(0, -1, -1, -1, -1)","(0.0, -1.0, -1.0, -1.0, 0.0)",False
4964,,"(-1, -1, -1, 0, -1)","(-1.0, -1.0, -1.0, 0.0, -1.0)",True
4965,,"(-1, -1, 0, -1, -1)","(-1.0, -1.0, 0.0, -1.0, 0.0)",False
4966,,"(-1, 0, -1, 0, -1)","(-1.0, 0.0, -1.0, 0.0, 0.0)",False
4967,,"(0, -1, 0, 0, 0)","(0.0, -1.0, 0.0, 0.0, -1.0)",False
4968,,"(-1, 0, 0, -1, 0)","(-1.0, 0.0, 0.0, -1.0, 0.0)",True
4969,,"(0, 0, -1, 0, 0)","(0.0, 0.0, -1.0, 0.0, 0.0)",True
4970,,"(0, -1, 0, 0, 0)","(0.0, -1.0, 0.0, 0.0, -1.0)",False
4971,,"(-1, 0, 0, -1, 0)","(-1.0, 0.0, 0.0, -1.0, 1.0)",False
4972,,"(0, 0, -1, 1, 0)","(0.0, 0.0, -1.0, 1.0, -0.0)",True
4973,,"(0, -1, 1, 0, 0)","(0.0, -1.0, 1.0, -0.0, -0.0)",True
4974,,"(-1, 1, 0, 0, 0)","(-1.0, 1.0, -0.0, -0.0, -1.0)",False
4975,,"(1, 0, 0, -1, 0)","(1.0, -0.0, -0.0, -1.0, -0.0)",True
4976,,"(0, 0, -1, 0, 0)","(-0.0, -0.0, -1.0, -0.0, 0.0)",True
4977,,"(0, -1, 0, 0, 0)","(-0.0, -1.0, -0.0, 0.0, 0.0)",True
4978,,"(-1, 0, 0, 0, 0)","(-1.0, -0.0, 0.0, 0.0, 0.0)",True
4979,,"(0, 0, 0, 0, 0)","(-0.0, 0.0, 0.0, 0.0, -1.0)",False
4980,,"(0, 0, 0, -1, 0)","(0.0, 0.0, 0.0, -1.0, 0.0)",True
4981,,"(0, 0, -1, 0, 0)","(0.0, 0.0, -1.0, 0.0, -1.0)",False
4982,,"(0, -1, 0, -1, 0)","(0.0, -1.0, 0.0, -1.0, 0.0)",True
4983,,"(-1, 0, -1, 0, 0)","(-1.0, 0.0, -1.0, 0.0, -1.0)",False
4984,,"(0, -1, 0, -1, -1)","(0.0, -1.0, 0.0, -1.0, 1.0)",False
4985,,"(-1, 0, -1, 1, 0)","(-1.0, 0.0, -1.0, 1.0, 0.0)",True
4986,,"(0, -1, 1, 0, 0)","(0.0, -1.0, 1.0, 0.0, -1.0)",False
4987,,"(-1, 1, 0, -1, 0)","(-1.0, 1.0, 0.0, -1.0, 1.0)",False
4988,,"(1, 0, -1, 1, 0)","(1.0, 0.0, -1.0, 1.0, -0.0)",True
4989,,"(0, -1, 1, 0, 0)","(0.0, -1.0, 1.0, -0.0, 0.0)",True
4990,,"(-1, 1, 0, 0, 0)","(-1.0, 1.0, -0.0, 0.0, -0.0)",True
4991,,"(1, 0, 0, 0, 0)","(1.0, -0.0, 0.0, -0.0, 0.0)",True
4992,,"(0, 0, 0, 0, 0)","(-0.0, 0.0, -0.0, 0.0, -0.0)",True
4993,,"(0, 0, 0, 0, 0)","(0.0, -0.0, 0.0, -0.0, 0.0)",True
4994,,"(0, 0, 0, 0, 0)","(-0.0, 0.0, -0.0, 0.0, -0.0)",True
4995,,"(0, 0, 0, 0, 0)","(0.0, -0.0, 0.0, -0.0, -0.0)",True
4996,,"(0, 0, 0, 0, 0)","(-0.0, 0.0, -0.0, -0.0, -0.0)",True
4997,,"(0, 0, 0, 0, 0)","(0.0, -0.0, -0.0, -0.0, -0.0)",True
4998,,"(0, 0, 0, 0, 0)","(-0.0, -0.0, -0.0, -0.0, 1.0)",False
4999,,"(0, 0, 0, 1, 0)","(-0.0, -0.0, -0.0, 1.0, -1.0)",False
5000,,"(0, 0, 1, -1, 0)","(-0.0, -0.0, 1.0, -1.0, -1.0)",False
5001,,"(0, 1, -1, -1, 0)","(-0.0, 1.0, -1.0, -1.0, 1.0)",False
5002,,"(1, -1, -1, 1, 0)","(1.0, -1.0, -1.0, 1.0, 1.0)",False
5003,,"(-1, -1, 1, 1, 0)","(-1.0, -1.0, 1.0, 1.0, 1.0)",False
5004,,"(-1, 1, 1, 1, 0)","(-1.0, 1.0, 1.0, 1.0, -1.0)",False
5005,,"(1, 1, 1, -1, 0)","(1.0, 1.0, 1.0, -1.0, -1.0)",False
5006,,"(1, 1, -1, -1, 0)","(1.0, 1.0, -1.0, -1.0, -0.0)",True
5007,,"(1, -1, -1, 0, 0)","(1.0, -1.0, -1.0, -0.0, 1.0)",False
5008,,"(-1, -1, 0, 1, 0)","(-1.0, -1.0, -0.0, 1.0, -1.0)",False
5009,,"(-1, 0, 1, -1, 0)","(-1.0, -0.0, 1.0, -1.0, 0.0)",True
5010,,"(0, 1, -1, 0, 0)","(-0.0, 1.0, -1.0, 0.0, 0.0)",True
5011,,"(1, -1, 0, 0, 0)","(1.0, -1.0, 0.0, 0.0, 0.0)",True
5012,,"(-1, 0, 0, 0, 0)","(-1.0, 0.0, 0.0, 0.0, 0.0)",True
5013,,"(0, 0, 0, 0, 0)","(0.0, 0.0, 0.0, 0.0, -1.0)",False
5014,,"(0, 0, 0, -1, 0)","(0.0, 0.0, 0.0, -1.0, 0.0)",True
5015,,"(0, 0, -1, 0, 0)","(0.0, 0.0, -1.0, 0.0, 0.0)",True
5016,,"(0, -1, 0, 0, 0)","(0.0, -1.0, 0.0, 0.0, -0.0)",True
5017,,"(-1, 0, 0, 0, 0)","(-1.0, 0.0, 0.0, -0.0, -0.0)",True
5018,,"(0, 0, 0, 0, 0)","(0.0, 0.0, -0.0, -0.0, -0.0)",True
5019,,"(0, 0, 0, 0, 0)","(0.0, -0.0, -0.0, -0.0, 0.0)",True
5020,,"(0, 0, 0, 0, 0)","(-0.0, -0.0, -0.0, 0.0, -0.0)",True
5021,,"(0, 0, 0, 0, 0)","(-0.0, -0.0, 0.0, -0.0, 0.0)",True
5022,,"(0, 0, 0, 0, 0)","(-0.0, 0.0, -0.0, 0.0, -0.0)",True
5023,,"(0, 0, 0, 0, 0)","(0.0, -0.0, 0.0, -0.0, 0.0)",True
5024,,"(0, 0, 0, 0, 0)","(-0.0, 0.0, -0.0, 0.0, -1.0)",False
5025,,"(0, 0, 0, -1, 0)","(0.0, -0.0, 0.0, -1.0, -1.0)",False
5026,,"(0, 0, -1, -1, 0)","(-0.0, 0.0, -1.0, -1.0, -1.0)",False
5027,,"(0, -1, -1, -1, -1)","(0.0, -1.0, -1.0, -1.0, -1.0)",True
5028,,"(-1, -1, -1, -1, -1)","(-1.0, -1.0, -1.0, -1.0, 1.0)",False
5029,,"(-1, -1, -1, 1, -1)","(-1.0, -1.0, -1.0, 1.0, 0.0)",False
5030,,"(-1, -1, 1, 0, 0)","(-1.0, -1.0, 1.0, 0.0, 1.0)",False
5031,,"(-1, 1, 0, 1, 0)","(-1.0, 1.0, 0.0, 1.0, -1.0)",False
5032,,"(1, 0, 1, -1, 0)","(1.0, 0.0, 1.0, -1.0, 0.0)",True
5033,,"(0, 1, -1, 0, 0)","(0.0, 1.0, -1.0, 0.0, -0.0)",True
5034,,"(1, -1, 0, 0, 0)","(1.0, -1.0, 0.0, -0.0, -0.0)",True
5035,,"(-1, 0, 0, 0, 0)","(-1.0, 0.0, -0.0, -0.0, -1.0)",False
5036,,"(0, 0, 0, -1, 0)","(0.0, -0.0, -0.0, -1.0, -1.0)",False
5037,,"(0, 0, -1, -1, 0)","(-0.0, -0.0, -1.0, -1.0, 0.0)",True
5038,,"(0, -1, -1, 0, 0)","(-0.0, -1.0, -1.0, 0.0, -1.0)",False
5039,,"(-1, -1, 0, -1, -1)","(-1.0, -1.0, 0.0, -1.0, 0.0)",False
5040,,"(-1, 0, -1, 0, -1)","(-1.0, 0.0, -1.0, 0.0, 0.0)",False
5041,,"(0, -1, 0, 0, 0)","(0.0, -1.0, 0.0, 0.0, -0.0)",True
5042,,"(-1, 0, 0, 0, 0)","(-1.0, 0.0, 0.0, -0.0, -0.0)",True
5043,,"(0, 0, 0, 0, 0)","(0.0, 0.0, -0.0, -0.0, 0.0)",True
5044,,"(0, 0, 0, 0, 0)","(0.0, -0.0, -0.0, 0.0, -0.0)",True
5045,,"(0, 0, 0, 0, 0)","(-0.0, -0.0, 0.0, -0.0, -1.0)",False
5046,,"(0, 0, 0, -1, 0)","(-0.0, 0.0, -0.0, -1.0, 1.0)",False
5047,,"(0, 0, -1, 1, 0)","(0.0, -0.0, -1.0, 1.0, 0.0)",True
5048,,"(0, -1, 1, 0, 0)","(-0.0, -1.0, 1.0, 0.0, 0.0)",True
5049,,"(-1, 1, 0, 0, 0)","(-1.0, 1.0, 0.0, 0.0, 1.0)",False
5050,,"(1, 0, 0, 1, 0)","(1.0, 0.0, 0.0, 1.0, 1.0)",False
5051,,"(0, 0, 1, 1, 1)","(0.0, 0.0, 1.0, 1.0, -1.0)",False
5052,,"(0, 1, 1, -1, 0)","(0.0, 1.0, 1.0, -1.0, -0.0)",True
5053,,"(1, 1, -1, 0, 0)","(1.0, 1.0, -1.0, -0.0, 1.0)",False
5054,,"(1, -1, 0, 1, 0)","(1.0, -1.0, -0.0, 1.0, 0.0)",True
5055,,"(-1, 0, 1, 0, 0)","(-1.0, -0.0, 1.0, 0.0, 0.0)",True
5056,,"(0, 1, 0, 0, 0)","(-0.0, 1.0, 0.0, 0.0, 0.0)",True
5057,,"(1, 0, 0, 0, 0)","(1.0, 0.0, 0.0, 0.0, -1.0)",False
5058,,"(0, 0, 0, -1, 0)","(0.0, 0.0, 0.0, -1.0, -1.0)",False
5059,,"(0, 0, -1, -1, 0)","(0.0, 0.0, -1.0, -1.0, 1.0)",False
5060,,"(0, -1, -1, 1, 0)","(0.0, -1.0, -1.0, 1.0, 1.0)",False
5061,,"(-1, -1, 1, 1, 0)","(-1.0, -1.0, 1.0, 1.0, 1.0)",False
5062,,"(-1, 1, 1, 1, 0)","(-1.0, 1.0, 1.0, 1.0, -1.0)",False
5063,,"(1, 1, 1, -1, 0)","(1.0, 1.0, 1.0, -1.0, 1.0)",False
5064,,"(1, 1, -1, 1, 1)","(1.0, 1.0, -1.0, 1.0, 1.0)",True
5065,,"(1, -1, 1, 1, 1)","(1.0, -1.0, 1.0, 1.0, 0.0)",False
5066,,"(-1, 1, 1, 0, 0)","(-1.0, 1.0, 1.0, 0.0, -0.0)",True
5067,,"(1, 1, 0, 0, 0)","(1.0, 1.0, 0.0, -0.0, -0.0)",True
5068,,"(1, 0, 0, 0, 0)","(1.0, 0.0, -0.0, -0.0, -0.0)",True
5069,,"(0, 0, 0, 0, 0)","(0.0, -0.0, -0.0, -0.0, 1.0)",False
5070,,"(0, 0, 0, 1, 0)","(-0.0, -0.0, -0.0, 1.0, -0.0)",True
5071,,"(0, 0, 1, 0, 0)","(-0.0, -0.0, 1.0, -0.0, -0.0)",True
5072,,"(0, 1, 0, 0, 0)","(-0.0, 1.0, -0.0, -0.0, 1.0)",False
5073,,"(1, 0, 0, 1, 0)","(1.0, -0.0, -0.0, 1.0, -0.0)",True
5074,,"(0, 0, 1, 0, 0)","(-0.0, -0.0, 1.0, -0.0, 0.0)",True
5075,,"(0, 1, 0, 0, 0)","(-0.0, 1.0, -0.0, 0.0, 0.0)",True
5076,,"(1, 0, 0, 0, 0)","(1.0, -0.0, 0.0, 0.0, 0.0)",True
5077,,"(0, 0, 0, 0, 0)","(-0.0, 0.0, 0.0, 0.0, 0.0)",True
5078,,"(0, 0, 0, 0, 0)","(0.0, 0.0, 0.0, 0.0, -0.0)",True
5079,,"(0, 0, 0, 0, 0)","(0.0, 0.0, 0.0, -0.0, 0.0)",True
5080,,"(0, 0, 0, 0, 0)","(0.0, 0.0, -0.0, 0.0, -0.0)",True
5081,,"(0, 0, 0, 0, 0)","(0.0, -0.0, 0.0, -0.0, -0.0)",True
5082,,"(0, 0, 0, 0, 0)","(-0.0, 0.0, -0.0, -0.0, -1.0)",False
5083,,"(0, 0, 0, -1, 0)","(0.0, -0.0, -0.0, -1.0, 0.0)",True
5084,,"(0, 0, -1, 0, 0)","(-0.0, -0.0, -1.0, 0.0, 0.0)",True
5085,,"(0, -1, 0, 0, 0)","(-0.0, -1.0, 0.0, 0.0, 0.0)",True
5086,,"(-1, 0, 0, 0, 0)","(-1.0, 0.0, 0.0, 0.0, 0.0)",True
5087,,"(0, 0, 0, 0, 0)","(0.0, 0.0, 0.0, 0.0, -1.0)",False
5088,,"(0, 0, 0, -1, 0)","(0.0, 0.0, 0.0, -1.0, -0.0)",True
5089,,"(0, 0, -1, 0, 0)","(0.0, 0.0, -1.0, -0.0, 0.0)",True
5090,,"(0, -1, 0, 0, 0)","(0.0, -1.0, -0.0, 0.0, 0.0)",True
5091,,"(-1, 0, 0, 0, 0)","(-1.0, -0.0, 0.0, 0.0, 1.0)",False
5092,,"(0, 0, 0, 1, 0)","(-0.0, 0.0, 0.0, 1.0, 0.0)",True
5093,,"(0, 0, 1, 0, 0)","(0.0, 0.0, 1.0, 0.0, 0.0)",True
5094,,"(0, 1, 0, 0, 0)","(0.0, 1.0, 0.0, 0.0, -0.0)",True
5095,,"(1, 0, 0, 0, 0)","(1.0, 0.0, 0.0, -0.0, -0.0)",True
5096,,"(0, 0, 0, 0, 0)","(0.0, 0.0, -0.0, -0.0, -1.0)",False
5097,,"(0, 0, 0, -1, 0)","(0.0, -0.0, -0.0, -1.0, -0.0)",True
5098,,"(0, 0, -1, 0, 0)","(-0.0, -0.0, -1.0, -0.0, 0.0)",True
5099,,"(0, -1, 0, 0, 0)","(-0.0, -1.0, -0.0, 0.0, 1.0)",False
5100,,"(-1, 0, 0, 1, 0)","(-1.0, -0.0, 0.0, 1.0, 0.0)",True
5101,,"(0, 0, 1, 0, 0)","(-0.0, 0.0, 1.0, 0.0, 1.0)",False
5102,,"(0, 1, 0, 1, 0)","(0.0, 1.0, 0.0, 1.0, -0.0)",True
5103,,"(1, 0, 1, 0, 0)","(1.0, 0.0, 1.0, -0.0, 1.0)",False
5104,,"(0, 1, 0, 1, 1)","(0.0, 1.0, -0.0, 1.0, -0.0)",False
5105,,"(1, 0, 1, 0, 0)","(1.0, -0.0, 1.0, -0.0, 0.0)",True
5106,,"(0, 1, 0, 0, 0)","(-0.0, 1.0, -0.0, 0.0, 0.0)",True
5107,,"(1, 0, 0, 0, 0)","(1.0, -0.0, 0.0, 0.0, 0.0)",True
5108,,"(0, 0, 0, 0, 0)","(-0.0, 0.0, 0.0, 0.0, 0.0)",True
5109,,"(0, 0, 0, 0, 0)","(0.0, 0.0, 0.0, 0.0, -0.0)",True
5110,,"(0, 0, 0, 0, 0)","(0.0, 0.0, 0.0, -0.0, -0.0)",True
5111,,"(0, 0, 0, 0, 0)","(0.0, 0.0, -0.0, -0.0, 0.0)",True
5112,,"(0, 0, 0, 0, 0)","(0.0, -0.0, -0.0, 0.0, -0.0)",True
5113,,"(0, 0, 0, 0, 0)","(-0.0, -0.0, 0.0, -0.0, -1.0)",False
5114,,"(0, 0, 0, -1, 0)","(-0.0, 0.0, -0.0, -1.0, -1.0)",False
5115,,"(0, 0, -1, -1, 0)","(0.0, -0.0, -1.0, -1.0, 0.0)",True
5116,,"(0, -1, -1, 0, 0)","(-0.0, -1.0, -1.0, 0.0, 0.0)",True
5117,,"(-1, -1, 0, 0, 0)","(-1.0, -1.0, 0.0, 0.0, -0.0)",True
5118,,"(-1, 0, 0, 0, 0)","(-1.0, 0.0, 0.0, -0.0, -1.0)",False
5119,,"(0, 0, 0, -1, 0)","(0.0, 0.0, -0.0, -1.0, 0.0)",True
5120,,"(0, 0, -1, 0, 0)","(0.0, -0.0, -1.0, 0.0, 0.0)",True
5121,,"(0, -1, 0, 0, 0)","(-0.0, -1.0, 0.0, 0.0, -0.0)",True
5122,,"(-1, 0, 0, 0, 0)","(-1.0, 0.0, 0.0, -0.0, -1.0)",False
5123,,"(0, 0, 0, -1, 0)","(0.0, 0.0, -0.0, -1.0, 0.0)",True
5124,,"(0, 0, -1, 0, 0)","(0.0, -0.0, -1.0, 0.0, 0.0)",True
5125,,"(0, -1, 0, 0, 0)","(-0.0, -1.0, 0.0, 0.0, 0.0)",True
5126,,"(-1, 0, 0, 0, 0)","(-1.0, 0.0, 0.0, 0.0, -0.0)",True
5127,,"(0, 0, 0, 0, 0)","(0.0, 0.0, 0.0, -0.0, -0.0)",True
5128,,"(0, 0, 0, 0, 0)","(0.0, 0.0, -0.0, -0.0, 0.0)",True
5129,,"(0, 0, 0, 0, 0)","(0.0, -0.0, -0.0, 0.0, 0.0)",True
5130,,"(0, 0, 0, 0, 0)","(-0.0, -0.0, 0.0, 0.0, 0.0)",True
5131,,"(0, 0, 0, 0, 0)","(-0.0, 0.0, 0.0, 0.0, 0.0)",True
5132,,"(0, 0, 0, 0, 0)","(0.0, 0.0, 0.0, 0.0, 0.0)",True
5133,,"(0, 0, 0, 0, 0)","(0.0, 0.0, 0.0, 0.0, 0.0)",True
5134,,"(0, 0, 0, 0, 0)","(0.0, 0.0, 0.0, 0.0, 0.0)",True
5135,,"(0, 0, 0, 0, 0)","(0.0, 0.0, 0.0, 0.0, -0.0)",True
5136,,"(0, 0, 0, 0, 0)","(0.0, 0.0, 0.0, -0.0, 0.0)",True
5137,,"(0, 0, 0, 0, 0)","(0.0, 0.0, -0.0, 0.0, -1.0)",False
5138,,"(0, 0, 0, -1, 0)","(0.0, -0.0, 0.0, -1.0, 0.0)",True
5139,,"(0, 0, -1, 0, 0)","(-0.0, 0.0, -1.0, 0.0, -1.0)",False
5140,,"(0, -1, 0, -1, 0)","(0.0, -1.0, 0.0, -1.0, 1.0)",False
5141,,"(-1, 0, -1, 1, 0)","(-1.0, 0.0, -1.0, 1.0, 1.0)",False
5142,,"(0, -1, 1, 1, 0)","(0.0, -1.0, 1.0, 1.0, 1.0)",False
5143,,"(-1, 1, 1, 1, 0)","(-1.0, 1.0, 1.0, 1.0, -1.0)",False
5144,,"(1, 1, 1, -1, 0)","(1.0, 1.0, 1.0, -1.0, -1.0)",False
5145,,"(1, 1, -1, -1, 0)","(1.0, 1.0, -1.0, -1.0, 0.0)",True
5146,,"(1, -1, -1, 0, 0)","(1.0, -1.0, -1.0, 0.0, 1.0)",False
5147,,"(-1, -1, 0, 1, 0)","(-1.0, -1.0, 0.0, 1.0, 1.0)",False
5148,,"(-1, 0, 1, 1, 0)","(-1.0, 0.0, 1.0, 1.0, 1.0)",False
5149,,"(0, 1, 1, 1, 0)","(0.0, 1.0, 1.0, 1.0, 0.0)",True
5150,,"(1, 1, 1, 0, 1)","(1.0, 1.0, 1.0, 0.0, -1.0)",False
5151,,"(1, 1, 0, -1, 0)","(1.0, 1.0, 0.0, -1.0, 0.0)",True
5152,,"(1, 0, -1, 0, 0)","(1.0, 0.0, -1.0, 0.0, 0.0)",True
5153,,"(0, -1, 0, 0, 0)","(0.0, -1.0, 0.0, 0.0, -0.0)",True
5154,,"(-1, 0, 0, 0, 0)","(-1.0, 0.0, 0.0, -0.0, 0.0)",True
5155,,"(0, 0, 0, 0, 0)","(0.0, 0.0, -0.0, 0.0, -0.0)",True
5156,,"(0, 0, 0, 0, 0)","(0.0, -0.0, 0.0, -0.0, 0.0)",True
5157,,"(0, 0, 0, 0, 0)","(-0.0, 0.0, -0.0, 0.0, 0.0)",True
5158,,"(0, 0, 0, 0, 0)","(0.0, -0.0, 0.0, 0.0, -0.0)",True
5159,,"(0, 0, 0, 0, 0)","(-0.0, 0.0, 0.0, -0.0, -0.0)",True
5160,,"(0, 0, 0, 0, 0)","(0.0, 0.0, -0.0, -0.0, -0.0)",True
5161,,"(0, 0, 0, 0, 0)","(0.0, -0.0, -0.0, -0.0, -1.0)",False
5162,,"(0, 0, 0, -1, 0)","(-0.0, -0.0, -0.0, -1.0, -0.0)",True
5163,,"(0, 0, -1, 0, 0)","(-0.0, -0.0, -1.0, -0.0, -0.0)",True
5164,,"(0, -1, 0, 0, 0)","(-0.0, -1.0, -0.0, -0.0, 0.0)",True
5165,,"(-1, 0, 0, 0, 0)","(-1.0, -0.0, -0.0, 0.0, 0.0)",True
5166,,"(0, 0, 0, 0, 0)","(-0.0, -0.0, 0.0, 0.0, 0.0)",True
5167,,"(0, 0, 0, 0, 0)","(-0.0, 0.0, 0.0, 0.0, -0.0)",True
5168,,"(0, 0, 0, 0, 0)","(0.0, 0.0, 0.0, -0.0, 1.0)",False
5169,,"(0, 0, 0, 1, 0)","(0.0, 0.0, -0.0, 1.0, 0.0)",True
5170,,"(0, 0, 1, 0, 0)","(0.0, -0.0, 1.0, 0.0, -1.0)",False
5171,,"(0, 1, 0, -1, 0)","(-0.0, 1.0, 0.0, -1.0, -0.0)",True
5172,,"(1, 0, -1, 0, 0)","(1.0, 0.0, -1.0, -0.0, 0.0)",True
5173,,"(0, -1, 0, 0, 0)","(0.0, -1.0, -0.0, 0.0, 0.0)",True
5174,,"(-1, 0, 0, 0, 0)","(-1.0, -0.0, 0.0, 0.0, -0.0)",True
5175,,"(0, 0, 0, 0, 0)","(-0.0, 0.0, 0.0, -0.0, 0.0)",True
5176,,"(0, 0, 0, 0, 0)","(0.0, 0.0, -0.0, 0.0, 0.0)",True
5177,,"(0, 0, 0, 0, 0)","(0.0, -0.0, 0.0, 0.0, 0.0)",True
5178,,"(0, 0, 0, 0, 0)","(-0.0, 0.0, 0.0, 0.0, 1.0)",False
5179,,"(0, 0, 0, 1, 0)","(0.0, 0.0, 0.0, 1.0, -1.0)",False
5180,,"(0, 0, 1, -1, 0)","(0.0, 0.0, 1.0, -1.0, -0.0)",True
5181,,"(0, 1, -1, 0, 0)","(0.0, 1.0, -1.0, -0.0, -1.0)",False
5182,,"(1, -1, 0, -1, 0)","(1.0, -1.0, -0.0, -1.0, 0.0)",True
5183,,"(-1, 0, -1, 0, 0)","(-1.0, -0.0, -1.0, 0.0, 1.0)",False
5184,,"(0, -1, 0, 1, 0)","(-0.0, -1.0, 0.0, 1.0, 0.0)",True
5185,,"(-1, 0, 1, 0, 0)","(-1.0, 0.0, 1.0, 0.0, 0.0)",True
5186,,"(0, 1, 0, 0, 0)","(0.0, 1.0, 0.0, 0.0, 1.0)",False
5187,,"(1, 0, 0, 1, 0)","(1.0, 0.0, 0.0, 1.0, 1.0)",False
5188,,"(0, 0, 1, 1, 1)","(0.0, 0.0, 1.0, 1.0, 0.0)",False
5189,,"(0, 1, 1, 0, 0)","(0.0, 1.0, 1.0, 0.0, -1.0)",False
5190,,"(1, 1, 0, -1, 0)","(1.0, 1.0, 0.0, -1.0, -1.0)",False
5191,,"(1, 0, -1, -1, 0)","(1.0, 0.0, -1.0, -1.0, 0.0)",True
5192,,"(0, -1, -1, 0, 0)","(0.0, -1.0, -1.0, 0.0, -1.0)",False
5193,,"(-1, -1, 0, -1, -1)","(-1.0, -1.0, 0.0, -1.0, 0.0)",False
5194,,"(-1, 0, -1, 0, -1)","(-1.0, 0.0, -1.0, 0.0, -1.0)",True
5195,,"(0, -1, 0, -1, -1)","(0.0, -1.0, 0.0, -1.0, -1.0)",True
5196,,"(-1, 0, -1, -1, -1)","(-1.0, 0.0, -1.0, -1.0, -1.0)",True
5197,,"(0, -1, -1, -1, -1)","(0.0, -1.0, -1.0, -1.0, 1.0)",False
5198,,"(-1, -1, -1, 1, 0)","(-1.0, -1.0, -1.0, 1.0, 0.0)",True
5199,,"(-1, -1, 1, 0, 0)","(-1.0, -1.0, 1.0, 0.0, -1.0)",False
5200,,"(-1, 1, 0, -1, 0)","(-1.0, 1.0, 0.0, -1.0, 1.0)",False
5201,,"(1, 0, -1, 1, 0)","(1.0, 0.0, -1.0, 1.0, 1.0)",False
5202,,"(0, -1, 1, 1, 0)","(0.0, -1.0, 1.0, 1.0, 0.0)",True
5203,,"(-1, 1, 1, 0, 0)","(-1.0, 1.0, 1.0, 0.0, -0.0)",True
5204,,"(1, 1, 0, 0, 0)","(1.0, 1.0, 0.0, -0.0, 0.0)",True
5205,,"(1, 0, 0, 0, 0)","(1.0, 0.0, -0.0, 0.0, 1.0)",False
5206,,"(0, 0, 0, 1, 0)","(0.0, -0.0, 0.0, 1.0, 0.0)",True
5207,,"(0, 0, 1, 0, 0)","(-0.0, 0.0, 1.0, 0.0, 0.0)",True
5208,,"(0, 1, 0, 0, 0)","(0.0, 1.0, 0.0, 0.0, 1.0)",False
5209,,"(1, 0, 0, 1, 0)","(1.0, 0.0, 0.0, 1.0, 0.0)",True
5210,,"(0, 0, 1, 0, 0)","(0.0, 0.0, 1.0, 0.0, 0.0)",True
5211,,"(0, 1, 0, 0, 0)","(0.0, 1.0, 0.0, 0.0, 0.0)",True
5212,,"(1, 0, 0, 0, 0)","(1.0, 0.0, 0.0, 0.0, 0.0)",True
5213,,"(0, 0, 0, 0, 0)","(0.0, 0.0, 0.0, 0.0, 0.0)",True
5214,,"(0, 0, 0, 0, 0)","(0.0, 0.0, 0.0, 0.0, 0.0)",True
5215,,"(0, 0, 0, 0, 0)","(0.0, 0.0, 0.0, 0.0, -1.0)",False
5216,,"(0, 0, 0, -1, 0)","(0.0, 0.0, 0.0, -1.0, -1.0)",False
5217,,"(0, 0, -1, -1, 0)","(0.0, 0.0, -1.0, -1.0, 0.0)",True
5218,,"(0, -1, -1, 0, 0)","(0.0, -1.0, -1.0, 0.0, 1.0)",False
5219,,"(-1, -1, 0, 1, 0)","(-1.0, -1.0, 0.0, 1.0, 0.0)",True
5220,,"(-1, 0, 1, 0, 0)","(-1.0, 0.0, 1.0, 0.0, -0.0)",True
5221,,"(0, 1, 0, 0, 0)","(0.0, 1.0, 0.0, -0.0, -0.0)",True
5222,,"(1, 0, 0, 0, 0)","(1.0, 0.0, -0.0, -0.0, -1.0)",False
5223,,"(0, 0, 0, -1, 0)","(0.0, -0.0, -0.0, -1.0, -1.0)",False
5224,,"(0, 0, -1, -1, 0)","(-0.0, -0.0, -1.0, -1.0, -0.0)",True
5225,,"(0, -1, -1, 0, 0)","(-0.0, -1.0, -1.0, -0.0, 0.0)",True
5226,,"(-1, -1, 0, 0, 0)","(-1.0, -1.0, -0.0, 0.0, 0.0)",True
5227,,"(-1, 0, 0, 0, 0)","(-1.0, -0.0, 0.0, 0.0, -0.0)",True
5228,,"(0, 0, 0, 0, 0)","(-0.0, 0.0, 0.0, -0.0, -0.0)",True
5229,,"(0, 0, 0, 0, 0)","(0.0, 0.0, -0.0, -0.0, 1.0)",False
5230,,"(0, 0, 0, 1, 0)","(0.0, -0.0, -0.0, 1.0, 1.0)",False
5231,,"(0, 0, 1, 1, 0)","(-0.0, -0.0, 1.0, 1.0, -0.0)",True
5232,,"(0, 1, 1, 0, 0)","(-0.0, 1.0, 1.0, -0.0, 0.0)",True
5233,,"(1, 1, 0, 0, 0)","(1.0, 1.0, -0.0, 0.0, 0.0)",True
5234,,"(1, 0, 0, 0, 0)","(1.0, -0.0, 0.0, 0.0, 0.0)",True
5235,,"(0, 0, 0, 0, 0)","(-0.0, 0.0, 0.0, 0.0, -0.0)",True
5236,,"(0, 0, 0, 0, 0)","(0.0, 0.0, 0.0, -0.0, 1.0)",False
5237,,"(0, 0, 0, 1, 0)","(0.0, 0.0, -0.0, 1.0, 0.0)",True
5238,,"(0, 0, 1, 0, 0)","(0.0, -0.0, 1.0, 0.0, -1.0)",False
5239,,"(0, 1, 0, -1, 0)","(-0.0, 1.0, 0.0, -1.0, 0.0)",True
5240,,"(1, 0, -1, 0, 0)","(1.0, 0.0, -1.0, 0.0, -0.0)",True
5241,,"(0, -1, 0, 0, 0)","(0.0, -1.0, 0.0, -0.0, 0.0)",True
5242,,"(-1, 0, 0, 0, 0)","(-1.0, 0.0, -0.0, 0.0, 0.0)",True
5243,,"(0, 0, 0, 0, 0)","(0.0, -0.0, 0.0, 0.0, -0.0)",True
5244,,"(0, 0, 0, 0, 0)","(-0.0, 0.0, 0.0, -0.0, -0.0)",True
5245,,"(0, 0, 0, 0, 0)","(0.0, 0.0, -0.0, -0.0, -0.0)",True
5246,,"(0, 0, 0, 0, 0)","(0.0, -0.0, -0.0, -0.0, 0.0)",True
5247,,"(0, 0, 0, 0, 0)","(-0.0, -0.0, -0.0, 0.0, 0.0)",True
5248,,"(0, 0, 0, 0, 0)","(-0.0, -0.0, 0.0, 0.0, 1.0)",False
5249,,"(0, 0, 0, 1, 0)","(-0.0, 0.0, 0.0, 1.0, 1.0)",False
5250,,"(0, 0, 1, 1, 0)","(0.0, 0.0, 1.0, 1.0, 1.0)",False
5251,,"(0, 1, 1, 1, 1)","(0.0, 1.0, 1.0, 1.0, 0.0)",False
5252,,"(1, 1, 1, 0, 1)","(1.0, 1.0, 1.0, 0.0, -1.0)",False
5253,,"(1, 1, 0, -1, 0)","(1.0, 1.0, 0.0, -1.0, -1.0)",False
5254,,"(1, 0, -1, -1, 0)","(1.0, 0.0, -1.0, -1.0, -1.0)",False
5255,,"(0, -1, -1, -1, 0)","(0.0, -1.0, -1.0, -1.0, 0.0)",True
5256,,"(-1, -1, -1, 0, -1)","(-1.0, -1.0, -1.0, 0.0, -1.0)",True
5257,,"(-1, -1, 0, -1, -1)","(-1.0, -1.0, 0.0, -1.0, 0.0)",False
5258,,"(-1, 0, -1, 0, -1)","(-1.0, 0.0, -1.0, 0.0, -1.0)",True
5259,,"(0, -1, 0, -1, -1)","(0.0, -1.0, 0.0, -1.0, 0.0)",False
5260,,"(-1, 0, -1, 0, 0)","(-1.0, 0.0, -1.0, 0.0, 1.0)",False
5261,,"(0, -1, 0, 1, 0)","(0.0, -1.0, 0.0, 1.0, 0.0)",True
5262,,"(-1, 0, 1, 0, 0)","(-1.0, 0.0, 1.0, 0.0, 0.0)",True
5263,,"(0, 1, 0, 0, 0)","(0.0, 1.0, 0.0, 0.0, -1.0)",False
5264,,"(1, 0, 0, -1, 0)","(1.0, 0.0, 0.0, -1.0, -0.0)",True
5265,,"(0, 0, -1, 0, 0)","(0.0, 0.0, -1.0, -0.0, -0.0)",True
5266,,"(0, -1, 0, 0, 0)","(0.0, -1.0, -0.0, -0.0, -0.0)",True
5267,,"(-1, 0, 0, 0, 0)","(-1.0, -0.0, -0.0, -0.0, 0.0)",True
5268,,"(0, 0, 0, 0, 0)","(-0.0, -0.0, -0.0, 0.0, 0.0)",True
5269,,"(0, 0, 0, 0, 0)","(-0.0, -0.0, 0.0, 0.0, 0.0)",True
5270,,"(0, 0, 0, 0, 0)","(-0.0, 0.0, 0.0, 0.0, 1.0)",False
5271,,"(0, 0, 0, 1, 0)","(0.0, 0.0, 0.0, 1.0, -0.0)",True
5272,,"(0, 0, 1, 0, 0)","(0.0, 0.0, 1.0, -0.0, 1.0)",False
5273,,"(0, 1, 0, 1, 0)","(0.0, 1.0, -0.0, 1.0, 0.0)",True
5274,,"(1, 0, 1, 0, 0)","(1.0, -0.0, 1.0, 0.0, -0.0)",True
5275,,"(0, 1, 0, 0, 0)","(-0.0, 1.0, 0.0, -0.0, -0.0)",True
5276,,"(1, 0, 0, 0, 0)","(1.0, 0.0, -0.0, -0.0, 0.0)",True
5277,,"(0, 0, 0, 0, 0)","(0.0, -0.0, -0.0, 0.0, 1.0)",False
5278,,"(0, 0, 0, 1, 0)","(-0.0, -0.0, 0.0, 1.0, 0.0)",True
5279,,"(0, 0, 1, 0, 0)","(-0.0, 0.0, 1.0, 0.0, 0.0)",True
5280,,"(0, 1, 0, 0, 0)","(0.0, 1.0, 0.0, 0.0, 0.0)",True
5281,,"(1, 0, 0, 0, 0)","(1.0, 0.0, 0.0, 0.0, 0.0)",True
5282,,"(0, 0, 0, 0, 0)","(0.0, 0.0, 0.0, 0.0, -1.0)",False
5283,,"(0, 0, 0, -1, 0)","(0.0, 0.0, 0.0, -1.0, 0.0)",True
5284,,"(0, 0, -1, 0, 0)","(0.0, 0.0, -1.0, 0.0, -1.0)",False
5285,,"(0, -1, 0, -1, 0)","(0.0, -1.0, 0.0, -1.0, 0.0)",True
5286,,"(-1, 0, -1, 0, 0)","(-1.0, 0.0, -1.0, 0.0, 0.0)",True
5287,,"(0, -1, 0, 0, 0)","(0.0, -1.0, 0.0, 0.0, -0.0)",True
5288,,"(-1, 0, 0, 0, 0)","(-1.0, 0.0, 0.0, -0.0, 1.0)",False
5289,,"(0, 0, 0, 1, 0)","(0.0, 0.0, -0.0, 1.0, 0.0)",True
5290,,"(0, 0, 1, 0, 0)","(0.0, -0.0, 1.0, 0.0, -1.0)",False
5291,,"(0, 1, 0, -1, 0)","(-0.0, 1.0, 0.0, -1.0, 0.0)",True
5292,,"(1, 0, -1, 0, 0)","(1.0, 0.0, -1.0, 0.0, -1.0)",False
5293,,"(0, -1, 0, -1, 0)","(0.0, -1.0, 0.0, -1.0, 1.0)",False
5294,,"(-1, 0, -1, 1, 0)","(-1.0, 0.0, -1.0, 1.0, 0.0)",True
5295,,"(0, -1, 1, 0, 0)","(0.0, -1.0, 1.0, 0.0, 0.0)",True
5296,,"(-1, 1, 0, 0, 0)","(-1.0, 1.0, 0.0, 0.0, -0.0)",True
5297,,"(1, 0, 0, 0, 0)","(1.0, 0.0, 0.0, -0.0, 0.0)",True
5298,,"(0, 0, 0, 0, 0)","(0.0, 0.0, -0.0, 0.0, -1.0)",False
5299,,"(0, 0, 0, -1, 0)","(0.0, -0.0, 0.0, -1.0, -1.0)",False
5300,,"(0, 0, -1, -1, 0)","(-0.0, 0.0, -1.0, -1.0, -1.0)",False
5301,,"(0, -1, -1, -1, -1)","(0.0, -1.0, -1.0, -1.0, 0.0)",False
5302,,"(-1, -1, -1, 0, -1)","(-1.0, -1.0, -1.0, 0.0, -1.0)",True
5303,,"(-1, -1, 0, -1, -1)","(-1.0, -1.0, 0.0, -1.0, 0.0)",False
5304,,"(-1, 0, -1, 0, -1)","(-1.0, 0.0, -1.0, 0.0, -0.0)",False
5305,,"(0, -1, 0, 0, 0)","(0.0, -1.0, 0.0, -0.0, 0.0)",True
5306,,"(-1, 0, 0, 0, 0)","(-1.0, 0.0, -0.0, 0.0, 0.0)",True
5307,,"(0, 0, 0, 0, 0)","(0.0, -0.0, 0.0, 0.0, 1.0)",False
5308,,"(0, 0, 0, 1, 0)","(-0.0, 0.0, 0.0, 1.0, 0.0)",True
5309,,"(0, 0, 1, 0, 0)","(0.0, 0.0, 1.0, 0.0, 1.0)",False
5310,,"(0, 1, 0, 1, 0)","(0.0, 1.0, 0.0, 1.0, -1.0)",False
5311,,"(1, 0, 1, -1, 0)","(1.0, 0.0, 1.0, -1.0, 0.0)",True
5312,,"(0, 1, -1, 0, 0)","(0.0, 1.0, -1.0, 0.0, 0.0)",True
5313,,"(1, -1, 0, 0, 0)","(1.0, -1.0, 0.0, 0.0, -1.0)",False
5314,,"(-1, 0, 0, -1, 0)","(-1.0, 0.0, 0.0, -1.0, -0.0)",True
5315,,"(0, 0, -1, 0, 0)","(0.0, 0.0, -1.0, -0.0, 1.0)",False
5316,,"(0, -1, 0, 1, 0)","(0.0, -1.0, -0.0, 1.0, 1.0)",False
5317,,"(-1, 0, 1, 1, 0)","(-1.0, -0.0, 1.0, 1.0, 0.0)",True
5318,,"(0, 1, 1, 0, 0)","(-0.0, 1.0, 1.0, 0.0, -1.0)",False
5319,,"(1, 1, 0, -1, 0)","(1.0, 1.0, 0.0, -1.0, -1.0)",False
5320,,"(1, 0, -1, -1, 0)","(1.0, 0.0, -1.0, -1.0, 0.0)",True
5321,,"(0, -1, -1, 0, 0)","(0.0, -1.0, -1.0, 0.0, -0.0)",True
5322,,"(-1, -1, 0, 0, 0)","(-1.0, -1.0, 0.0, -0.0, 0.0)",True
5323,,"(-1, 0, 0, 0, 0)","(-1.0, 0.0, -0.0, 0.0, 1.0)",False
5324,,"(0, 0, 0, 1, 0)","(0.0, -0.0, 0.0, 1.0, 0.0)",True
5325,,"(0, 0, 1, 0, 0)","(-0.0, 0.0, 1.0, 0.0, 0.0)",True
5326,,"(0, 1, 0, 0, 0)","(0.0, 1.0, 0.0, 0.0, -0.0)",True
5327,,"(1, 0, 0, 0, 0)","(1.0, 0.0, 0.0, -0.0, 0.0)",True
5328,,"(0, 0, 0, 0, 0)","(0.0, 0.0, -0.0, 0.0, -1.0)",False
5329,,"(0, 0, 0, -1, 0)","(0.0, -0.0, 0.0, -1.0, -1.0)",False
5330,,"(0, 0, -1, -1, 0)","(-0.0, 0.0, -1.0, -1.0, 0.0)",True
5331,,"(0, -1, -1, 0, 0)","(0.0, -1.0, -1.0, 0.0, 1.0)",False
5332,,"(-1, -1, 0, 1, 0)","(-1.0, -1.0, 0.0, 1.0, 0.0)",True
5333,,"(-1, 0, 1, 0, 0)","(-1.0, 0.0, 1.0, 0.0, 0.0)",True
5334,,"(0, 1, 0, 0, 0)","(0.0, 1.0, 0.0, 0.0, -0.0)",True
5335,,"(1, 0, 0, 0, 0)","(1.0, 0.0, 0.0, -0.0, 0.0)",True
5336,,"(0, 0, 0, 0, 0)","(0.0, 0.0, -0.0, 0.0, 1.0)",False
5337,,"(0, 0, 0, 1, 0)","(0.0, -0.0, 0.0, 1.0, 0.0)",True
5338,,"(0, 0, 1, 0, 0)","(-0.0, 0.0, 1.0, 0.0, -0.0)",True
5339,,"(0, 1, 0, 0, 0)","(0.0, 1.0, 0.0, -0.0, 0.0)",True
5340,,"(1, 0, 0, 0, 0)","(1.0, 0.0, -0.0, 0.0, -0.0)",True
5341,,"(0, 0, 0, 0, 0)","(0.0, -0.0, 0.0, -0.0, 0.0)",True
5342,,"(0, 0, 0, 0, 0)","(-0.0, 0.0, -0.0, 0.0, -0.0)",True
5343,,"(0, 0, 0, 0, 0)","(0.0, -0.0, 0.0, -0.0, -0.0)",True
5344,,"(0, 0, 0, 0, 0)","(-0.0, 0.0, -0.0, -0.0, 0.0)",True
5345,,"(0, 0, 0, 0, 0)","(0.0, -0.0, -0.0, 0.0, 0.0)",True
5346,,"(0, 0, 0, 0, 0)","(-0.0, -0.0, 0.0, 0.0, 0.0)",True
5347,,"(0, 0, 0, 0, 0)","(-0.0, 0.0, 0.0, 0.0, 0.0)",True
5348,,"(0, 0, 0, 0, 0)","(0.0, 0.0, 0.0, 0.0, -0.0)",True
5349,,"(0, 0, 0, 0, 0)","(0.0, 0.0, 0.0, -0.0, 0.0)",True
5350,,"(0, 0, 0, 0, 0)","(0.0, 0.0, -0.0, 0.0, 0.0)",True
5351,,"(0, 0, 0, 0, 0)","(0.0, -0.0, 0.0, 0.0, 0.0)",True
5352,,"(0, 0, 0, 0, 0)","(-0.0, 0.0, 0.0, 0.0, 0.0)",True
5353,,"(0, 0, 0, 0, 0)","(0.0, 0.0, 0.0, 0.0, -0.0)",True
5354,,"(0, 0, 0, 0, 0)","(0.0, 0.0, 0.0, -0.0, 0.0)",True
5355,,"(0, 0, 0, 0, 0)","(0.0, 0.0, -0.0, 0.0, -0.0)",True
5356,,"(0, 0, 0, 0, 0)","(0.0, -0.0, 0.0, -0.0, 0.0)",True
5357,,"(0, 0, 0, 0, 0)","(-0.0, 0.0, -0.0, 0.0, 0.0)",True
5358,,"(0, 0, 0, 0, 0)","(0.0, -0.0, 0.0, 0.0, 0.0)",True
5359,,"(0, 0, 0, 0, 0)","(-0.0, 0.0, 0.0, 0.0, -0.0)",True
5360,,"(0, 0, 0, 0, 0)","(0.0, 0.0, 0.0, -0.0, -0.0)",True
5361,,"(0, 0, 0, 0, 0)","(0.0, 0.0, -0.0, -0.0, 0.0)",True
5362,,"(0, 0, 0, 0, 0)","(0.0, -0.0, -0.0, 0.0, 1.0)",False
5363,,"(0, 0, 0, 1, 0)","(-0.0, -0.0, 0.0, 1.0, 0.0)",True
5364,,"(0, 0, 1, 0, 0)","(-0.0, 0.0, 1.0, 0.0, -0.0)",True
5365,,"(0, 1, 0, 0, 0)","(0.0, 1.0, 0.0, -0.0, -1.0)",False
5366,,"(1, 0, 0, -1, 0)","(1.0, 0.0, -0.0, -1.0, 0.0)",True
5367,,"(0, 0, -1, 0, 0)","(0.0, -0.0, -1.0, 0.0, 0.0)",True
5368,,"(0, -1, 0, 0, 0)","(-0.0, -1.0, 0.0, 0.0, -0.0)",True
5369,,"(-1, 0, 0, 0, 0)","(-1.0, 0.0, 0.0, -0.0, -0.0)",True
5370,,"(0, 0, 0, 0, 0)","(0.0, 0.0, -0.0, -0.0, 1.0)",False
5371,,"(0, 0, 0, 1, 0)","(0.0, -0.0, -0.0, 1.0, -0.0)",True
5372,,"(0, 0, 1, 0, 0)","(-0.0, -0.0, 1.0, -0.0, 0.0)",True
5373,,"(0, 1, 0, 0, 0)","(-0.0, 1.0, -0.0, 0.0, 1.0)",False
5374,,"(1, 0, 0, 1, 0)","(1.0, -0.0, 0.0, 1.0, 0.0)",True
5375,,"(0, 0, 1, 0, 0)","(-0.0, 0.0, 1.0, 0.0, 1.0)",False
5376,,"(0, 1, 0, 1, 0)","(0.0, 1.0, 0.0, 1.0, -0.0)",True
5377,,"(1, 0, 1, 0, 0)","(1.0, 0.0, 1.0, -0.0, -0.0)",True
5378,,"(0, 1, 0, 0, 0)","(0.0, 1.0, -0.0, -0.0, 0.0)",True
5379,,"(1, 0, 0, 0, 0)","(1.0, -0.0, -0.0, 0.0, 1.0)",False
5380,,"(0, 0, 0, 1, 0)","(-0.0, -0.0, 0.0, 1.0, 0.0)",True
5381,,"(0, 0, 1, 0, 0)","(-0.0, 0.0, 1.0, 0.0, 0.0)",True
5382,,"(0, 1, 0, 0, 0)","(0.0, 1.0, 0.0, 0.0, 0.0)",True
5383,,"(1, 0, 0, 0, 0)","(1.0, 0.0, 0.0, 0.0, -1.0)",False
5384,,"(0, 0, 0, -1, 0)","(0.0, 0.0, 0.0, -1.0, 0.0)",True
5385,,"(0, 0, -1, 0, 0)","(0.0, 0.0, -1.0, 0.0, 0.0)",True
5386,,"(0, -1, 0, 0, 0)","(0.0, -1.0, 0.0, 0.0, 0.0)",True
5387,,"(-1, 0, 0, 0, 0)","(-1.0, 0.0, 0.0, 0.0, 0.0)",True
5388,,"(0, 0, 0, 0, 0)","(0.0, 0.0, 0.0, 0.0, -1.0)",False
5389,,"(0, 0, 0, -1, 0)","(0.0, 0.0, 0.0, -1.0, -0.0)",True
5390,,"(0, 0, -1, 0, 0)","(0.0, 0.0, -1.0, -0.0, 0.0)",True
5391,,"(0, -1, 0, 0, 0)","(0.0, -1.0, -0.0, 0.0, 0.0)",True
5392,,"(-1, 0, 0, 0, 0)","(-1.0, -0.0, 0.0, 0.0, 0.0)",True
5393,,"(0, 0, 0, 0, 0)","(-0.0, 0.0, 0.0, 0.0, 0.0)",True
5394,,"(0, 0, 0, 0, 0)","(0.0, 0.0, 0.0, 0.0, 0.0)",True
5395,,"(0, 0, 0, 0, 0)","(0.0, 0.0, 0.0, 0.0, 0.0)",True
5396,,"(0, 0, 0, 0, 0)","(0.0, 0.0, 0.0, 0.0, 1.0)",False
5397,,"(0, 0, 0, 1, 0)","(0.0, 0.0, 0.0, 1.0, 0.0)",True
5398,,"(0, 0, 1, 0, 0)","(0.0, 0.0, 1.0, 0.0, -1.0)",False
5399,,"(0, 1, 0, -1, 0)","(0.0, 1.0, 0.0, -1.0, 0.0)",True
5400,,"(1, 0, -1, 0, 0)","(1.0, 0.0, -1.0, 0.0, 0.0)",True
5401,,"(0, -1, 0, 0, 0)","(0.0, -1.0, 0.0, 0.0, 0.0)",True
5402,,"(-1, 0, 0, 0, 0)","(-1.0, 0.0, 0.0, 0.0, 0.0)",True
5403,,"(0, 0, 0, 0, 0)","(0.0, 0.0, 0.0, 0.0, 0.0)",True
5404,,"(0, 0, 0, 0, 0)","(0.0, 0.0, 0.0, 0.0, -0.0)",True
5405,,"(0, 0, 0, 0, 0)","(0.0, 0.0, 0.0, -0.0, 0.0)",True
5406,,"(0, 0, 0, 0, 0)","(0.0, 0.0, -0.0, 0.0, 0.0)",True
5407,,"(0, 0, 0, 0, 0)","(0.0, -0.0, 0.0, 0.0, 0.0)",True
5408,,"(0, 0, 0, 0, 0)","(-0.0, 0.0, 0.0, 0.0, 0.0)",True
5409,,"(0, 0, 0, 0, 0)","(0.0, 0.0, 0.0, 0.0, -0.0)",True
5410,,"(0, 0, 0, 0, 0)","(0.0, 0.0, 0.0, -0.0, 1.0)",False
5411,,"(0, 0, 0, 1, 0)","(0.0, 0.0, -0.0, 1.0, 0.0)",True
5412,,"(0, 0, 1, 0, 0)","(0.0, -0.0, 1.0, 0.0, 0.0)",True
5413,,"(0, 1, 0, 0, 0)","(-0.0, 1.0, 0.0, 0.0, 0.0)",True
5414,,"(1, 0, 0, 0, 0)","(1.0, 0.0, 0.0, 0.0, 0.0)",True
5415,,"(0, 0, 0, 0, 0)","(0.0, 0.0, 0.0, 0.0, 0.0)",True
5416,,"(0, 0, 0, 0, 0)","(0.0, 0.0, 0.0, 0.0, 0.0)",True
5417,,"(0, 0, 0, 0, 0)","(0.0, 0.0, 0.0, 0.0, 0.0)",True
5418,,"(0, 0, 0, 0, 0)","(0.0, 0.0, 0.0, 0.0, -0.0)",True
5419,,"(0, 0, 0, 0, 0)","(0.0, 0.0, 0.0, -0.0, -0.0)",True
5420,,"(0, 0, 0, 0, 0)","(0.0, 0.0, -0.0, -0.0, 0.0)",True
5421,,"(0, 0, 0, 0, 0)","(0.0, -0.0, -0.0, 0.0, 0.0)",True
5422,,"(0, 0, 0, 0, 0)","(-0.0, -0.0, 0.0, 0.0, 0.0)",True
5423,,"(0, 0, 0, 0, 0)","(-0.0, 0.0, 0.0, 0.0, -0.0)",True
5424,,"(0, 0, 0, 0, 0)","(0.0, 0.0, 0.0, -0.0, -1.0)",False
5425,,"(0, 0, 0, -1, 0)","(0.0, 0.0, -0.0, -1.0, 1.0)",False
5426,,"(0, 0, -1, 1, 0)","(0.0, -0.0, -1.0, 1.0, 0.0)",True
5427,,"(0, -1, 1, 0, 0)","(-0.0, -1.0, 1.0, 0.0, -1.0)",False
5428,,"(-1, 1, 0, -1, 0)","(-1.0, 1.0, 0.0, -1.0, 0.0)",True
5429,,"(1, 0, -1, 0, 0)","(1.0, 0.0, -1.0, 0.0, 1.0)",False
5430,,"(0, -1, 0, 1, 0)","(0.0, -1.0, 0.0, 1.0, 0.0)",True
5431,,"(-1, 0, 1, 0, 0)","(-1.0, 0.0, 1.0, 0.0, 1.0)",False
5432,,"(0, 1, 0, 1, 0)","(0.0, 1.0, 0.0, 1.0, 1.0)",False
5433,,"(1, 0, 1, 1, 1)","(1.0, 0.0, 1.0, 1.0, 1.0)",True
5434,,"(0, 1, 1, 1, 1)","(0.0, 1.0, 1.0, 1.0, 0.0)",False
5435,,"(1, 1, 1, 0, 1)","(1.0, 1.0, 1.0, 0.0, 0.0)",False
5436,,"(1, 1, 0, 0, 1)","(1.0, 1.0, 0.0, 0.0, 0.0)",False
5437,,"(1, 0, 0, 0, 0)","(1.0, 0.0, 0.0, 0.0, 1.0)",False
5438,,"(0, 0, 0, 1, 0)","(0.0, 0.0, 0.0, 1.0, -0.0)",True
5439,,"(0, 0, 1, 0, 0)","(0.0, 0.0, 1.0, -0.0, 0.0)",True
5440,,"(0, 1, 0, 0, 0)","(0.0, 1.0, -0.0, 0.0, 0.0)",True
5441,,"(1, 0, 0, 0, 0)","(1.0, -0.0, 0.0, 0.0, 1.0)",False
5442,,"(0, 0, 0, 1, 0)","(-0.0, 0.0, 0.0, 1.0, 1.0)",False
5443,,"(0, 0, 1, 1, 0)","(0.0, 0.0, 1.0, 1.0, -0.0)",True
5444,,"(0, 1, 1, 0, 0)","(0.0, 1.0, 1.0, -0.0, -0.0)",True
5445,,"(1, 1, 0, 0, 0)","(1.0, 1.0, -0.0, -0.0, 0.0)",True
5446,,"(1, 0, 0, 0, 0)","(1.0, -0.0, -0.0, 0.0, 0.0)",True
5447,,"(0, 0, 0, 0, 0)","(-0.0, -0.0, 0.0, 0.0, 0.0)",True
5448,,"(0, 0, 0, 0, 0)","(-0.0, 0.0, 0.0, 0.0, 0.0)",True
5449,,"(0, 0, 0, 0, 0)","(0.0, 0.0, 0.0, 0.0, 0.0)",True
5450,,"(0, 0, 0, 0, 0)","(0.0, 0.0, 0.0, 0.0, -0.0)",True
5451,,"(0, 0, 0, 0, 0)","(0.0, 0.0, 0.0, -0.0, -0.0)",True
5452,,"(0, 0, 0, 0, 0)","(0.0, 0.0, -0.0, -0.0, 0.0)",True
5453,,"(0, 0, 0, 0, 0)","(0.0, -0.0, -0.0, 0.0, -0.0)",True
5454,,"(0, 0, 0, 0, 0)","(-0.0, -0.0, 0.0, -0.0, -0.0)",True
5455,,"(0, 0, 0, 0, 0)","(-0.0, 0.0, -0.0, -0.0, 0.0)",True
5456,,"(0, 0, 0, 0, 0)","(0.0, -0.0, -0.0, 0.0, -1.0)",False
5457,,"(0, 0, 0, -1, 0)","(-0.0, -0.0, 0.0, -1.0, 1.0)",False
5458,,"(0, 0, -1, 1, 0)","(-0.0, 0.0, -1.0, 1.0, 1.0)",False
5459,,"(0, -1, 1, 1, 0)","(0.0, -1.0, 1.0, 1.0, 0.0)",True
5460,,"(-1, 1, 1, 0, 0)","(-1.0, 1.0, 1.0, 0.0, -1.0)",False
5461,,"(1, 1, 0, -1, 0)","(1.0, 1.0, 0.0, -1.0, 1.0)",False
5462,,"(1, 0, -1, 1, 0)","(1.0, 0.0, -1.0, 1.0, -1.0)",False
5463,,"(0, -1, 1, -1, 0)","(0.0, -1.0, 1.0, -1.0, -0.0)",True
5464,,"(-1, 1, -1, 0, 0)","(-1.0, 1.0, -1.0, -0.0, -1.0)",False
5465,,"(1, -1, 0, -1, 0)","(1.0, -1.0, -0.0, -1.0, 0.0)",True
5466,,"(-1, 0, -1, 0, 0)","(-1.0, -0.0, -1.0, 0.0, -0.0)",True
5467,,"(0, -1, 0, 0, 0)","(-0.0, -1.0, 0.0, -0.0, 0.0)",True
5468,,"(-1, 0, 0, 0, 0)","(-1.0, 0.0, -0.0, 0.0, -0.0)",True
5469,,"(0, 0, 0, 0, 0)","(0.0, -0.0, 0.0, -0.0, 0.0)",True
5470,,"(0, 0, 0, 0, 0)","(-0.0, 0.0, -0.0, 0.0, -0.0)",True
5471,,"(0, 0, 0, 0, 0)","(0.0, -0.0, 0.0, -0.0, 0.0)",True
5472,,"(0, 0, 0, 0, 0)","(-0.0, 0.0, -0.0, 0.0, 0.0)",True
5473,,"(0, 0, 0, 0, 0)","(0.0, -0.0, 0.0, 0.0, 0.0)",True
5474,,"(0, 0, 0, 0, 0)","(-0.0, 0.0, 0.0, 0.0, -0.0)",True
5475,,"(0, 0, 0, 0, 0)","(0.0, 0.0, 0.0, -0.0, 0.0)",True
5476,,"(0, 0, 0, 0, 0)","(0.0, 0.0, -0.0, 0.0, 1.0)",False
5477,,"(0, 0, 0, 1, 0)","(0.0, -0.0, 0.0, 1.0, 1.0)",False
5478,,"(0, 0, 1, 1, 0)","(-0.0, 0.0, 1.0, 1.0, 0.0)",True
5479,,"(0, 1, 1, 0, 0)","(0.0, 1.0, 1.0, 0.0, 0.0)",True
5480,,"(1, 1, 0, 0, 0)","(1.0, 1.0, 0.0, 0.0, 0.0)",True
5481,,"(1, 0, 0, 0, 0)","(1.0, 0.0, 0.0, 0.0, -0.0)",True
5482,,"(0, 0, 0, 0, 0)","(0.0, 0.0, 0.0, -0.0, 0.0)",True
5483,,"(0, 0, 0, 0, 0)","(0.0, 0.0, -0.0, 0.0, -1.0)",False
5484,,"(0, 0, 0, -1, 0)","(0.0, -0.0, 0.0, -1.0, -1.0)",False
5485,,"(0, 0, -1, -1, 0)","(-0.0, 0.0, -1.0, -1.0, 0.0)",True
5486,,"(0, -1, -1, 0, 0)","(0.0, -1.0, -1.0, 0.0, 0.0)",True
5487,,"(-1, -1, 0, 0, 0)","(-1.0, -1.0, 0.0, 0.0, -0.0)",True
5488,,"(-1, 0, 0, 0, 0)","(-1.0, 0.0, 0.0, -0.0, 1.0)",False
5489,,"(0, 0, 0, 1, 0)","(0.0, 0.0, -0.0, 1.0, 0.0)",True
5490,,"(0, 0, 1, 0, 0)","(0.0, -0.0, 1.0, 0.0, 0.0)",True
5491,,"(0, 1, 0, 0, 0)","(-0.0, 1.0, 0.0, 0.0, 1.0)",False
5492,,"(1, 0, 0, 1, 0)","(1.0, 0.0, 0.0, 1.0, 0.0)",True
5493,,"(0, 0, 1, 0, 0)","(0.0, 0.0, 1.0, 0.0, 0.0)",True
5494,,"(0, 1, 0, 0, 0)","(0.0, 1.0, 0.0, 0.0, 0.0)",True
5495,,"(1, 0, 0, 0, 0)","(1.0, 0.0, 0.0, 0.0, 0.0)",True
5496,,"(0, 0, 0, 0, 0)","(0.0, 0.0, 0.0, 0.0, 1.0)",False
5497,,"(0, 0, 0, 1, 0)","(0.0, 0.0, 0.0, 1.0, 0.0)",True
5498,,"(0, 0, 1, 0, 0)","(0.0, 0.0, 1.0, 0.0, 0.0)",True
5499,,"(0, 1, 0, 0, 0)","(0.0, 1.0, 0.0, 0.0, -0.0)",True
5500,,"(1, 0, 0, 0, 0)","(1.0, 0.0, 0.0, -0.0, -0.0)",True
5501,,"(0, 0, 0, 0, 0)","(0.0, 0.0, -0.0, -0.0, 0.0)",True
5502,,"(0, 0, 0, 0, 0)","(0.0, -0.0, -0.0, 0.0, -0.0)",True
5503,,"(0, 0, 0, 0, 0)","(-0.0, -0.0, 0.0, -0.0, -1.0)",False
5504,,"(0, 0, 0, -1, 0)","(-0.0, 0.0, -0.0, -1.0, 1.0)",False
5505,,"(0, 0, -1, 1, 0)","(0.0, -0.0, -1.0, 1.0, -1.0)",False
5506,,"(0, -1, 1, -1, 0)","(-0.0, -1.0, 1.0, -1.0, 1.0)",False
5507,,"(-1, 1, -1, 1, 0)","(-1.0, 1.0, -1.0, 1.0, 0.0)",True
5508,,"(1, -1, 1, 0, 0)","(1.0, -1.0, 1.0, 0.0, 0.0)",True
5509,,"(-1, 1, 0, 0, 0)","(-1.0, 1.0, 0.0, 0.0, 0.0)",True
5510,,"(1, 0, 0, 0, 0)","(1.0, 0.0, 0.0, 0.0, 0.0)",True
5511,,"(0, 0, 0, 0, 0)","(0.0, 0.0, 0.0, 0.0, -0.0)",True
5512,,"(0, 0, 0, 0, 0)","(0.0, 0.0, 0.0, -0.0, -0.0)",True
5513,,"(0, 0, 0, 0, 0)","(0.0, 0.0, -0.0, -0.0, 0.0)",True
5514,,"(0, 0, 0, 0, 0)","(0.0, -0.0, -0.0, 0.0, 0.0)",True
5515,,"(0, 0, 0, 0, 0)","(-0.0, -0.0, 0.0, 0.0, 0.0)",True
5516,,"(0, 0, 0, 0, 0)","(-0.0, 0.0, 0.0, 0.0, 0.0)",True
5517,,"(0, 0, 0, 0, 0)","(0.0, 0.0, 0.0, 0.0, -0.0)",True
5518,,"(0, 0, 0, 0, 0)","(0.0, 0.0, 0.0, -0.0, 0.0)",True
5519,,"(0, 0, 0, 0, 0)","(0.0, 0.0, -0.0, 0.0, 0.0)",True
5520,,"(0, 0, 0, 0, 0)","(0.0, -0.0, 0.0, 0.0, -0.0)",True
5521,,"(0, 0, 0, 0, 0)","(-0.0, 0.0, 0.0, -0.0, 0.0)",True
5522,,"(0, 0, 0, 0, 0)","(0.0, 0.0, -0.0, 0.0, -0.0)",True
5523,,"(0, 0, 0, 0, 0)","(0.0, -0.0, 0.0, -0.0, -0.0)",True
5524,,"(0, 0, 0, 0, 0)","(-0.0, 0.0, -0.0, -0.0, 0.0)",True
5525,,"(0, 0, 0, 0, 0)","(0.0, -0.0, -0.0, 0.0, 0.0)",True
5526,,"(0, 0, 0, 0, 0)","(-0.0, -0.0, 0.0, 0.0, 0.0)",True
5527,,"(0, 0, 0, 0, 0)","(-0.0, 0.0, 0.0, 0.0, 0.0)",True
5528,,"(0, 0, 0, 0, 0)","(0.0, 0.0, 0.0, 0.0, 0.0)",True
5529,,"(0, 0, 0, 0, 0)","(0.0, 0.0, 0.0, 0.0, -0.0)",True
5530,,"(0, 0, 0, 0, 0)","(0.0, 0.0, 0.0, -0.0, -0.0)",True
5531,,"(0, 0, 0, 0, 0)","(0.0, 0.0, -0.0, -0.0, 0.0)",True
5532,,"(0, 0, 0, 0, 0)","(0.0, -0.0, -0.0, 0.0, 0.0)",True
5533,,"(0, 0, 0, 0, 0)","(-0.0, -0.0, 0.0, 0.0, -0.0)",True
5534,,"(0, 0, 0, 0, 0)","(-0.0, 0.0, 0.0, -0.0, 0.0)",True
5535,,"(0, 0, 0, 0, 0)","(0.0, 0.0, -0.0, 0.0, -0.0)",True
5536,,"(0, 0, 0, 0, 0)","(0.0, -0.0, 0.0, -0.0, 0.0)",True
5537,,"(0, 0, 0, 0, 0)","(-0.0, 0.0, -0.0, 0.0, -0.0)",True
5538,,"(0, 0, 0, 0, 0)","(0.0, -0.0, 0.0, -0.0, -0.0)",True
5539,,"(0, 0, 0, 0, 0)","(-0.0, 0.0, -0.0, -0.0, 0.0)",True
5540,,"(0, 0, 0, 0, 0)","(0.0, -0.0, -0.0, 0.0, -0.0)",True
5541,,"(0, 0, 0, 0, 0)","(-0.0, -0.0, 0.0, -0.0, -0.0)",True
5542,,"(0, 0, 0, 0, 0)","(-0.0, 0.0, -0.0, -0.0, -1.0)",False
5543,,"(0, 0, 0, -1, 0)","(0.0, -0.0, -0.0, -1.0, 0.0)",True
5544,,"(0, 0, -1, 0, 0)","(-0.0, -0.0, -1.0, 0.0, 0.0)",True
5545,,"(0, -1, 0, 0, 0)","(-0.0, -1.0, 0.0, 0.0, 0.0)",True
5546,,"(-1, 0, 0, 0, 0)","(-1.0, 0.0, 0.0, 0.0, 0.0)",True
5547,,"(0, 0, 0, 0, 0)","(0.0, 0.0, 0.0, 0.0, 0.0)",True
5548,,"(0, 0, 0, 0, 0)","(0.0, 0.0, 0.0, 0.0, 0.0)",True
5549,,"(0, 0, 0, 0, 0)","(0.0, 0.0, 0.0, 0.0, 1.0)",False
5550,,"(0, 0, 0, 1, 0)","(0.0, 0.0, 0.0, 1.0, -0.0)",True
5551,,"(0, 0, 1, 0, 0)","(0.0, 0.0, 1.0, -0.0, 0.0)",True
5552,,"(0, 1, 0, 0, 0)","(0.0, 1.0, -0.0, 0.0, -1.0)",False
5553,,"(1, 0, 0, -1, 0)","(1.0, -0.0, 0.0, -1.0, 0.0)",True
5554,,"(0, 0, -1, 0, 0)","(-0.0, 0.0, -1.0, 0.0, -0.0)",True
5555,,"(0, -1, 0, 0, 0)","(0.0, -1.0, 0.0, -0.0, 0.0)",True
5556,,"(-1, 0, 0, 0, 0)","(-1.0, 0.0, -0.0, 0.0, 0.0)",True
5557,,"(0, 0, 0, 0, 0)","(0.0, -0.0, 0.0, 0.0, 0.0)",True
5558,,"(0, 0, 0, 0, 0)","(-0.0, 0.0, 0.0, 0.0, -1.0)",False
5559,,"(0, 0, 0, -1, 0)","(0.0, 0.0, 0.0, -1.0, -0.0)",True
5560,,"(0, 0, -1, 0, 0)","(0.0, 0.0, -1.0, -0.0, 1.0)",False
5561,,"(0, -1, 0, 1, 0)","(0.0, -1.0, -0.0, 1.0, -1.0)",False
5562,,"(-1, 0, 1, -1, 0)","(-1.0, -0.0, 1.0, -1.0, 0.0)",True
5563,,"(0, 1, -1, 0, 0)","(-0.0, 1.0, -1.0, 0.0, 0.0)",True
5564,,"(1, -1, 0, 0, 0)","(1.0, -1.0, 0.0, 0.0, 0.0)",True
5565,,"(-1, 0, 0, 0, 0)","(-1.0, 0.0, 0.0, 0.0, 0.0)",True
5566,,"(0, 0, 0, 0, 0)","(0.0, 0.0, 0.0, 0.0, -0.0)",True
5567,,"(0, 0, 0, 0, 0)","(0.0, 0.0, 0.0, -0.0, 0.0)",True
5568,,"(0, 0, 0, 0, 0)","(0.0, 0.0, -0.0, 0.0, 0.0)",True
5569,,"(0, 0, 0, 0, 0)","(0.0, -0.0, 0.0, 0.0, 0.0)",True
5570,,"(0, 0, 0, 0, 0)","(-0.0, 0.0, 0.0, 0.0, 0.0)",True
5571,,"(0, 0, 0, 0, 0)","(0.0, 0.0, 0.0, 0.0, 0.0)",True
5572,,"(0, 0, 0, 0, 0)","(0.0, 0.0, 0.0, 0.0, 0.0)",True
5573,,"(0, 0, 0, 0, 0)","(0.0, 0.0, 0.0, 0.0, -0.0)",True
5574,,"(0, 0, 0, 0, 0)","(0.0, 0.0, 0.0, -0.0, 0.0)",True
5575,,"(0, 0, 0, 0, 0)","(0.0, 0.0, -0.0, 0.0, 1.0)",False
5576,,"(0, 0, 0, 1, 0)","(0.0, -0.0, 0.0, 1.0, -0.0)",True
5577,,"(0, 0, 1, 0, 0)","(-0.0, 0.0, 1.0, -0.0, 0.0)",True
5578,,"(0, 1, 0, 0, 0)","(0.0, 1.0, -0.0, 0.0, 0.0)",True
5579,,"(1, 0, 0, 0, 0)","(1.0, -0.0, 0.0, 0.0, 0.0)",True
5580,,"(0, 0, 0, 0, 0)","(-0.0, 0.0, 0.0, 0.0, 1.0)",False
5581,,"(0, 0, 0, 1, 0)","(0.0, 0.0, 0.0, 1.0, 0.0)",True
5582,,"(0, 0, 1, 0, 0)","(0.0, 0.0, 1.0, 0.0, 0.0)",True
5583,,"(0, 1, 0, 0, 0)","(0.0, 1.0, 0.0, 0.0, 1.0)",False
5584,,"(1, 0, 0, 1, 0)","(1.0, 0.0, 0.0, 1.0, -1.0)",False
5585,,"(0, 0, 1, -1, 0)","(0.0, 0.0, 1.0, -1.0, 0.0)",True
5586,,"(0, 1, -1, 0, 0)","(0.0, 1.0, -1.0, 0.0, 0.0)",True
5587,,"(1, -1, 0, 0, 0)","(1.0, -1.0, 0.0, 0.0, 0.0)",True
5588,,"(-1, 0, 0, 0, 0)","(-1.0, 0.0, 0.0, 0.0, 0.0)",True
5589,,"(0, 0, 0, 0, 0)","(0.0, 0.0, 0.0, 0.0, 1.0)",False
5590,,"(0, 0, 0, 1, 0)","(0.0, 0.0, 0.0, 1.0, 0.0)",True
5591,,"(0, 0, 1, 0, 0)","(0.0, 0.0, 1.0, 0.0, 0.0)",True
5592,,"(0, 1, 0, 0, 0)","(0.0, 1.0, 0.0, 0.0, 0.0)",True
5593,,"(1, 0, 0, 0, 0)","(1.0, 0.0, 0.0, 0.0, 0.0)",True
5594,,"(0, 0, 0, 0, 0)","(0.0, 0.0, 0.0, 0.0, 0.0)",True
5595,,"(0, 0, 0, 0, 0)","(0.0, 0.0, 0.0, 0.0, -0.0)",True
5596,,"(0, 0, 0, 0, 0)","(0.0, 0.0, 0.0, -0.0, -0.0)",True
5597,,"(0, 0, 0, 0, 0)","(0.0, 0.0, -0.0, -0.0, -0.0)",True
5598,,"(0, 0, 0, 0, 0)","(0.0, -0.0, -0.0, -0.0, 0.0)",True
5599,,"(0, 0, 0, 0, 0)","(-0.0, -0.0, -0.0, 0.0, 0.0)",True
5600,,"(0, 0, 0, 0, 0)","(-0.0, -0.0, 0.0, 0.0, -1.0)",False
5601,,"(0, 0, 0, -1, 0)","(-0.0, 0.0, 0.0, -1.0, 0.0)",True
5602,,"(0, 0, -1, 0, 0)","(0.0, 0.0, -1.0, 0.0, 0.0)",True
5603,,"(0, -1, 0, 0, 0)","(0.0, -1.0, 0.0, 0.0, -1.0)",False
5604,,"(-1, 0, 0, -1, 0)","(-1.0, 0.0, 0.0, -1.0, 1.0)",False
5605,,"(0, 0, -1, 1, 0)","(0.0, 0.0, -1.0, 1.0, -1.0)",False
5606,,"(0, -1, 1, -1, 0)","(0.0, -1.0, 1.0, -1.0, 0.0)",True
5607,,"(-1, 1, -1, 0, 0)","(-1.0, 1.0, -1.0, 0.0, 0.0)",True
5608,,"(1, -1, 0, 0, 0)","(1.0, -1.0, 0.0, 0.0, -1.0)",False
5609,,"(-1, 0, 0, -1, 0)","(-1.0, 0.0, 0.0, -1.0, -1.0)",False
5610,,"(0, 0, -1, -1, -1)","(0.0, 0.0, -1.0, -1.0, 1.0)",False
5611,,"(0, -1, -1, 1, 0)","(0.0, -1.0, -1.0, 1.0, -0.0)",True
5612,,"(-1, -1, 1, 0, 0)","(-1.0, -1.0, 1.0, -0.0, 0.0)",True
5613,,"(-1, 1, 0, 0, 0)","(-1.0, 1.0, -0.0, 0.0, 0.0)",True
5614,,"(1, 0, 0, 0, 0)","(1.0, -0.0, 0.0, 0.0, 0.0)",True
5615,,"(0, 0, 0, 0, 0)","(-0.0, 0.0, 0.0, 0.0, -1.0)",False
5616,,"(0, 0, 0, -1, 0)","(0.0, 0.0, 0.0, -1.0, 0.0)",True
5617,,"(0, 0, -1, 0, 0)","(0.0, 0.0, -1.0, 0.0, 0.0)",True
5618,,"(0, -1, 0, 0, 0)","(0.0, -1.0, 0.0, 0.0, -0.0)",True
5619,,"(-1, 0, 0, 0, 0)","(-1.0, 0.0, 0.0, -0.0, -1.0)",False
5620,,"(0, 0, 0, -1, 0)","(0.0, 0.0, -0.0, -1.0, 0.0)",True
5621,,"(0, 0, -1, 0, 0)","(0.0, -0.0, -1.0, 0.0, -0.0)",True
5622,,"(0, -1, 0, 0, 0)","(-0.0, -1.0, 0.0, -0.0, -0.0)",True
5623,,"(-1, 0, 0, 0, 0)","(-1.0, 0.0, -0.0, -0.0, -1.0)",False
5624,,"(0, 0, 0, -1, 0)","(0.0, -0.0, -0.0, -1.0, -0.0)",True
5625,,"(0, 0, -1, 0, 0)","(-0.0, -0.0, -1.0, -0.0, 1.0)",False
5626,,"(0, -1, 0, 1, 0)","(-0.0, -1.0, -0.0, 1.0, 1.0)",False
5627,,"(-1, 0, 1, 1, 0)","(-1.0, -0.0, 1.0, 1.0, 0.0)",True
5628,,"(0, 1, 1, 0, 0)","(-0.0, 1.0, 1.0, 0.0, 0.0)",True
5629,,"(1, 1, 0, 0, 0)","(1.0, 1.0, 0.0, 0.0, -1.0)",False
5630,,"(1, 0, 0, -1, 0)","(1.0, 0.0, 0.0, -1.0, -0.0)",True
5631,,"(0, 0, -1, 0, 0)","(0.0, 0.0, -1.0, -0.0, -0.0)",True
5632,,"(0, -1, 0, 0, 0)","(0.0, -1.0, -0.0, -0.0, -1.0)",False
5633,,"(-1, 0, 0, -1, 0)","(-1.0, -0.0, -0.0, -1.0, 0.0)",True
5634,,"(0, 0, -1, 0, 0)","(-0.0, -0.0, -1.0, 0.0, 1.0)",False
5635,,"(0, -1, 0, 1, 0)","(-0.0, -1.0, 0.0, 1.0, -0.0)",True
5636,,"(-1, 0, 1, 0, 0)","(-1.0, 0.0, 1.0, -0.0, 0.0)",True
5637,,"(0, 1, 0, 0, 0)","(0.0, 1.0, -0.0, 0.0, -1.0)",False
5638,,"(1, 0, 0, -1, 0)","(1.0, -0.0, 0.0, -1.0, -1.0)",False
5639,,"(0, 0, -1, -1, 0)","(-0.0, 0.0, -1.0, -1.0, 1.0)",False
5640,,"(0, -1, -1, 1, 0)","(0.0, -1.0, -1.0, 1.0, 0.0)",True
5641,,"(-1, -1, 1, 0, 0)","(-1.0, -1.0, 1.0, 0.0, 1.0)",False
5642,,"(-1, 1, 0, 1, 0)","(-1.0, 1.0, 0.0, 1.0, 1.0)",False
5643,,"(1, 0, 1, 1, 0)","(1.0, 0.0, 1.0, 1.0, 1.0)",False
5644,,"(0, 1, 1, 1, 1)","(0.0, 1.0, 1.0, 1.0, -1.0)",False
5645,,"(1, 1, 1, -1, 0)","(1.0, 1.0, 1.0, -1.0, 0.0)",True
5646,,"(1, 1, -1, 0, 0)","(1.0, 1.0, -1.0, 0.0, 0.0)",True
5647,,"(1, -1, 0, 0, 0)","(1.0, -1.0, 0.0, 0.0, -0.0)",True
5648,,"(-1, 0, 0, 0, 0)","(-1.0, 0.0, 0.0, -0.0, 0.0)",True
5649,,"(0, 0, 0, 0, 0)","(0.0, 0.0, -0.0, 0.0, 0.0)",True
5650,,"(0, 0, 0, 0, 0)","(0.0, -0.0, 0.0, 0.0, 0.0)",True
5651,,"(0, 0, 0, 0, 0)","(-0.0, 0.0, 0.0, 0.0, 1.0)",False
5652,,"(0, 0, 0, 1, 0)","(0.0, 0.0, 0.0, 1.0, 1.0)",False
5653,,"(0, 0, 1, 1, 0)","(0.0, 0.0, 1.0, 1.0, 0.0)",True
5654,,"(0, 1, 1, 0, 0)","(0.0, 1.0, 1.0, 0.0, -0.0)",True
5655,,"(1, 1, 0, 0, 0)","(1.0, 1.0, 0.0, -0.0, 1.0)",False
5656,,"(1, 0, 0, 1, 1)","(1.0, 0.0, -0.0, 1.0, 0.0)",False
5657,,"(0, 0, 1, 0, 0)","(0.0, -0.0, 1.0, 0.0, 0.0)",True
5658,,"(0, 1, 0, 0, 0)","(-0.0, 1.0, 0.0, 0.0, -1.0)",False
5659,,"(1, 0, 0, -1, 0)","(1.0, 0.0, 0.0, -1.0, 0.0)",True
5660,,"(0, 0, -1, 0, 0)","(0.0, 0.0, -1.0, 0.0, 0.0)",True
5661,,"(0, -1, 0, 0, 0)","(0.0, -1.0, 0.0, 0.0, 0.0)",True
5662,,"(-1, 0, 0, 0, 0)","(-1.0, 0.0, 0.0, 0.0, 0.0)",True
5663,,"(0, 0, 0, 0, 0)","(0.0, 0.0, 0.0, 0.0, -1.0)",False
5664,,"(0, 0, 0, -1, 0)","(0.0, 0.0, 0.0, -1.0, -0.0)",True
5665,,"(0, 0, -1, 0, 0)","(0.0, 0.0, -1.0, -0.0, 0.0)",True
5666,,"(0, -1, 0, 0, 0)","(0.0, -1.0, -0.0, 0.0, -1.0)",False
5667,,"(-1, 0, 0, -1, 0)","(-1.0, -0.0, 0.0, -1.0, -0.0)",True
5668,,"(0, 0, -1, 0, 0)","(-0.0, 0.0, -1.0, -0.0, -0.0)",True
5669,,"(0, -1, 0, 0, 0)","(0.0, -1.0, -0.0, -0.0, 1.0)",False
5670,,"(-1, 0, 0, 1, 0)","(-1.0, -0.0, -0.0, 1.0, -0.0)",True
5671,,"(0, 0, 1, 0, 0)","(-0.0, -0.0, 1.0, -0.0, 1.0)",False
5672,,"(0, 1, 0, 1, 0)","(-0.0, 1.0, -0.0, 1.0, 0.0)",True
5673,,"(1, 0, 1, 0, 0)","(1.0, -0.0, 1.0, 0.0, -0.0)",True
5674,,"(0, 1, 0, 0, 0)","(-0.0, 1.0, 0.0, -0.0, -0.0)",True
5675,,"(1, 0, 0, 0, 0)","(1.0, 0.0, -0.0, -0.0, 0.0)",True
5676,,"(0, 0, 0, 0, 0)","(0.0, -0.0, -0.0, 0.0, 0.0)",True
5677,,"(0, 0, 0, 0, 0)","(-0.0, -0.0, 0.0, 0.0, -0.0)",True
5678,,"(0, 0, 0, 0, 0)","(-0.0, 0.0, 0.0, -0.0, 0.0)",True
5679,,"(0, 0, 0, 0, 0)","(0.0, 0.0, -0.0, 0.0, -1.0)",False
5680,,"(0, 0, 0, -1, 0)","(0.0, -0.0, 0.0, -1.0, 0.0)",True
5681,,"(0, 0, -1, 0, 0)","(-0.0, 0.0, -1.0, 0.0, -1.0)",False
5682,,"(0, -1, 0, -1, 0)","(0.0, -1.0, 0.0, -1.0, 1.0)",False
5683,,"(-1, 0, -1, 1, 0)","(-1.0, 0.0, -1.0, 1.0, 0.0)",True
5684,,"(0, -1, 1, 0, 0)","(0.0, -1.0, 1.0, 0.0, 0.0)",True
5685,,"(-1, 1, 0, 0, 0)","(-1.0, 1.0, 0.0, 0.0, 0.0)",True
5686,,"(1, 0, 0, 0, 0)","(1.0, 0.0, 0.0, 0.0, 1.0)",False
5687,,"(0, 0, 0, 1, 0)","(0.0, 0.0, 0.0, 1.0, -1.0)",False
5688,,"(0, 0, 1, -1, 0)","(0.0, 0.0, 1.0, -1.0, -1.0)",False
5689,,"(0, 1, -1, -1, 0)","(0.0, 1.0, -1.0, -1.0, 1.0)",False
5690,,"(1, -1, -1, 1, 0)","(1.0, -1.0, -1.0, 1.0, 0.0)",True
5691,,"(-1, -1, 1, 0, 0)","(-1.0, -1.0, 1.0, 0.0, -1.0)",False
5692,,"(-1, 1, 0, -1, 0)","(-1.0, 1.0, 0.0, -1.0, -1.0)",False
5693,,"(1, 0, -1, -1, 0)","(1.0, 0.0, -1.0, -1.0, -1.0)",False
5694,,"(0, -1, -1, -1, 0)","(0.0, -1.0, -1.0, -1.0, 0.0)",True
5695,,"(-1, -1, -1, 0, -1)","(-1.0, -1.0, -1.0, 0.0, 1.0)",False
5696,,"(-1, -1, 0, 1, 0)","(-1.0, -1.0, 0.0, 1.0, 1.0)",False
5697,,"(-1, 0, 1, 1, 0)","(-1.0, 0.0, 1.0, 1.0, 1.0)",False
5698,,"(0, 1, 1, 1, 0)","(0.0, 1.0, 1.0, 1.0, 0.0)",True
5699,,"(1, 1, 1, 0, 1)","(1.0, 1.0, 1.0, 0.0, 0.0)",False
5700,,"(1, 1, 0, 0, 1)","(1.0, 1.0, 0.0, 0.0, 0.0)",False
5701,,"(1, 0, 0, 0, 0)","(1.0, 0.0, 0.0, 0.0, -1.0)",False
5702,,"(0, 0, 0, -1, 0)","(0.0, 0.0, 0.0, -1.0, 0.0)",True
5703,,"(0, 0, -1, 0, 0)","(0.0, 0.0, -1.0, 0.0, 0.0)",True
5704,,"(0, -1, 0, 0, 0)","(0.0, -1.0, 0.0, 0.0, 0.0)",True
5705,,"(-1, 0, 0, 0, 0)","(-1.0, 0.0, 0.0, 0.0, 0.0)",True
5706,,"(0, 0, 0, 0, 0)","(0.0, 0.0, 0.0, 0.0, -0.0)",True
5707,,"(0, 0, 0, 0, 0)","(0.0, 0.0, 0.0, -0.0, 0.0)",True
5708,,"(0, 0, 0, 0, 0)","(0.0, 0.0, -0.0, 0.0, 0.0)",True
5709,,"(0, 0, 0, 0, 0)","(0.0, -0.0, 0.0, 0.0, 0.0)",True
5710,,"(0, 0, 0, 0, 0)","(-0.0, 0.0, 0.0, 0.0, 0.0)",True
5711,,"(0, 0, 0, 0, 0)","(0.0, 0.0, 0.0, 0.0, 0.0)",True
5712,,"(0, 0, 0, 0, 0)","(0.0, 0.0, 0.0, 0.0, 0.0)",True
5713,,"(0, 0, 0, 0, 0)","(0.0, 0.0, 0.0, 0.0, -0.0)",True
5714,,"(0, 0, 0, 0, 0)","(0.0, 0.0, 0.0, -0.0, 0.0)",True
5715,,"(0, 0, 0, 0, 0)","(0.0, 0.0, -0.0, 0.0, 1.0)",False
5716,,"(0, 0, 0, 1, 0)","(0.0, -0.0, 0.0, 1.0, -0.0)",True
5717,,"(0, 0, 1, 0, 0)","(-0.0, 0.0, 1.0, -0.0, -1.0)",False
5718,,"(0, 1, 0, -1, 0)","(0.0, 1.0, -0.0, -1.0, 0.0)",True
5719,,"(1, 0, -1, 0, 0)","(1.0, -0.0, -1.0, 0.0, 0.0)",True
5720,,"(0, -1, 0, 0, 0)","(-0.0, -1.0, 0.0, 0.0, 0.0)",True
5721,,"(-1, 0, 0, 0, 0)","(-1.0, 0.0, 0.0, 0.0, 0.0)",True
5722,,"(0, 0, 0, 0, 0)","(0.0, 0.0, 0.0, 0.0, 0.0)",True
5723,,"(0, 0, 0, 0, 0)","(0.0, 0.0, 0.0, 0.0, -1.0)",False
5724,,"(0, 0, 0, -1, 0)","(0.0, 0.0, 0.0, -1.0, -0.0)",True
5725,,"(0, 0, -1, 0, 0)","(0.0, 0.0, -1.0, -0.0, 0.0)",True
5726,,"(0, -1, 0, 0, 0)","(0.0, -1.0, -0.0, 0.0, -1.0)",False
5727,,"(-1, 0, 0, -1, 0)","(-1.0, -0.0, 0.0, -1.0, 0.0)",True
5728,,"(0, 0, -1, 0, 0)","(-0.0, 0.0, -1.0, 0.0, 0.0)",True
5729,,"(0, -1, 0, 0, 0)","(0.0, -1.0, 0.0, 0.0, 1.0)",False
5730,,"(-1, 0, 0, 1, 0)","(-1.0, 0.0, 0.0, 1.0, -1.0)",False
5731,,"(0, 0, 1, -1, 0)","(0.0, 0.0, 1.0, -1.0, 0.0)",True
5732,,"(0, 1, -1, 0, 0)","(0.0, 1.0, -1.0, 0.0, -0.0)",True
5733,,"(1, -1, 0, 0, 0)","(1.0, -1.0, 0.0, -0.0, -0.0)",True
5734,,"(-1, 0, 0, 0, 0)","(-1.0, 0.0, -0.0, -0.0, 0.0)",True
5735,,"(0, 0, 0, 0, 0)","(0.0, -0.0, -0.0, 0.0, -0.0)",True
5736,,"(0, 0, 0, 0, 0)","(-0.0, -0.0, 0.0, -0.0, 1.0)",False
5737,,"(0, 0, 0, 1, 0)","(-0.0, 0.0, -0.0, 1.0, -0.0)",True
5738,,"(0, 0, 1, 0, 0)","(0.0, -0.0, 1.0, -0.0, 0.0)",True
5739,,"(0, 1, 0, 0, 0)","(-0.0, 1.0, -0.0, 0.0, 0.0)",True
5740,,"(1, 0, 0, 0, 0)","(1.0, -0.0, 0.0, 0.0, -0.0)",True
5741,,"(0, 0, 0, 0, 0)","(-0.0, 0.0, 0.0, -0.0, 0.0)",True
5742,,"(0, 0, 0, 0, 0)","(0.0, 0.0, -0.0, 0.0, 0.0)",True
5743,,"(0, 0, 0, 0, 0)","(0.0, -0.0, 0.0, 0.0, 0.0)",True
5744,,"(0, 0, 0, 0, 0)","(-0.0, 0.0, 0.0, 0.0, -0.0)",True
5745,,"(0, 0, 0, 0, 0)","(0.0, 0.0, 0.0, -0.0, 0.0)",True
5746,,"(0, 0, 0, 0, 0)","(0.0, 0.0, -0.0, 0.0, 1.0)",False
5747,,"(0, 0, 0, 1, 0)","(0.0, -0.0, 0.0, 1.0, 0.0)",True
5748,,"(0, 0, 1, 0, 0)","(-0.0, 0.0, 1.0, 0.0, 0.0)",True
5749,,"(0, 1, 0, 0, 0)","(0.0, 1.0, 0.0, 0.0, -0.0)",True
5750,,"(1, 0, 0, 0, 0)","(1.0, 0.0, 0.0, -0.0, 0.0)",True
5751,,"(0, 0, 0, 0, 0)","(0.0, 0.0, -0.0, 0.0, -0.0)",True
5752,,"(0, 0, 0, 0, 0)","(0.0, -0.0, 0.0, -0.0, 0.0)",True
5753,,"(0, 0, 0, 0, 0)","(-0.0, 0.0, -0.0, 0.0, -1.0)",False
5754,,"(0, 0, 0, -1, 0)","(0.0, -0.0, 0.0, -1.0, -1.0)",False
5755,,"(0, 0, -1, -1, 0)","(-0.0, 0.0, -1.0, -1.0, 0.0)",True
5756,,"(0, -1, -1, 0, 0)","(0.0, -1.0, -1.0, 0.0, -0.0)",True
5757,,"(-1, -1, 0, 0, 0)","(-1.0, -1.0, 0.0, -0.0, 0.0)",True
5758,,"(-1, 0, 0, 0, 0)","(-1.0, 0.0, -0.0, 0.0, -0.0)",True
5759,,"(0, 0, 0, 0, 0)","(0.0, -0.0, 0.0, -0.0, 0.0)",True
5760,,"(0, 0, 0, 0, 0)","(-0.0, 0.0, -0.0, 0.0, -0.0)",True
5761,,"(0, 0, 0, 0, 0)","(0.0, -0.0, 0.0, -0.0, -0.0)",True
5762,,"(0, 0, 0, 0, 0)","(-0.0, 0.0, -0.0, -0.0, 0.0)",True
5763,,"(0, 0, 0, 0, 0)","(0.0, -0.0, -0.0, 0.0, -1.0)",False
5764,,"(0, 0, 0, -1, 0)","(-0.0, -0.0, 0.0, -1.0, 0.0)",True
5765,,"(0, 0, -1, 0, 0)","(-0.0, 0.0, -1.0, 0.0, 1.0)",False
5766,,"(0, -1, 0, 1, 0)","(0.0, -1.0, 0.0, 1.0, -1.0)",False
5767,,"(-1, 0, 1, -1, 0)","(-1.0, 0.0, 1.0, -1.0, -0.0)",True
5768,,"(0, 1, -1, 0, 0)","(0.0, 1.0, -1.0, -0.0, -0.0)",True
5769,,"(1, -1, 0, 0, 0)","(1.0, -1.0, -0.0, -0.0, 0.0)",True
5770,,"(-1, 0, 0, 0, 0)","(-1.0, -0.0, -0.0, 0.0, -0.0)",True
5771,,"(0, 0, 0, 0, 0)","(-0.0, -0.0, 0.0, -0.0, 0.0)",True
5772,,"(0, 0, 0, 0, 0)","(-0.0, 0.0, -0.0, 0.0, 0.0)",True
5773,,"(0, 0, 0, 0, 0)","(0.0, -0.0, 0.0, 0.0, -1.0)",False
5774,,"(0, 0, 0, -1, 0)","(-0.0, 0.0, 0.0, -1.0, 0.0)",True
5775,,"(0, 0, -1, 0, 0)","(0.0, 0.0, -1.0, 0.0, -1.0)",False
5776,,"(0, -1, 0, -1, 0)","(0.0, -1.0, 0.0, -1.0, -1.0)",False
5777,,"(-1, 0, -1, -1, -1)","(-1.0, 0.0, -1.0, -1.0, -0.0)",False
5778,,"(0, -1, -1, 0, -1)","(0.0, -1.0, -1.0, -0.0, 0.0)",False
5779,,"(-1, -1, 0, 0, 0)","(-1.0, -1.0, -0.0, 0.0, -0.0)",True
5780,,"(-1, 0, 0, 0, 0)","(-1.0, -0.0, 0.0, -0.0, -1.0)",False
5781,,"(0, 0, 0, -1, 0)","(-0.0, 0.0, -0.0, -1.0, 0.0)",True
5782,,"(0, 0, -1, 0, 0)","(0.0, -0.0, -1.0, 0.0, 1.0)",False
5783,,"(0, -1, 0, 1, 0)","(-0.0, -1.0, 0.0, 1.0, 1.0)",False
5784,,"(-1, 0, 1, 1, 0)","(-1.0, 0.0, 1.0, 1.0, -1.0)",False
5785,,"(0, 1, 1, -1, 0)","(0.0, 1.0, 1.0, -1.0, -0.0)",True
5786,,"(1, 1, -1, 0, 0)","(1.0, 1.0, -1.0, -0.0, 0.0)",True
5787,,"(1, -1, 0, 0, 0)","(1.0, -1.0, -0.0, 0.0, 0.0)",True
5788,,"(-1, 0, 0, 0, 0)","(-1.0, -0.0, 0.0, 0.0, 0.0)",True
5789,,"(0, 0, 0, 0, 0)","(-0.0, 0.0, 0.0, 0.0, -0.0)",True
5790,,"(0, 0, 0, 0, 0)","(0.0, 0.0, 0.0, -0.0, 0.0)",True
5791,,"(0, 0, 0, 0, 0)","(0.0, 0.0, -0.0, 0.0, 0.0)",True
5792,,"(0, 0, 0, 0, 0)","(0.0, -0.0, 0.0, 0.0, 0.0)",True
5793,,"(0, 0, 0, 0, 0)","(-0.0, 0.0, 0.0, 0.0, -0.0)",True
5794,,"(0, 0, 0, 0, 0)","(0.0, 0.0, 0.0, -0.0, 0.0)",True
5795,,"(0, 0, 0, 0, 0)","(0.0, 0.0, -0.0, 0.0, 1.0)",False
5796,,"(0, 0, 0, 1, 0)","(0.0, -0.0, 0.0, 1.0, 1.0)",False
5797,,"(0, 0, 1, 1, 0)","(-0.0, 0.0, 1.0, 1.0, 0.0)",True
5798,,"(0, 1, 1, 0, 0)","(0.0, 1.0, 1.0, 0.0, 0.0)",True
5799,,"(1, 1, 0, 0, 0)","(1.0, 1.0, 0.0, 0.0, 0.0)",True
5800,,"(1, 0, 0, 0, 0)","(1.0, 0.0, 0.0, 0.0, 0.0)",True
5801,,"(0, 0, 0, 0, 0)","(0.0, 0.0, 0.0, 0.0, 0.0)",True
5802,,"(0, 0, 0, 0, 0)","(0.0, 0.0, 0.0, 0.0, -0.0)",True
5803,,"(0, 0, 0, 0, 0)","(0.0, 0.0, 0.0, -0.0, 0.0)",True
5804,,"(0, 0, 0, 0, 0)","(0.0, 0.0, -0.0, 0.0, 0.0)",True
5805,,"(0, 0, 0, 0, 0)","(0.0, -0.0, 0.0, 0.0, -1.0)",False
5806,,"(0, 0, 0, -1, 0)","(-0.0, 0.0, 0.0, -1.0, -0.0)",True
5807,,"(0, 0, -1, 0, 0)","(0.0, 0.0, -1.0, -0.0, -1.0)",False
5808,,"(0, -1, 0, -1, 0)","(0.0, -1.0, -0.0, -1.0, -0.0)",True
5809,,"(-1, 0, -1, 0, 0)","(-1.0, -0.0, -1.0, -0.0, -0.0)",True
5810,,"(0, -1, 0, 0, 0)","(-0.0, -1.0, -0.0, -0.0, 0.0)",True
5811,,"(-1, 0, 0, 0, 0)","(-1.0, -0.0, -0.0, 0.0, 0.0)",True
5812,,"(0, 0, 0, 0, 0)","(-0.0, -0.0, 0.0, 0.0, 1.0)",False
5813,,"(0, 0, 0, 1, 0)","(-0.0, 0.0, 0.0, 1.0, 1.0)",False
5814,,"(0, 0, 1, 1, 0)","(0.0, 0.0, 1.0, 1.0, -0.0)",True
5815,,"(0, 1, 1, 0, 0)","(0.0, 1.0, 1.0, -0.0, 0.0)",True
5816,,"(1, 1, 0, 0, 0)","(1.0, 1.0, -0.0, 0.0, -1.0)",False
5817,,"(1, 0, 0, -1, 0)","(1.0, -0.0, 0.0, -1.0, 0.0)",True
5818,,"(0, 0, -1, 0, 0)","(-0.0, 0.0, -1.0, 0.0, 0.0)",True
5819,,"(0, -1, 0, 0, 0)","(0.0, -1.0, 0.0, 0.0, 0.0)",True
5820,,"(-1, 0, 0, 0, 0)","(-1.0, 0.0, 0.0, 0.0, 0.0)",True
5821,,"(0, 0, 0, 0, 0)","(0.0, 0.0, 0.0, 0.0, 1.0)",False
5822,,"(0, 0, 0, 1, 0)","(0.0, 0.0, 0.0, 1.0, 0.0)",True
5823,,"(0, 0, 1, 0, 0)","(0.0, 0.0, 1.0, 0.0, 0.0)",True
5824,,"(0, 1, 0, 0, 0)","(0.0, 1.0, 0.0, 0.0, 1.0)",False
5825,,"(1, 0, 0, 1, 0)","(1.0, 0.0, 0.0, 1.0, 0.0)",True
5826,,"(0, 0, 1, 0, 0)","(0.0, 0.0, 1.0, 0.0, 1.0)",False
5827,,"(0, 1, 0, 1, 0)","(0.0, 1.0, 0.0, 1.0, -0.0)",True
5828,,"(1, 0, 1, 0, 0)","(1.0, 0.0, 1.0, -0.0, -1.0)",False
5829,,"(0, 1, 0, -1, 0)","(0.0, 1.0, -0.0, -1.0, -0.0)",True
5830,,"(1, 0, -1, 0, 0)","(1.0, -0.0, -1.0, -0.0, -0.0)",True
5831,,"(0, -1, 0, 0, 0)","(-0.0, -1.0, -0.0, -0.0, -0.0)",True
5832,,"(-1, 0, 0, 0, 0)","(-1.0, -0.0, -0.0, -0.0, 0.0)",True
5833,,"(0, 0, 0, 0, 0)","(-0.0, -0.0, -0.0, 0.0, -0.0)",True
5834,,"(0, 0, 0, 0, 0)","(-0.0, -0.0, 0.0, -0.0, 1.0)",False
5835,,"(0, 0, 0, 1, 0)","(-0.0, 0.0, -0.0, 1.0, 1.0)",False
5836,,"(0, 0, 1, 1, 0)","(0.0, -0.0, 1.0, 1.0, 0.0)",True
5837,,"(0, 1, 1, 0, 0)","(-0.0, 1.0, 1.0, 0.0, 0.0)",True
5838,,"(1, 1, 0, 0, 0)","(1.0, 1.0, 0.0, 0.0, -1.0)",False
5839,,"(1, 0, 0, -1, 0)","(1.0, 0.0, 0.0, -1.0, 0.0)",True
5840,,"(0, 0, -1, 0, 0)","(0.0, 0.0, -1.0, 0.0, 0.0)",True
5841,,"(0, -1, 0, 0, 0)","(0.0, -1.0, 0.0, 0.0, 0.0)",True
5842,,"(-1, 0, 0, 0, 0)","(-1.0, 0.0, 0.0, 0.0, 0.0)",True
5843,,"(0, 0, 0, 0, 0)","(0.0, 0.0, 0.0, 0.0, 0.0)",True
5844,,"(0, 0, 0, 0, 0)","(0.0, 0.0, 0.0, 0.0, -0.0)",True
5845,,"(0, 0, 0, 0, 0)","(0.0, 0.0, 0.0, -0.0, 0.0)",True
5846,,"(0, 0, 0, 0, 0)","(0.0, 0.0, -0.0, 0.0, -0.0)",True
5847,,"(0, 0, 0, 0, 0)","(0.0, -0.0, 0.0, -0.0, 0.0)",True
5848,,"(0, 0, 0, 0, 0)","(-0.0, 0.0, -0.0, 0.0, 0.0)",True
5849,,"(0, 0, 0, 0, 0)","(0.0, -0.0, 0.0, 0.0, 0.0)",True
5850,,"(0, 0, 0, 0, 0)","(-0.0, 0.0, 0.0, 0.0, -0.0)",True
5851,,"(0, 0, 0, 0, 0)","(0.0, 0.0, 0.0, -0.0, -0.0)",True
5852,,"(0, 0, 0, 0, 0)","(0.0, 0.0, -0.0, -0.0, -0.0)",True
5853,,"(0, 0, 0, 0, 0)","(0.0, -0.0, -0.0, -0.0, -1.0)",False
5854,,"(0, 0, 0, -1, 0)","(-0.0, -0.0, -0.0, -1.0, 0.0)",True
5855,,"(0, 0, -1, 0, 0)","(-0.0, -0.0, -1.0, 0.0, 1.0)",False
5856,,"(0, -1, 0, 1, 0)","(-0.0, -1.0, 0.0, 1.0, -0.0)",True
5857,,"(-1, 0, 1, 0, 0)","(-1.0, 0.0, 1.0, -0.0, -0.0)",True
5858,,"(0, 1, 0, 0, 0)","(0.0, 1.0, -0.0, -0.0, 0.0)",True
5859,,"(1, 0, 0, 0, 0)","(1.0, -0.0, -0.0, 0.0, 0.0)",True
5860,,"(0, 0, 0, 0, 0)","(-0.0, -0.0, 0.0, 0.0, 0.0)",True
5861,,"(0, 0, 0, 0, 0)","(-0.0, 0.0, 0.0, 0.0, 0.0)",True
5862,,"(0, 0, 0, 0, 0)","(0.0, 0.0, 0.0, 0.0, 0.0)",True
5863,,"(0, 0, 0, 0, 0)","(0.0, 0.0, 0.0, 0.0, 1.0)",False
5864,,"(0, 0, 0, 1, 0)","(0.0, 0.0, 0.0, 1.0, 0.0)",True
5865,,"(0, 0, 1, 0, 0)","(0.0, 0.0, 1.0, 0.0, 0.0)",True
5866,,"(0, 1, 0, 0, 0)","(0.0, 1.0, 0.0, 0.0, 0.0)",True
5867,,"(1, 0, 0, 0, 0)","(1.0, 0.0, 0.0, 0.0, 0.0)",True
5868,,"(0, 0, 0, 0, 0)","(0.0, 0.0, 0.0, 0.0, 0.0)",True
5869,,"(0, 0, 0, 0, 0)","(0.0, 0.0, 0.0, 0.0, 0.0)",True
5870,,"(0, 0, 0, 0, 0)","(0.0, 0.0, 0.0, 0.0, 0.0)",True
5871,,"(0, 0, 0, 0, 0)","(0.0, 0.0, 0.0, 0.0, -0.0)",True
5872,,"(0, 0, 0, 0, 0)","(0.0, 0.0, 0.0, -0.0, -0.0)",True
5873,,"(0, 0, 0, 0, 0)","(0.0, 0.0, -0.0, -0.0, -0.0)",True
5874,,"(0, 0, 0, 0, 0)","(0.0, -0.0, -0.0, -0.0, -0.0)",True
5875,,"(0, 0, 0, 0, 0)","(-0.0, -0.0, -0.0, -0.0, 0.0)",True
5876,,"(0, 0, 0, 0, 0)","(-0.0, -0.0, -0.0, 0.0, 0.0)",True
5877,,"(0, 0, 0, 0, 0)","(-0.0, -0.0, 0.0, 0.0, 0.0)",True
5878,,"(0, 0, 0, 0, 0)","(-0.0, 0.0, 0.0, 0.0, -0.0)",True
5879,,"(0, 0, 0, 0, 0)","(0.0, 0.0, 0.0, -0.0, -0.0)",True
5880,,"(0, 0, 0, 0, 0)","(0.0, 0.0, -0.0, -0.0, 1.0)",False
5881,,"(0, 0, 0, 1, 0)","(0.0, -0.0, -0.0, 1.0, 0.0)",True
5882,,"(0, 0, 1, 0, 0)","(-0.0, -0.0, 1.0, 0.0, 0.0)",True
5883,,"(0, 1, 0, 0, 0)","(-0.0, 1.0, 0.0, 0.0, 0.0)",True
5884,,"(1, 0, 0, 0, 0)","(1.0, 0.0, 0.0, 0.0, -1.0)",False
5885,,"(0, 0, 0, -1, 0)","(0.0, 0.0, 0.0, -1.0, -1.0)",False
5886,,"(0, 0, -1, -1, 0)","(0.0, 0.0, -1.0, -1.0, 0.0)",True
5887,,"(0, -1, -1, 0, 0)","(0.0, -1.0, -1.0, 0.0, 0.0)",True
5888,,"(-1, -1, 0, 0, 0)","(-1.0, -1.0, 0.0, 0.0, -0.0)",True
5889,,"(-1, 0, 0, 0, 0)","(-1.0, 0.0, 0.0, -0.0, 0.0)",True
5890,,"(0, 0, 0, 0, 0)","(0.0, 0.0, -0.0, 0.0, 0.0)",True
5891,,"(0, 0, 0, 0, 0)","(0.0, -0.0, 0.0, 0.0, 0.0)",True
5892,,"(0, 0, 0, 0, 0)","(-0.0, 0.0, 0.0, 0.0, 0.0)",True
5893,,"(0, 0, 0, 0, 0)","(0.0, 0.0, 0.0, 0.0, 0.0)",True
5894,,"(0, 0, 0, 0, 0)","(0.0, 0.0, 0.0, 0.0, 0.0)",True
5895,,"(0, 0, 0, 0, 0)","(0.0, 0.0, 0.0, 0.0, 0.0)",True
5896,,"(0, 0, 0, 0, 0)","(0.0, 0.0, 0.0, 0.0, -0.0)",True
5897,,"(0, 0, 0, 0, 0)","(0.0, 0.0, 0.0, -0.0, 0.0)",True
5898,,"(0, 0, 0, 0, 0)","(0.0, 0.0, -0.0, 0.0, 0.0)",True
5899,,"(0, 0, 0, 0, 0)","(0.0, -0.0, 0.0, 0.0, 0.0)",True
5900,,"(0, 0, 0, 0, 0)","(-0.0, 0.0, 0.0, 0.0, -0.0)",True
5901,,"(0, 0, 0, 0, 0)","(0.0, 0.0, 0.0, -0.0, 0.0)",True
5902,,"(0, 0, 0, 0, 0)","(0.0, 0.0, -0.0, 0.0, 1.0)",False
5903,,"(0, 0, 0, 1, 0)","(0.0, -0.0, 0.0, 1.0, 0.0)",True
5904,,"(0, 0, 1, 0, 0)","(-0.0, 0.0, 1.0, 0.0, -0.0)",True
5905,,"(0, 1, 0, 0, 0)","(0.0, 1.0, 0.0, -0.0, 0.0)",True
5906,,"(1, 0, 0, 0, 0)","(1.0, 0.0, -0.0, 0.0, 0.0)",True
5907,,"(0, 0, 0, 0, 0)","(0.0, -0.0, 0.0, 0.0, 0.0)",True
5908,,"(0, 0, 0, 0, 0)","(-0.0, 0.0, 0.0, 0.0, 0.0)",True
5909,,"(0, 0, 0, 0, 0)","(0.0, 0.0, 0.0, 0.0, 0.0)",True
5910,,"(0, 0, 0, 0, 0)","(0.0, 0.0, 0.0, 0.0, 0.0)",True
5911,,"(0, 0, 0, 0, 0)","(0.0, 0.0, 0.0, 0.0, 0.0)",True
5912,,"(0, 0, 0, 0, 0)","(0.0, 0.0, 0.0, 0.0, 0.0)",True
5913,,"(0, 0, 0, 0, 0)","(0.0, 0.0, 0.0, 0.0, -0.0)",True
5914,,"(0, 0, 0, 0, 0)","(0.0, 0.0, 0.0, -0.0, 0.0)",True
5915,,"(0, 0, 0, 0, 0)","(0.0, 0.0, -0.0, 0.0, 0.0)",True
5916,,"(0, 0, 0, 0, 0)","(0.0, -0.0, 0.0, 0.0, -0.0)",True
5917,,"(0, 0, 0, 0, 0)","(-0.0, 0.0, 0.0, -0.0, 0.0)",True
5918,,"(0, 0, 0, 0, 0)","(0.0, 0.0, -0.0, 0.0, -0.0)",True
5919,,"(0, 0, 0, 0, 0)","(0.0, -0.0, 0.0, -0.0, 0.0)",True
5920,,"(0, 0, 0, 0, 0)","(-0.0, 0.0, -0.0, 0.0, 0.0)",True
5921,,"(0, 0, 0, 0, 0)","(0.0, -0.0, 0.0, 0.0, 0.0)",True
5922,,"(0, 0, 0, 0, 0)","(-0.0, 0.0, 0.0, 0.0, 0.0)",True
5923,,"(0, 0, 0, 0, 0)","(0.0, 0.0, 0.0, 0.0, 0.0)",True
5924,,"(0, 0, 0, 0, 0)","(0.0, 0.0, 0.0, 0.0, 0.0)",True
5925,,"(0, 0, 0, 0, 0)","(0.0, 0.0, 0.0, 0.0, 0.0)",True
5926,,"(0, 0, 0, 0, 0)","(0.0, 0.0, 0.0, 0.0, -0.0)",True
5927,,"(0, 0, 0, 0, 0)","(0.0, 0.0, 0.0, -0.0, -0.0)",True
5928,,"(0, 0, 0, 0, 0)","(0.0, 0.0, -0.0, -0.0, 1.0)",False
5929,,"(0, 0, 0, 1, 0)","(0.0, -0.0, -0.0, 1.0, -1.0)",False
5930,,"(0, 0, 1, -1, 0)","(-0.0, -0.0, 1.0, -1.0, 0.0)",True
5931,,"(0, 1, -1, 0, 0)","(-0.0, 1.0, -1.0, 0.0, 0.0)",True
5932,,"(1, -1, 0, 0, 0)","(1.0, -1.0, 0.0, 0.0, 0.0)",True
5933,,"(-1, 0, 0, 0, 0)","(-1.0, 0.0, 0.0, 0.0, 0.0)",True
5934,,"(0, 0, 0, 0, 0)","(0.0, 0.0, 0.0, 0.0, 0.0)",True
5935,,"(0, 0, 0, 0, 0)","(0.0, 0.0, 0.0, 0.0, 0.0)",True
5936,,"(0, 0, 0, 0, 0)","(0.0, 0.0, 0.0, 0.0, 0.0)",True
5937,,"(0, 0, 0, 0, 0)","(0.0, 0.0, 0.0, 0.0, -0.0)",True
5938,,"(0, 0, 0, 0, 0)","(0.0, 0.0, 0.0, -0.0, 0.0)",True
5939,,"(0, 0, 0, 0, 0)","(0.0, 0.0, -0.0, 0.0, 0.0)",True
5940,,"(0, 0, 0, 0, 0)","(0.0, -0.0, 0.0, 0.0, 0.0)",True
5941,,"(0, 0, 0, 0, 0)","(-0.0, 0.0, 0.0, 0.0, 0.0)",True
5942,,"(0, 0, 0, 0, 0)","(0.0, 0.0, 0.0, 0.0, -0.0)",True
5943,,"(0, 0, 0, 0, 0)","(0.0, 0.0, 0.0, -0.0, 0.0)",True
5944,,"(0, 0, 0, 0, 0)","(0.0, 0.0, -0.0, 0.0, 0.0)",True
5945,,"(0, 0, 0, 0, 0)","(0.0, -0.0, 0.0, 0.0, -0.0)",True
5946,,"(0, 0, 0, 0, 0)","(-0.0, 0.0, 0.0, -0.0, 0.0)",True
5947,,"(0, 0, 0, 0, 0)","(0.0, 0.0, -0.0, 0.0, 0.0)",True
5948,,"(0, 0, 0, 0, 0)","(0.0, -0.0, 0.0, 0.0, 0.0)",True
5949,,"(0, 0, 0, 0, 0)","(-0.0, 0.0, 0.0, 0.0, 0.0)",True
5950,,"(0, 0, 0, 0, 0)","(0.0, 0.0, 0.0, 0.0, 0.0)",True
5951,,"(0, 0, 0, 0, 0)","(0.0, 0.0, 0.0, 0.0, -0.0)",True
5952,,"(0, 0, 0, 0, 0)","(0.0, 0.0, 0.0, -0.0, -0.0)",True
5953,,"(0, 0, 0, 0, 0)","(0.0, 0.0, -0.0, -0.0, 0.0)",True
5954,,"(0, 0, 0, 0, 0)","(0.0, -0.0, -0.0, 0.0, 0.0)",True
5955,,"(0, 0, 0, 0, 0)","(-0.0, -0.0, 0.0, 0.0, 0.0)",True
5956,,"(0, 0, 0, 0, 0)","(-0.0, 0.0, 0.0, 0.0, 1.0)",False
5957,,"(0, 0, 0, 1, 0)","(0.0, 0.0, 0.0, 1.0, -1.0)",False
5958,,"(0, 0, 1, -1, 0)","(0.0, 0.0, 1.0, -1.0, 1.0)",False
5959,,"(0, 1, -1, 1, 0)","(0.0, 1.0, -1.0, 1.0, 0.0)",True
5960,,"(1, -1, 1, 0, 0)","(1.0, -1.0, 1.0, 0.0, 0.0)",True
5961,,"(-1, 1, 0, 0, 0)","(-1.0, 1.0, 0.0, 0.0, 0.0)",True
5962,,"(1, 0, 0, 0, 0)","(1.0, 0.0, 0.0, 0.0, 0.0)",True
5963,,"(0, 0, 0, 0, 0)","(0.0, 0.0, 0.0, 0.0, 0.0)",True
5964,,"(0, 0, 0, 0, 0)","(0.0, 0.0, 0.0, 0.0, 0.0)",True
5965,,"(0, 0, 0, 0, 0)","(0.0, 0.0, 0.0, 0.0, 0.0)",True
5966,,"(0, 0, 0, 0, 0)","(0.0, 0.0, 0.0, 0.0, 0.0)",True
5967,,"(0, 0, 0, 0, 0)","(0.0, 0.0, 0.0, 0.0, 0.0)",True
5968,,"(0, 0, 0, 0, 0)","(0.0, 0.0, 0.0, 0.0, 0.0)",True
5969,,"(0, 0, 0, 0, 0)","(0.0, 0.0, 0.0, 0.0, 0.0)",True
5970,,"(0, 0, 0, 0, 0)","(0.0, 0.0, 0.0, 0.0, 0.0)",True
5971,,"(0, 0, 0, 0, 0)","(0.0, 0.0, 0.0, 0.0, 0.0)",True
5972,,"(0, 0, 0, 0, 0)","(0.0, 0.0, 0.0, 0.0, 0.0)",True
5973,,"(0, 0, 0, 0, 0)","(0.0, 0.0, 0.0, 0.0, 0.0)",True
5974,,"(0, 0, 0, 0, 0)","(0.0, 0.0, 0.0, 0.0, 0.0)",True
5975,,"(0, 0, 0, 0, 0)","(0.0, 0.0, 0.0, 0.0, 0.0)",True
5976,,"(0, 0, 0, 0, 0)","(0.0, 0.0, 0.0, 0.0, 0.0)",True
5977,,"(0, 0, 0, 0, 0)","(0.0, 0.0, 0.0, 0.0, 0.0)",True
5978,,"(0, 0, 0, 0, 0)","(0.0, 0.0, 0.0, 0.0, 0.0)",True
5979,,"(0, 0, 0, 0, 0)","(0.0, 0.0, 0.0, 0.0, -0.0)",True
5980,,"(0, 0, 0, 0, 0)","(0.0, 0.0, 0.0, -0.0, 0.0)",True
5981,,"(0, 0, 0, 0, 0)","(0.0, 0.0, -0.0, 0.0, 0.0)",True
5982,,"(0, 0, 0, 0, 0)","(0.0, -0.0, 0.0, 0.0, 0.0)",True
5983,,"(0, 0, 0, 0, 0)","(-0.0, 0.0, 0.0, 0.0, 0.0)",True
5984,,"(0, 0, 0, 0, 0)","(0.0, 0.0, 0.0, 0.0, 0.0)",True
5985,,"(0, 0, 0, 0, 0)","(0.0, 0.0, 0.0, 0.0, 0.0)",True
5986,,"(0, 0, 0, 0, 0)","(0.0, 0.0, 0.0, 0.0, 0.0)",True
5987,,"(0, 0, 0, 0, 0)","(0.0, 0.0, 0.0, 0.0, -0.0)",True
5988,,"(0, 0, 0, 0, 0)","(0.0, 0.0, 0.0, -0.0, -0.0)",True
5989,,"(0, 0, 0, 0, 0)","(0.0, 0.0, -0.0, -0.0, 0.0)",True
5990,,"(0, 0, 0, 0, 0)","(0.0, -0.0, -0.0, 0.0, 0.0)",True
5991,,"(0, 0, 0, 0, 0)","(-0.0, -0.0, 0.0, 0.0, -0.0)",True
5992,,"(0, 0, 0, 0, 0)","(-0.0, 0.0, 0.0, -0.0, -0.0)",True
5993,,"(0, 0, 0, 0, 0)","(0.0, 0.0, -0.0, -0.0, -0.0)",True
5994,,"(0, 0, 0, 0, 0)","(0.0, -0.0, -0.0, -0.0, 0.0)",True
5995,,"(0, 0, 0, 0, 0)","(-0.0, -0.0, -0.0, 0.0, 0.0)",True
5996,,"(0, 0, 0, 0, 0)","(-0.0, -0.0, 0.0, 0.0, 0.0)",True
5997,,"(0, 0, 0, 0, 0)","(-0.0, 0.0, 0.0, 0.0, -0.0)",True
5998,,"(0, 0, 0, 0, 0)","(0.0, 0.0, 0.0, -0.0, 0.0)",True
5999,,"(0, 0, 0, 0, 0)","(0.0, 0.0, -0.0, 0.0, 0.0)",True
6000,,"(0, 0, 0, 0, 0)","(0.0, -0.0, 0.0, 0.0, 0.0)",True
6001,,"(0, 0, 0, 0, 0)","(-0.0, 0.0, 0.0, 0.0, 0.0)",True
6002,,"(0, 0, 0, 0, 0)","(0.0, 0.0, 0.0, 0.0, -0.0)",True
6003,,"(0, 0, 0, 0, 0)","(0.0, 0.0, 0.0, -0.0, 0.0)",True
6004,,"(0, 0, 0, 0, 0)","(0.0, 0.0, -0.0, 0.0, 0.0)",True
6005,,"(0, 0, 0, 0, 0)","(0.0, -0.0, 0.0, 0.0, 0.0)",True
6006,,"(0, 0, 0, 0, 0)","(-0.0, 0.0, 0.0, 0.0, 0.0)",True
6007,,"(0, 0, 0, 0, 0)","(0.0, 0.0, 0.0, 0.0, -1.0)",False
6008,,"(0, 0, 0, -1, 0)","(0.0, 0.0, 0.0, -1.0, 0.0)",True
6009,,"(0, 0, -1, 0, 0)","(0.0, 0.0, -1.0, 0.0, -0.0)",True
6010,,"(0, -1, 0, 0, 0)","(0.0, -1.0, 0.0, -0.0, 0.0)",True
6011,,"(-1, 0, 0, 0, 0)","(-1.0, 0.0, -0.0, 0.0, 0.0)",True
6012,,"(0, 0, 0, 0, 0)","(0.0, -0.0, 0.0, 0.0, 0.0)",True
6013,,"(0, 0, 0, 0, 0)","(-0.0, 0.0, 0.0, 0.0, 0.0)",True
6014,,"(0, 0, 0, 0, 0)","(0.0, 0.0, 0.0, 0.0, 0.0)",True
6015,,"(0, 0, 0, 0, 0)","(0.0, 0.0, 0.0, 0.0, 1.0)",False
6016,,"(0, 0, 0, 1, 0)","(0.0, 0.0, 0.0, 1.0, 1.0)",False
6017,,"(0, 0, 1, 1, 0)","(0.0, 0.0, 1.0, 1.0, 1.0)",False
6018,,"(0, 1, 1, 1, 1)","(0.0, 1.0, 1.0, 1.0, 0.0)",False
6019,,"(1, 1, 1, 0, 1)","(1.0, 1.0, 1.0, 0.0, -0.0)",False
6020,,"(1, 1, 0, 0, 1)","(1.0, 1.0, 0.0, -0.0, -0.0)",False
6021,,"(1, 0, 0, 0, 0)","(1.0, 0.0, -0.0, -0.0, -0.0)",True
6022,,"(0, 0, 0, 0, 0)","(0.0, -0.0, -0.0, -0.0, 0.0)",True
6023,,"(0, 0, 0, 0, 0)","(-0.0, -0.0, -0.0, 0.0, 0.0)",True
6024,,"(0, 0, 0, 0, 0)","(-0.0, -0.0, 0.0, 0.0, 0.0)",True
6025,,"(0, 0, 0, 0, 0)","(-0.0, 0.0, 0.0, 0.0, 0.0)",True
6026,,"(0, 0, 0, 0, 0)","(0.0, 0.0, 0.0, 0.0, -0.0)",True
6027,,"(0, 0, 0, 0, 0)","(0.0, 0.0, 0.0, -0.0, 0.0)",True
6028,,"(0, 0, 0, 0, 0)","(0.0, 0.0, -0.0, 0.0, 0.0)",True
6029,,"(0, 0, 0, 0, 0)","(0.0, -0.0, 0.0, 0.0, 1.0)",False
6030,,"(0, 0, 0, 1, 0)","(-0.0, 0.0, 0.0, 1.0, -0.0)",True
6031,,"(0, 0, 1, 0, 0)","(0.0, 0.0, 1.0, -0.0, 0.0)",True
6032,,"(0, 1, 0, 0, 0)","(0.0, 1.0, -0.0, 0.0, 0.0)",True
6033,,"(1, 0, 0, 0, 0)","(1.0, -0.0, 0.0, 0.0, 0.0)",True
6034,,"(0, 0, 0, 0, 0)","(-0.0, 0.0, 0.0, 0.0, 0.0)",True
6035,,"(0, 0, 0, 0, 0)","(0.0, 0.0, 0.0, 0.0, 0.0)",True
6036,,"(0, 0, 0, 0, 0)","(0.0, 0.0, 0.0, 0.0, 0.0)",True
6037,,"(0, 0, 0, 0, 0)","(0.0, 0.0, 0.0, 0.0, 0.0)",True
6038,,"(0, 0, 0, 0, 0)","(0.0, 0.0, 0.0, 0.0, 0.0)",True
6039,,"(0, 0, 0, 0, 0)","(0.0, 0.0, 0.0, 0.0, 0.0)",True
6040,,"(0, 0, 0, 0, 0)","(0.0, 0.0, 0.0, 0.0, -0.0)",True
6041,,"(0, 0, 0, 0, 0)","(0.0, 0.0, 0.0, -0.0, -0.0)",True
6042,,"(0, 0, 0, 0, 0)","(0.0, 0.0, -0.0, -0.0, -0.0)",True
6043,,"(0, 0, 0, 0, 0)","(0.0, -0.0, -0.0, -0.0, -1.0)",False
6044,,"(0, 0, 0, -1, 0)","(-0.0, -0.0, -0.0, -1.0, -1.0)",False
6045,,"(0, 0, -1, -1, 0)","(-0.0, -0.0, -1.0, -1.0, 0.0)",True
6046,,"(0, -1, -1, 0, 0)","(-0.0, -1.0, -1.0, 0.0, 1.0)",False
6047,,"(-1, -1, 0, 1, 0)","(-1.0, -1.0, 0.0, 1.0, -0.0)",True
6048,,"(-1, 0, 1, 0, 0)","(-1.0, 0.0, 1.0, -0.0, 0.0)",True
6049,,"(0, 1, 0, 0, 0)","(0.0, 1.0, -0.0, 0.0, -1.0)",False
6050,,"(1, 0, 0, -1, 0)","(1.0, -0.0, 0.0, -1.0, -1.0)",False
6051,,"(0, 0, -1, -1, 0)","(-0.0, 0.0, -1.0, -1.0, 0.0)",True
6052,,"(0, -1, -1, 0, 0)","(0.0, -1.0, -1.0, 0.0, 0.0)",True
6053,,"(-1, -1, 0, 0, 0)","(-1.0, -1.0, 0.0, 0.0, 0.0)",True
6054,,"(-1, 0, 0, 0, 0)","(-1.0, 0.0, 0.0, 0.0, 0.0)",True
6055,,"(0, 0, 0, 0, 0)","(0.0, 0.0, 0.0, 0.0, 0.0)",True
6056,,"(0, 0, 0, 0, 0)","(0.0, 0.0, 0.0, 0.0, 0.0)",True
6057,,"(0, 0, 0, 0, 0)","(0.0, 0.0, 0.0, 0.0, 0.0)",True
6058,,"(0, 0, 0, 0, 0)","(0.0, 0.0, 0.0, 0.0, -1.0)",False
6059,,"(0, 0, 0, -1, 0)","(0.0, 0.0, 0.0, -1.0, 0.0)",True
6060,,"(0, 0, -1, 0, 0)","(0.0, 0.0, -1.0, 0.0, 0.0)",True
6061,,"(0, -1, 0, 0, 0)","(0.0, -1.0, 0.0, 0.0, 0.0)",True
6062,,"(-1, 0, 0, 0, 0)","(-1.0, 0.0, 0.0, 0.0, 0.0)",True
6063,,"(0, 0, 0, 0, 0)","(0.0, 0.0, 0.0, 0.0, 0.0)",True
6064,,"(0, 0, 0, 0, 0)","(0.0, 0.0, 0.0, 0.0, 0.0)",True
6065,,"(0, 0, 0, 0, 0)","(0.0, 0.0, 0.0, 0.0, 1.0)",False
6066,,"(0, 0, 0, 1, 0)","(0.0, 0.0, 0.0, 1.0, 0.0)",True
6067,,"(0, 0, 1, 0, 0)","(0.0, 0.0, 1.0, 0.0, 0.0)",True
6068,,"(0, 1, 0, 0, 0)","(0.0, 1.0, 0.0, 0.0, -1.0)",False
6069,,"(1, 0, 0, -1, 0)","(1.0, 0.0, 0.0, -1.0, 0.0)",True
6070,,"(0, 0, -1, 0, 0)","(0.0, 0.0, -1.0, 0.0, 0.0)",True
6071,,"(0, -1, 0, 0, 0)","(0.0, -1.0, 0.0, 0.0, 0.0)",True
6072,,"(-1, 0, 0, 0, 0)","(-1.0, 0.0, 0.0, 0.0, -1.0)",False
6073,,"(0, 0, 0, -1, 0)","(0.0, 0.0, 0.0, -1.0, 1.0)",False
6074,,"(0, 0, -1, 1, 0)","(0.0, 0.0, -1.0, 1.0, -1.0)",False
6075,,"(0, -1, 1, -1, 0)","(0.0, -1.0, 1.0, -1.0, -0.0)",True
6076,,"(-1, 1, -1, 0, 0)","(-1.0, 1.0, -1.0, -0.0, 0.0)",True
6077,,"(1, -1, 0, 0, 0)","(1.0, -1.0, -0.0, 0.0, -0.0)",True
6078,,"(-1, 0, 0, 0, 0)","(-1.0, -0.0, 0.0, -0.0, -0.0)",True
6079,,"(0, 0, 0, 0, 0)","(-0.0, 0.0, -0.0, -0.0, 0.0)",True
6080,,"(0, 0, 0, 0, 0)","(0.0, -0.0, -0.0, 0.0, 0.0)",True
6081,,"(0, 0, 0, 0, 0)","(-0.0, -0.0, 0.0, 0.0, -0.0)",True
6082,,"(0, 0, 0, 0, 0)","(-0.0, 0.0, 0.0, -0.0, 0.0)",True
6083,,"(0, 0, 0, 0, 0)","(0.0, 0.0, -0.0, 0.0, 0.0)",True
6084,,"(0, 0, 0, 0, 0)","(0.0, -0.0, 0.0, 0.0, 0.0)",True
6085,,"(0, 0, 0, 0, 0)","(-0.0, 0.0, 0.0, 0.0, 0.0)",True
6086,,"(0, 0, 0, 0, 0)","(0.0, 0.0, 0.0, 0.0, -0.0)",True
6087,,"(0, 0, 0, 0, 0)","(0.0, 0.0, 0.0, -0.0, -0.0)",True
6088,,"(0, 0, 0, 0, 0)","(0.0, 0.0, -0.0, -0.0, 0.0)",True
6089,,"(0, 0, 0, 0, 0)","(0.0, -0.0, -0.0, 0.0, -1.0)",False
6090,,"(0, 0, 0, -1, 0)","(-0.0, -0.0, 0.0, -1.0, -1.0)",False
6091,,"(0, 0, -1, -1, 0)","(-0.0, 0.0, -1.0, -1.0, -1.0)",False
6092,,"(0, -1, -1, -1, -1)","(0.0, -1.0, -1.0, -1.0, 0.0)",False
6093,,"(-1, -1, -1, 0, -1)","(-1.0, -1.0, -1.0, 0.0, -1.0)",True
6094,,"(-1, -1, 0, -1, -1)","(-1.0, -1.0, 0.0, -1.0, -0.0)",False
6095,,"(-1, 0, -1, 0, -1)","(-1.0, 0.0, -1.0, -0.0, 0.0)",False
6096,,"(0, -1, 0, 0, 0)","(0.0, -1.0, -0.0, 0.0, 0.0)",True
6097,,"(-1, 0, 0, 0, 0)","(-1.0, -0.0, 0.0, 0.0, 1.0)",False
6098,,"(0, 0, 0, 1, 0)","(-0.0, 0.0, 0.0, 1.0, 0.0)",True
6099,,"(0, 0, 1, 0, 0)","(0.0, 0.0, 1.0, 0.0, 0.0)",True
6100,,"(0, 1, 0, 0, 0)","(0.0, 1.0, 0.0, 0.0, -0.0)",True
6101,,"(1, 0, 0, 0, 0)","(1.0, 0.0, 0.0, -0.0, -1.0)",False
6102,,"(0, 0, 0, -1, 0)","(0.0, 0.0, -0.0, -1.0, 0.0)",True
6103,,"(0, 0, -1, 0, 0)","(0.0, -0.0, -1.0, 0.0, 1.0)",False
6104,,"(0, -1, 0, 1, 0)","(-0.0, -1.0, 0.0, 1.0, 0.0)",True
6105,,"(-1, 0, 1, 0, 0)","(-1.0, 0.0, 1.0, 0.0, 0.0)",True
6106,,"(0, 1, 0, 0, 0)","(0.0, 1.0, 0.0, 0.0, 0.0)",True
6107,,"(1, 0, 0, 0, 0)","(1.0, 0.0, 0.0, 0.0, -0.0)",True
6108,,"(0, 0, 0, 0, 0)","(0.0, 0.0, 0.0, -0.0, -0.0)",True
6109,,"(0, 0, 0, 0, 0)","(0.0, 0.0, -0.0, -0.0, 0.0)",True
6110,,"(0, 0, 0, 0, 0)","(0.0, -0.0, -0.0, 0.0, 0.0)",True
6111,,"(0, 0, 0, 0, 0)","(-0.0, -0.0, 0.0, 0.0, 0.0)",True
6112,,"(0, 0, 0, 0, 0)","(-0.0, 0.0, 0.0, 0.0, 0.0)",True
6113,,"(0, 0, 0, 0, 0)","(0.0, 0.0, 0.0, 0.0, -0.0)",True
6114,,"(0, 0, 0, 0, 0)","(0.0, 0.0, 0.0, -0.0, -0.0)",True
6115,,"(0, 0, 0, 0, 0)","(0.0, 0.0, -0.0, -0.0, 0.0)",True
6116,,"(0, 0, 0, 0, 0)","(0.0, -0.0, -0.0, 0.0, -0.0)",True
6117,,"(0, 0, 0, 0, 0)","(-0.0, -0.0, 0.0, -0.0, 0.0)",True
6118,,"(0, 0, 0, 0, 0)","(-0.0, 0.0, -0.0, 0.0, -1.0)",False
6119,,"(0, 0, 0, -1, 0)","(0.0, -0.0, 0.0, -1.0, 0.0)",True
6120,,"(0, 0, -1, 0, 0)","(-0.0, 0.0, -1.0, 0.0, 0.0)",True
6121,,"(0, -1, 0, 0, 0)","(0.0, -1.0, 0.0, 0.0, 0.0)",True
6122,,"(-1, 0, 0, 0, 0)","(-1.0, 0.0, 0.0, 0.0, 0.0)",True
6123,,"(0, 0, 0, 0, 0)","(0.0, 0.0, 0.0, 0.0, 0.0)",True
6124,,"(0, 0, 0, 0, 0)","(0.0, 0.0, 0.0, 0.0, -0.0)",True
6125,,"(0, 0, 0, 0, 0)","(0.0, 0.0, 0.0, -0.0, 1.0)",False
6126,,"(0, 0, 0, 1, 0)","(0.0, 0.0, -0.0, 1.0, 0.0)",True
6127,,"(0, 0, 1, 0, 0)","(0.0, -0.0, 1.0, 0.0, 0.0)",True
6128,,"(0, 1, 0, 0, 0)","(-0.0, 1.0, 0.0, 0.0, 0.0)",True
6129,,"(1, 0, 0, 0, 0)","(1.0, 0.0, 0.0, 0.0, 0.0)",True
6130,,"(0, 0, 0, 0, 0)","(0.0, 0.0, 0.0, 0.0, 0.0)",True
6131,,"(0, 0, 0, 0, 0)","(0.0, 0.0, 0.0, 0.0, -0.0)",True
6132,,"(0, 0, 0, 0, 0)","(0.0, 0.0, 0.0, -0.0, 0.0)",True
6133,,"(0, 0, 0, 0, 0)","(0.0, 0.0, -0.0, 0.0, 0.0)",True
6134,,"(0, 0, 0, 0, 0)","(0.0, -0.0, 0.0, 0.0, 0.0)",True
6135,,"(0, 0, 0, 0, 0)","(-0.0, 0.0, 0.0, 0.0, -0.0)",True
6136,,"(0, 0, 0, 0, 0)","(0.0, 0.0, 0.0, -0.0, 0.0)",True
6137,,"(0, 0, 0, 0, 0)","(0.0, 0.0, -0.0, 0.0, 0.0)",True
6138,,"(0, 0, 0, 0, 0)","(0.0, -0.0, 0.0, 0.0, 0.0)",True
6139,,"(0, 0, 0, 0, 0)","(-0.0, 0.0, 0.0, 0.0, 0.0)",True
6140,,"(0, 0, 0, 0, 0)","(0.0, 0.0, 0.0, 0.0, 0.0)",True
6141,,"(0, 0, 0, 0, 0)","(0.0, 0.0, 0.0, 0.0, -1.0)",False
6142,,"(0, 0, 0, -1, 0)","(0.0, 0.0, 0.0, -1.0, -0.0)",True
6143,,"(0, 0, -1, 0, 0)","(0.0, 0.0, -1.0, -0.0, -0.0)",True
6144,,"(0, -1, 0, 0, 0)","(0.0, -1.0, -0.0, -0.0, 0.0)",True
6145,,"(-1, 0, 0, 0, 0)","(-1.0, -0.0, -0.0, 0.0, 0.0)",True
6146,,"(0, 0, 0, 0, 0)","(-0.0, -0.0, 0.0, 0.0, 0.0)",True
6147,,"(0, 0, 0, 0, 0)","(-0.0, 0.0, 0.0, 0.0, -0.0)",True
6148,,"(0, 0, 0, 0, 0)","(0.0, 0.0, 0.0, -0.0, 0.0)",True
6149,,"(0, 0, 0, 0, 0)","(0.0, 0.0, -0.0, 0.0, -0.0)",True
6150,,"(0, 0, 0, 0, 0)","(0.0, -0.0, 0.0, -0.0, -0.0)",True
6151,,"(0, 0, 0, 0, 0)","(-0.0, 0.0, -0.0, -0.0, 0.0)",True
6152,,"(0, 0, 0, 0, 0)","(0.0, -0.0, -0.0, 0.0, -0.0)",True
6153,,"(0, 0, 0, 0, 0)","(-0.0, -0.0, 0.0, -0.0, -1.0)",False
6154,,"(0, 0, 0, -1, 0)","(-0.0, 0.0, -0.0, -1.0, 1.0)",False
6155,,"(0, 0, -1, 1, 0)","(0.0, -0.0, -1.0, 1.0, -0.0)",True
6156,,"(0, -1, 1, 0, 0)","(-0.0, -1.0, 1.0, -0.0, 0.0)",True
6157,,"(-1, 1, 0, 0, 0)","(-1.0, 1.0, -0.0, 0.0, 0.0)",True
6158,,"(1, 0, 0, 0, 0)","(1.0, -0.0, 0.0, 0.0, 0.0)",True
6159,,"(0, 0, 0, 0, 0)","(-0.0, 0.0, 0.0, 0.0, 0.0)",True
6160,,"(0, 0, 0, 0, 0)","(0.0, 0.0, 0.0, 0.0, 0.0)",True
6161,,"(0, 0, 0, 0, 0)","(0.0, 0.0, 0.0, 0.0, 0.0)",True
6162,,"(0, 0, 0, 0, 0)","(0.0, 0.0, 0.0, 0.0, 0.0)",True
6163,,"(0, 0, 0, 0, 0)","(0.0, 0.0, 0.0, 0.0, 0.0)",True
6164,,"(0, 0, 0, 0, 0)","(0.0, 0.0, 0.0, 0.0, -1.0)",False
6165,,"(0, 0, 0, -1, 0)","(0.0, 0.0, 0.0, -1.0, 0.0)",True
6166,,"(0, 0, -1, 0, 0)","(0.0, 0.0, -1.0, 0.0, 0.0)",True
6167,,"(0, -1, 0, 0, 0)","(0.0, -1.0, 0.0, 0.0, 0.0)",True
6168,,"(-1, 0, 0, 0, 0)","(-1.0, 0.0, 0.0, 0.0, 0.0)",True
6169,,"(0, 0, 0, 0, 0)","(0.0, 0.0, 0.0, 0.0, 0.0)",True
6170,,"(0, 0, 0, 0, 0)","(0.0, 0.0, 0.0, 0.0, -0.0)",True
6171,,"(0, 0, 0, 0, 0)","(0.0, 0.0, 0.0, -0.0, 0.0)",True
6172,,"(0, 0, 0, 0, 0)","(0.0, 0.0, -0.0, 0.0, 0.0)",True
6173,,"(0, 0, 0, 0, 0)","(0.0, -0.0, 0.0, 0.0, 0.0)",True
6174,,"(0, 0, 0, 0, 0)","(-0.0, 0.0, 0.0, 0.0, 0.0)",True
6175,,"(0, 0, 0, 0, 0)","(0.0, 0.0, 0.0, 0.0, -0.0)",True
6176,,"(0, 0, 0, 0, 0)","(0.0, 0.0, 0.0, -0.0, 0.0)",True
6177,,"(0, 0, 0, 0, 0)","(0.0, 0.0, -0.0, 0.0, -0.0)",True
6178,,"(0, 0, 0, 0, 0)","(0.0, -0.0, 0.0, -0.0, 0.0)",True
6179,,"(0, 0, 0, 0, 0)","(-0.0, 0.0, -0.0, 0.0, 0.0)",True
6180,,"(0, 0, 0, 0, 0)","(0.0, -0.0, 0.0, 0.0, 0.0)",True
6181,,"(0, 0, 0, 0, 0)","(-0.0, 0.0, 0.0, 0.0, 0.0)",True
6182,,"(0, 0, 0, 0, 0)","(0.0, 0.0, 0.0, 0.0, 0.0)",True
6183,,"(0, 0, 0, 0, 0)","(0.0, 0.0, 0.0, 0.0, 0.0)",True
6184,,"(0, 0, 0, 0, 0)","(0.0, 0.0, 0.0, 0.0, 0.0)",True
6185,,"(0, 0, 0, 0, 0)","(0.0, 0.0, 0.0, 0.0, 0.0)",True
6186,,"(0, 0, 0, 0, 0)","(0.0, 0.0, 0.0, 0.0, -1.0)",False
6187,,"(0, 0, 0, -1, 0)","(0.0, 0.0, 0.0, -1.0, 0.0)",True
6188,,"(0, 0, -1, 0, 0)","(0.0, 0.0, -1.0, 0.0, 0.0)",True
6189,,"(0, -1, 0, 0, 0)","(0.0, -1.0, 0.0, 0.0, 0.0)",True
6190,,"(-1, 0, 0, 0, 0)","(-1.0, 0.0, 0.0, 0.0, 0.0)",True
6191,,"(0, 0, 0, 0, 0)","(0.0, 0.0, 0.0, 0.0, -0.0)",True
6192,,"(0, 0, 0, 0, 0)","(0.0, 0.0, 0.0, -0.0, -0.0)",True
6193,,"(0, 0, 0, 0, 0)","(0.0, 0.0, -0.0, -0.0, 0.0)",True
6194,,"(0, 0, 0, 0, 0)","(0.0, -0.0, -0.0, 0.0, 0.0)",True
6195,,"(0, 0, 0, 0, 0)","(-0.0, -0.0, 0.0, 0.0, -0.0)",True
6196,,"(0, 0, 0, 0, 0)","(-0.0, 0.0, 0.0, -0.0, 0.0)",True
6197,,"(0, 0, 0, 0, 0)","(0.0, 0.0, -0.0, 0.0, -0.0)",True
6198,,"(0, 0, 0, 0, 0)","(0.0, -0.0, 0.0, -0.0, 0.0)",True
6199,,"(0, 0, 0, 0, 0)","(-0.0, 0.0, -0.0, 0.0, -0.0)",True
6200,,"(0, 0, 0, 0, 0)","(0.0, -0.0, 0.0, -0.0, -1.0)",False
6201,,"(0, 0, 0, -1, 0)","(-0.0, 0.0, -0.0, -1.0, 1.0)",False
6202,,"(0, 0, -1, 1, 0)","(0.0, -0.0, -1.0, 1.0, 0.0)",True
6203,,"(0, -1, 1, 0, 0)","(-0.0, -1.0, 1.0, 0.0, -1.0)",False
6204,,"(-1, 1, 0, -1, 0)","(-1.0, 1.0, 0.0, -1.0, 0.0)",True
6205,,"(1, 0, -1, 0, 0)","(1.0, 0.0, -1.0, 0.0, -1.0)",False
6206,,"(0, -1, 0, -1, 0)","(0.0, -1.0, 0.0, -1.0, -1.0)",False
6207,,"(-1, 0, -1, -1, -1)","(-1.0, 0.0, -1.0, -1.0, -0.0)",False
6208,,"(0, -1, -1, 0, -1)","(0.0, -1.0, -1.0, -0.0, 1.0)",False
6209,,"(-1, -1, 0, 1, 0)","(-1.0, -1.0, -0.0, 1.0, 0.0)",True
6210,,"(-1, 0, 1, 0, 0)","(-1.0, -0.0, 1.0, 0.0, 0.0)",True
6211,,"(0, 1, 0, 0, 0)","(-0.0, 1.0, 0.0, 0.0, 0.0)",True
6212,,"(1, 0, 0, 0, 0)","(1.0, 0.0, 0.0, 0.0, 0.0)",True
6213,,"(0, 0, 0, 0, 0)","(0.0, 0.0, 0.0, 0.0, -0.0)",True
6214,,"(0, 0, 0, 0, 0)","(0.0, 0.0, 0.0, -0.0, -0.0)",True
6215,,"(0, 0, 0, 0, 0)","(0.0, 0.0, -0.0, -0.0, 0.0)",True
6216,,"(0, 0, 0, 0, 0)","(0.0, -0.0, -0.0, 0.0, 0.0)",True
6217,,"(0, 0, 0, 0, 0)","(-0.0, -0.0, 0.0, 0.0, 1.0)",False
6218,,"(0, 0, 0, 1, 0)","(-0.0, 0.0, 0.0, 1.0, 0.0)",True
6219,,"(0, 0, 1, 0, 0)","(0.0, 0.0, 1.0, 0.0, 0.0)",True
6220,,"(0, 1, 0, 0, 0)","(0.0, 1.0, 0.0, 0.0, -1.0)",False
6221,,"(1, 0, 0, -1, 0)","(1.0, 0.0, 0.0, -1.0, -0.0)",True
6222,,"(0, 0, -1, 0, 0)","(0.0, 0.0, -1.0, -0.0, 0.0)",True
6223,,"(0, -1, 0, 0, 0)","(0.0, -1.0, -0.0, 0.0, 1.0)",False
6224,,"(-1, 0, 0, 1, 0)","(-1.0, -0.0, 0.0, 1.0, 0.0)",True
6225,,"(0, 0, 1, 0, 0)","(-0.0, 0.0, 1.0, 0.0, -0.0)",True
6226,,"(0, 1, 0, 0, 0)","(0.0, 1.0, 0.0, -0.0, 0.0)",True
6227,,"(1, 0, 0, 0, 0)","(1.0, 0.0, -0.0, 0.0, -1.0)",False
6228,,"(0, 0, 0, -1, 0)","(0.0, -0.0, 0.0, -1.0, 0.0)",True
6229,,"(0, 0, -1, 0, 0)","(-0.0, 0.0, -1.0, 0.0, 0.0)",True
6230,,"(0, -1, 0, 0, 0)","(0.0, -1.0, 0.0, 0.0, 0.0)",True
6231,,"(-1, 0, 0, 0, 0)","(-1.0, 0.0, 0.0, 0.0, 0.0)",True
6232,,"(0, 0, 0, 0, 0)","(0.0, 0.0, 0.0, 0.0, -0.0)",True
6233,,"(0, 0, 0, 0, 0)","(0.0, 0.0, 0.0, -0.0, 0.0)",True
6234,,"(0, 0, 0, 0, 0)","(0.0, 0.0, -0.0, 0.0, 1.0)",False
6235,,"(0, 0, 0, 1, 0)","(0.0, -0.0, 0.0, 1.0, 0.0)",True
6236,,"(0, 0, 1, 0, 0)","(-0.0, 0.0, 1.0, 0.0, -0.0)",True
6237,,"(0, 1, 0, 0, 0)","(0.0, 1.0, 0.0, -0.0, 0.0)",True
6238,,"(1, 0, 0, 0, 0)","(1.0, 0.0, -0.0, 0.0, 0.0)",True
6239,,"(0, 0, 0, 0, 0)","(0.0, -0.0, 0.0, 0.0, -0.0)",True
6240,,"(0, 0, 0, 0, 0)","(-0.0, 0.0, 0.0, -0.0, 0.0)",True
6241,,"(0, 0, 0, 0, 0)","(0.0, 0.0, -0.0, 0.0, 0.0)",True
6242,,"(0, 0, 0, 0, 0)","(0.0, -0.0, 0.0, 0.0, 0.0)",True
6243,,"(0, 0, 0, 0, 0)","(-0.0, 0.0, 0.0, 0.0, 0.0)",True
6244,,"(0, 0, 0, 0, 0)","(0.0, 0.0, 0.0, 0.0, 0.0)",True
6245,,"(0, 0, 0, 0, 0)","(0.0, 0.0, 0.0, 0.0, 0.0)",True
6246,,"(0, 0, 0, 0, 0)","(0.0, 0.0, 0.0, 0.0, 0.0)",True
6247,,"(0, 0, 0, 0, 0)","(0.0, 0.0, 0.0, 0.0, 0.0)",True
6248,,"(0, 0, 0, 0, 0)","(0.0, 0.0, 0.0, 0.0, 1.0)",False
6249,,"(0, 0, 0, 1, 0)","(0.0, 0.0, 0.0, 1.0, -0.0)",True
6250,,"(0, 0, 1, 0, 0)","(0.0, 0.0, 1.0, -0.0, -1.0)",False
6251,,"(0, 1, 0, -1, 0)","(0.0, 1.0, -0.0, -1.0, 1.0)",False
6252,,"(1, 0, -1, 1, 0)","(1.0, -0.0, -1.0, 1.0, -0.0)",True
6253,,"(0, -1, 1, 0, 0)","(-0.0, -1.0, 1.0, -0.0, 0.0)",True
6254,,"(-1, 1, 0, 0, 0)","(-1.0, 1.0, -0.0, 0.0, -0.0)",True
6255,,"(1, 0, 0, 0, 0)","(1.0, -0.0, 0.0, -0.0, -0.0)",True
6256,,"(0, 0, 0, 0, 0)","(-0.0, 0.0, -0.0, -0.0, -1.0)",False
6257,,"(0, 0, 0, -1, 0)","(0.0, -0.0, -0.0, -1.0, 0.0)",True
6258,,"(0, 0, -1, 0, 0)","(-0.0, -0.0, -1.0, 0.0, 0.0)",True
6259,,"(0, -1, 0, 0, 0)","(-0.0, -1.0, 0.0, 0.0, 0.0)",True
6260,,"(-1, 0, 0, 0, 0)","(-1.0, 0.0, 0.0, 0.0, 0.0)",True
6261,,"(0, 0, 0, 0, 0)","(0.0, 0.0, 0.0, 0.0, -0.0)",True
6262,,"(0, 0, 0, 0, 0)","(0.0, 0.0, 0.0, -0.0, -0.0)",True
6263,,"(0, 0, 0, 0, 0)","(0.0, 0.0, -0.0, -0.0, 0.0)",True
6264,,"(0, 0, 0, 0, 0)","(0.0, -0.0, -0.0, 0.0, 0.0)",True
6265,,"(0, 0, 0, 0, 0)","(-0.0, -0.0, 0.0, 0.0, 0.0)",True
6266,,"(0, 0, 0, 0, 0)","(-0.0, 0.0, 0.0, 0.0, 0.0)",True
6267,,"(0, 0, 0, 0, 0)","(0.0, 0.0, 0.0, 0.0, 0.0)",True
6268,,"(0, 0, 0, 0, 0)","(0.0, 0.0, 0.0, 0.0, 1.0)",False
6269,,"(0, 0, 0, 1, 0)","(0.0, 0.0, 0.0, 1.0, 0.0)",True
6270,,"(0, 0, 1, 0, 0)","(0.0, 0.0, 1.0, 0.0, -0.0)",True
6271,,"(0, 1, 0, 0, 0)","(0.0, 1.0, 0.0, -0.0, -0.0)",True
6272,,"(1, 0, 0, 0, 0)","(1.0, 0.0, -0.0, -0.0, 0.0)",True
6273,,"(0, 0, 0, 0, 0)","(0.0, -0.0, -0.0, 0.0, 1.0)",False
6274,,"(0, 0, 0, 1, 0)","(-0.0, -0.0, 0.0, 1.0, -0.0)",True
6275,,"(0, 0, 1, 0, 0)","(-0.0, 0.0, 1.0, -0.0, 0.0)",True
6276,,"(0, 1, 0, 0, 0)","(0.0, 1.0, -0.0, 0.0, 0.0)",True
6277,,"(1, 0, 0, 0, 0)","(1.0, -0.0, 0.0, 0.0, -0.0)",True
6278,,"(0, 0, 0, 0, 0)","(-0.0, 0.0, 0.0, -0.0, 0.0)",True
6279,,"(0, 0, 0, 0, 0)","(0.0, 0.0, -0.0, 0.0, 0.0)",True
6280,,"(0, 0, 0, 0, 0)","(0.0, -0.0, 0.0, 0.0, 0.0)",True
6281,,"(0, 0, 0, 0, 0)","(-0.0, 0.0, 0.0, 0.0, 0.0)",True
6282,,"(0, 0, 0, 0, 0)","(0.0, 0.0, 0.0, 0.0, 0.0)",True
6283,,"(0, 0, 0, 0, 0)","(0.0, 0.0, 0.0, 0.0, 1.0)",False
6284,,"(0, 0, 0, 1, 0)","(0.0, 0.0, 0.0, 1.0, -0.0)",True
6285,,"(0, 0, 1, 0, 0)","(0.0, 0.0, 1.0, -0.0, -0.0)",True
6286,,"(0, 1, 0, 0, 0)","(0.0, 1.0, -0.0, -0.0, -0.0)",True
6287,,"(1, 0, 0, 0, 0)","(1.0, -0.0, -0.0, -0.0, 0.0)",True
6288,,"(0, 0, 0, 0, 0)","(-0.0, -0.0, -0.0, 0.0, -0.0)",True
6289,,"(0, 0, 0, 0, 0)","(-0.0, -0.0, 0.0, -0.0, 0.0)",True
6290,,"(0, 0, 0, 0, 0)","(-0.0, 0.0, -0.0, 0.0, 0.0)",True
6291,,"(0, 0, 0, 0, 0)","(0.0, -0.0, 0.0, 0.0, -0.0)",True
6292,,"(0, 0, 0, 0, 0)","(-0.0, 0.0, 0.0, -0.0, 0.0)",True
6293,,"(0, 0, 0, 0, 0)","(0.0, 0.0, -0.0, 0.0, -0.0)",True
6294,,"(0, 0, 0, 0, 0)","(0.0, -0.0, 0.0, -0.0, 0.0)",True
6295,,"(0, 0, 0, 0, 0)","(-0.0, 0.0, -0.0, 0.0, 0.0)",True
6296,,"(0, 0, 0, 0, 0)","(0.0, -0.0, 0.0, 0.0, -0.0)",True
6297,,"(0, 0, 0, 0, 0)","(-0.0, 0.0, 0.0, -0.0, 0.0)",True
6298,,"(0, 0, 0, 0, 0)","(0.0, 0.0, -0.0, 0.0, 0.0)",True
6299,,"(0, 0, 0, 0, 0)","(0.0, -0.0, 0.0, 0.0, 0.0)",True
6300,,"(0, 0, 0, 0, 0)","(-0.0, 0.0, 0.0, 0.0, 0.0)",True
6301,,"(0, 0, 0, 0, 0)","(0.0, 0.0, 0.0, 0.0, -0.0)",True
6302,,"(0, 0, 0, 0, 0)","(0.0, 0.0, 0.0, -0.0, 0.0)",True
6303,,"(0, 0, 0, 0, 0)","(0.0, 0.0, -0.0, 0.0, 0.0)",True
6304,,"(0, 0, 0, 0, 0)","(0.0, -0.0, 0.0, 0.0, -0.0)",True
6305,,"(0, 0, 0, 0, 0)","(-0.0, 0.0, 0.0, -0.0, -1.0)",False
6306,,"(0, 0, 0, -1, 0)","(0.0, 0.0, -0.0, -1.0, 1.0)",False
6307,,"(0, 0, -1, 1, 0)","(0.0, -0.0, -1.0, 1.0, -0.0)",True
6308,,"(0, -1, 1, 0, 0)","(-0.0, -1.0, 1.0, -0.0, 0.0)",True
6309,,"(-1, 1, 0, 0, 0)","(-1.0, 1.0, -0.0, 0.0, -0.0)",True
6310,,"(1, 0, 0, 0, 0)","(1.0, -0.0, 0.0, -0.0, 0.0)",True
6311,,"(0, 0, 0, 0, 0)","(-0.0, 0.0, -0.0, 0.0, 0.0)",True
6312,,"(0, 0, 0, 0, 0)","(0.0, -0.0, 0.0, 0.0, -1.0)",False
6313,,"(0, 0, 0, -1, 0)","(-0.0, 0.0, 0.0, -1.0, 0.0)",True
6314,,"(0, 0, -1, 0, 0)","(0.0, 0.0, -1.0, 0.0, 0.0)",True
6315,,"(0, -1, 0, 0, 0)","(0.0, -1.0, 0.0, 0.0, -1.0)",False
6316,,"(-1, 0, 0, -1, 0)","(-1.0, 0.0, 0.0, -1.0, -0.0)",True
6317,,"(0, 0, -1, 0, 0)","(0.0, 0.0, -1.0, -0.0, 1.0)",False
6318,,"(0, -1, 0, 1, 0)","(0.0, -1.0, -0.0, 1.0, 0.0)",True
6319,,"(-1, 0, 1, 0, 0)","(-1.0, -0.0, 1.0, 0.0, 0.0)",True
6320,,"(0, 1, 0, 0, 0)","(-0.0, 1.0, 0.0, 0.0, -0.0)",True
6321,,"(1, 0, 0, 0, 0)","(1.0, 0.0, 0.0, -0.0, -0.0)",True
6322,,"(0, 0, 0, 0, 0)","(0.0, 0.0, -0.0, -0.0, 1.0)",False
6323,,"(0, 0, 0, 1, 0)","(0.0, -0.0, -0.0, 1.0, 0.0)",True
6324,,"(0, 0, 1, 0, 0)","(-0.0, -0.0, 1.0, 0.0, -1.0)",False
6325,,"(0, 1, 0, -1, 0)","(-0.0, 1.0, 0.0, -1.0, -1.0)",False
6326,,"(1, 0, -1, -1, 0)","(1.0, 0.0, -1.0, -1.0, 0.0)",True
6327,,"(0, -1, -1, 0, 0)","(0.0, -1.0, -1.0, 0.0, 0.0)",True
6328,,"(-1, -1, 0, 0, 0)","(-1.0, -1.0, 0.0, 0.0, -0.0)",True
6329,,"(-1, 0, 0, 0, 0)","(-1.0, 0.0, 0.0, -0.0, -0.0)",True
6330,,"(0, 0, 0, 0, 0)","(0.0, 0.0, -0.0, -0.0, -0.0)",True
6331,,"(0, 0, 0, 0, 0)","(0.0, -0.0, -0.0, -0.0, -1.0)",False
6332,,"(0, 0, 0, -1, 0)","(-0.0, -0.0, -0.0, -1.0, 0.0)",True
6333,,"(0, 0, -1, 0, 0)","(-0.0, -0.0, -1.0, 0.0, -0.0)",True
6334,,"(0, -1, 0, 0, 0)","(-0.0, -1.0, 0.0, -0.0, 0.0)",True
6335,,"(-1, 0, 0, 0, 0)","(-1.0, 0.0, -0.0, 0.0, 1.0)",False
6336,,"(0, 0, 0, 1, 0)","(0.0, -0.0, 0.0, 1.0, 1.0)",False
6337,,"(0, 0, 1, 1, 0)","(-0.0, 0.0, 1.0, 1.0, 0.0)",True
6338,,"(0, 1, 1, 0, 0)","(0.0, 1.0, 1.0, 0.0, 0.0)",True
6339,,"(1, 1, 0, 0, 0)","(1.0, 1.0, 0.0, 0.0, 0.0)",True
6340,,"(1, 0, 0, 0, 0)","(1.0, 0.0, 0.0, 0.0, 0.0)",True
6341,,"(0, 0, 0, 0, 0)","(0.0, 0.0, 0.0, 0.0, 0.0)",True
6342,,"(0, 0, 0, 0, 0)","(0.0, 0.0, 0.0, 0.0, -0.0)",True
6343,,"(0, 0, 0, 0, 0)","(0.0, 0.0, 0.0, -0.0, -0.0)",True
6344,,"(0, 0, 0, 0, 0)","(0.0, 0.0, -0.0, -0.0, 0.0)",True
6345,,"(0, 0, 0, 0, 0)","(0.0, -0.0, -0.0, 0.0, 0.0)",True
6346,,"(0, 0, 0, 0, 0)","(-0.0, -0.0, 0.0, 0.0, 0.0)",True
6347,,"(0, 0, 0, 0, 0)","(-0.0, 0.0, 0.0, 0.0, -0.0)",True
6348,,"(0, 0, 0, 0, 0)","(0.0, 0.0, 0.0, -0.0, 0.0)",True
6349,,"(0, 0, 0, 0, 0)","(0.0, 0.0, -0.0, 0.0, 0.0)",True
6350,,"(0, 0, 0, 0, 0)","(0.0, -0.0, 0.0, 0.0, 0.0)",True
6351,,"(0, 0, 0, 0, 0)","(-0.0, 0.0, 0.0, 0.0, 0.0)",True
6352,,"(0, 0, 0, 0, 0)","(0.0, 0.0, 0.0, 0.0, -0.0)",True
6353,,"(0, 0, 0, 0, 0)","(0.0, 0.0, 0.0, -0.0, 1.0)",False
6354,,"(0, 0, 0, 1, 0)","(0.0, 0.0, -0.0, 1.0, 0.0)",True
6355,,"(0, 0, 1, 0, 0)","(0.0, -0.0, 1.0, 0.0, -0.0)",True
6356,,"(0, 1, 0, 0, 0)","(-0.0, 1.0, 0.0, -0.0, 0.0)",True
6357,,"(1, 0, 0, 0, 0)","(1.0, 0.0, -0.0, 0.0, -0.0)",True
6358,,"(0, 0, 0, 0, 0)","(0.0, -0.0, 0.0, -0.0, 0.0)",True
6359,,"(0, 0, 0, 0, 0)","(-0.0, 0.0, -0.0, 0.0, 0.0)",True
6360,,"(0, 0, 0, 0, 0)","(0.0, -0.0, 0.0, 0.0, -0.0)",True
6361,,"(0, 0, 0, 0, 0)","(-0.0, 0.0, 0.0, -0.0, 0.0)",True
6362,,"(0, 0, 0, 0, 0)","(0.0, 0.0, -0.0, 0.0, 0.0)",True
6363,,"(0, 0, 0, 0, 0)","(0.0, -0.0, 0.0, 0.0, -0.0)",True
6364,,"(0, 0, 0, 0, 0)","(-0.0, 0.0, 0.0, -0.0, 0.0)",True
6365,,"(0, 0, 0, 0, 0)","(0.0, 0.0, -0.0, 0.0, 0.0)",True
6366,,"(0, 0, 0, 0, 0)","(0.0, -0.0, 0.0, 0.0, 0.0)",True
6367,,"(0, 0, 0, 0, 0)","(-0.0, 0.0, 0.0, 0.0, 0.0)",True
6368,,"(0, 0, 0, 0, 0)","(0.0, 0.0, 0.0, 0.0, -0.0)",True
6369,,"(0, 0, 0, 0, 0)","(0.0, 0.0, 0.0, -0.0, 0.0)",True
6370,,"(0, 0, 0, 0, 0)","(0.0, 0.0, -0.0, 0.0, -1.0)",False
6371,,"(0, 0, 0, -1, 0)","(0.0, -0.0, 0.0, -1.0, 0.0)",True
6372,,"(0, 0, -1, 0, 0)","(-0.0, 0.0, -1.0, 0.0, 0.0)",True
6373,,"(0, -1, 0, 0, 0)","(0.0, -1.0, 0.0, 0.0, -0.0)",True
6374,,"(-1, 0, 0, 0, 0)","(-1.0, 0.0, 0.0, -0.0, -0.0)",True
6375,,"(0, 0, 0, 0, 0)","(0.0, 0.0, -0.0, -0.0, 0.0)",True
6376,,"(0, 0, 0, 0, 0)","(0.0, -0.0, -0.0, 0.0, 0.0)",True
6377,,"(0, 0, 0, 0, 0)","(-0.0, -0.0, 0.0, 0.0, 0.0)",True
6378,,"(0, 0, 0, 0, 0)","(-0.0, 0.0, 0.0, 0.0, 0.0)",True
6379,,"(0, 0, 0, 0, 0)","(0.0, 0.0, 0.0, 0.0, 0.0)",True
6380,,"(0, 0, 0, 0, 0)","(0.0, 0.0, 0.0, 0.0, 0.0)",True
6381,,"(0, 0, 0, 0, 0)","(0.0, 0.0, 0.0, 0.0, 0.0)",True
6382,,"(0, 0, 0, 0, 0)","(0.0, 0.0, 0.0, 0.0, 0.0)",True
6383,,"(0, 0, 0, 0, 0)","(0.0, 0.0, 0.0, 0.0, 0.0)",True
6384,,"(0, 0, 0, 0, 0)","(0.0, 0.0, 0.0, 0.0, 0.0)",True
6385,,"(0, 0, 0, 0, 0)","(0.0, 0.0, 0.0, 0.0, 0.0)",True
6386,,"(0, 0, 0, 0, 0)","(0.0, 0.0, 0.0, 0.0, 0.0)",True
6387,,"(0, 0, 0, 0, 0)","(0.0, 0.0, 0.0, 0.0, 0.0)",True
6388,,"(0, 0, 0, 0, 0)","(0.0, 0.0, 0.0, 0.0, -0.0)",True
6389,,"(0, 0, 0, 0, 0)","(0.0, 0.0, 0.0, -0.0, 0.0)",True
6390,,"(0, 0, 0, 0, 0)","(0.0, 0.0, -0.0, 0.0, -0.0)",True
6391,,"(0, 0, 0, 0, 0)","(0.0, -0.0, 0.0, -0.0, 0.0)",True
6392,,"(0, 0, 0, 0, 0)","(-0.0, 0.0, -0.0, 0.0, 0.0)",True
6393,,"(0, 0, 0, 0, 0)","(0.0, -0.0, 0.0, 0.0, 0.0)",True
6394,,"(0, 0, 0, 0, 0)","(-0.0, 0.0, 0.0, 0.0, 0.0)",True
6395,,"(0, 0, 0, 0, 0)","(0.0, 0.0, 0.0, 0.0, 0.0)",True
6396,,"(0, 0, 0, 0, 0)","(0.0, 0.0, 0.0, 0.0, 0.0)",True
6397,,"(0, 0, 0, 0, 0)","(0.0, 0.0, 0.0, 0.0, -0.0)",True
6398,,"(0, 0, 0, 0, 0)","(0.0, 0.0, 0.0, -0.0, 0.0)",True
6399,,"(0, 0, 0, 0, 0)","(0.0, 0.0, -0.0, 0.0, 0.0)",True
6400,,"(0, 0, 0, 0, 0)","(0.0, -0.0, 0.0, 0.0, 0.0)",True
6401,,"(0, 0, 0, 0, 0)","(-0.0, 0.0, 0.0, 0.0, -0.0)",True
6402,,"(0, 0, 0, 0, 0)","(0.0, 0.0, 0.0, -0.0, -0.0)",True
6403,,"(0, 0, 0, 0, 0)","(0.0, 0.0, -0.0, -0.0, 0.0)",True
6404,,"(0, 0, 0, 0, 0)","(0.0, -0.0, -0.0, 0.0, 0.0)",True
6405,,"(0, 0, 0, 0, 0)","(-0.0, -0.0, 0.0, 0.0, -0.0)",True
6406,,"(0, 0, 0, 0, 0)","(-0.0, 0.0, 0.0, -0.0, 0.0)",True
6407,,"(0, 0, 0, 0, 0)","(0.0, 0.0, -0.0, 0.0, 0.0)",True
6408,,"(0, 0, 0, 0, 0)","(0.0, -0.0, 0.0, 0.0, 1.0)",False
6409,,"(0, 0, 0, 1, 0)","(-0.0, 0.0, 0.0, 1.0, 0.0)",True
6410,,"(0, 0, 1, 0, 0)","(0.0, 0.0, 1.0, 0.0, -0.0)",True
6411,,"(0, 1, 0, 0, 0)","(0.0, 1.0, 0.0, -0.0, 0.0)",True
6412,,"(1, 0, 0, 0, 0)","(1.0, 0.0, -0.0, 0.0, -0.0)",True
6413,,"(0, 0, 0, 0, 0)","(0.0, -0.0, 0.0, -0.0, 1.0)",False
6414,,"(0, 0, 0, 1, 0)","(-0.0, 0.0, -0.0, 1.0, 0.0)",True
6415,,"(0, 0, 1, 0, 0)","(0.0, -0.0, 1.0, 0.0, 0.0)",True
6416,,"(0, 1, 0, 0, 0)","(-0.0, 1.0, 0.0, 0.0, 0.0)",True
6417,,"(1, 0, 0, 0, 0)","(1.0, 0.0, 0.0, 0.0, -0.0)",True
6418,,"(0, 0, 0, 0, 0)","(0.0, 0.0, 0.0, -0.0, -0.0)",True
6419,,"(0, 0, 0, 0, 0)","(0.0, 0.0, -0.0, -0.0, -0.0)",True
6420,,"(0, 0, 0, 0, 0)","(0.0, -0.0, -0.0, -0.0, 0.0)",True
6421,,"(0, 0, 0, 0, 0)","(-0.0, -0.0, -0.0, 0.0, 0.0)",True
6422,,"(0, 0, 0, 0, 0)","(-0.0, -0.0, 0.0, 0.0, -0.0)",True
6423,,"(0, 0, 0, 0, 0)","(-0.0, 0.0, 0.0, -0.0, -0.0)",True
6424,,"(0, 0, 0, 0, 0)","(0.0, 0.0, -0.0, -0.0, 0.0)",True
6425,,"(0, 0, 0, 0, 0)","(0.0, -0.0, -0.0, 0.0, 0.0)",True
6426,,"(0, 0, 0, 0, 0)","(-0.0, -0.0, 0.0, 0.0, 0.0)",True
6427,,"(0, 0, 0, 0, 0)","(-0.0, 0.0, 0.0, 0.0, 0.0)",True
6428,,"(0, 0, 0, 0, 0)","(0.0, 0.0, 0.0, 0.0, 0.0)",True
6429,,"(0, 0, 0, 0, 0)","(0.0, 0.0, 0.0, 0.0, -0.0)",True
6430,,"(0, 0, 0, 0, 0)","(0.0, 0.0, 0.0, -0.0, 0.0)",True
6431,,"(0, 0, 0, 0, 0)","(0.0, 0.0, -0.0, 0.0, -0.0)",True
6432,,"(0, 0, 0, 0, 0)","(0.0, -0.0, 0.0, -0.0, 0.0)",True
6433,,"(0, 0, 0, 0, 0)","(-0.0, 0.0, -0.0, 0.0, -0.0)",True
6434,,"(0, 0, 0, 0, 0)","(0.0, -0.0, 0.0, -0.0, 0.0)",True
6435,,"(0, 0, 0, 0, 0)","(-0.0, 0.0, -0.0, 0.0, 0.0)",True
6436,,"(0, 0, 0, 0, 0)","(0.0, -0.0, 0.0, 0.0, -1.0)",False
6437,,"(0, 0, 0, -1, 0)","(-0.0, 0.0, 0.0, -1.0, 0.0)",True
6438,,"(0, 0, -1, 0, 0)","(0.0, 0.0, -1.0, 0.0, 1.0)",False
6439,,"(0, -1, 0, 1, 0)","(0.0, -1.0, 0.0, 1.0, -0.0)",True
6440,,"(-1, 0, 1, 0, 0)","(-1.0, 0.0, 1.0, -0.0, 0.0)",True
6441,,"(0, 1, 0, 0, 0)","(0.0, 1.0, -0.0, 0.0, 0.0)",True
6442,,"(1, 0, 0, 0, 0)","(1.0, -0.0, 0.0, 0.0, -0.0)",True
6443,,"(0, 0, 0, 0, 0)","(-0.0, 0.0, 0.0, -0.0, 0.0)",True
6444,,"(0, 0, 0, 0, 0)","(0.0, 0.0, -0.0, 0.0, 0.0)",True
6445,,"(0, 0, 0, 0, 0)","(0.0, -0.0, 0.0, 0.0, 0.0)",True
6446,,"(0, 0, 0, 0, 0)","(-0.0, 0.0, 0.0, 0.0, 0.0)",True
6447,,"(0, 0, 0, 0, 0)","(0.0, 0.0, 0.0, 0.0, 0.0)",True
6448,,"(0, 0, 0, 0, 0)","(0.0, 0.0, 0.0, 0.0, 0.0)",True
6449,,"(0, 0, 0, 0, 0)","(0.0, 0.0, 0.0, 0.0, 1.0)",False
6450,,"(0, 0, 0, 1, 0)","(0.0, 0.0, 0.0, 1.0, 0.0)",True
6451,,"(0, 0, 1, 0, 0)","(0.0, 0.0, 1.0, 0.0, 0.0)",True
6452,,"(0, 1, 0, 0, 0)","(0.0, 1.0, 0.0, 0.0, 0.0)",True
6453,,"(1, 0, 0, 0, 0)","(1.0, 0.0, 0.0, 0.0, 0.0)",True
6454,,"(0, 0, 0, 0, 0)","(0.0, 0.0, 0.0, 0.0, 0.0)",True
6455,,"(0, 0, 0, 0, 0)","(0.0, 0.0, 0.0, 0.0, 0.0)",True
6456,,"(0, 0, 0, 0, 0)","(0.0, 0.0, 0.0, 0.0, 0.0)",True
6457,,"(0, 0, 0, 0, 0)","(0.0, 0.0, 0.0, 0.0, 0.0)",True
6458,,"(0, 0, 0, 0, 0)","(0.0, 0.0, 0.0, 0.0, 0.0)",True
6459,,"(0, 0, 0, 0, 0)","(0.0, 0.0, 0.0, 0.0, 0.0)",True
6460,,"(0, 0, 0, 0, 0)","(0.0, 0.0, 0.0, 0.0, 0.0)",True
6461,,"(0, 0, 0, 0, 0)","(0.0, 0.0, 0.0, 0.0, 0.0)",True
6462,,"(0, 0, 0, 0, 0)","(0.0, 0.0, 0.0, 0.0, 0.0)",True
6463,,"(0, 0, 0, 0, 0)","(0.0, 0.0, 0.0, 0.0, 0.0)",True
6464,,"(0, 0, 0, 0, 0)","(0.0, 0.0, 0.0, 0.0, 1.0)",False
6465,,"(0, 0, 0, 1, 0)","(0.0, 0.0, 0.0, 1.0, 0.0)",True
6466,,"(0, 0, 1, 0, 0)","(0.0, 0.0, 1.0, 0.0, 0.0)",True
6467,,"(0, 1, 0, 0, 0)","(0.0, 1.0, 0.0, 0.0, 0.0)",True
6468,,"(1, 0, 0, 0, 0)","(1.0, 0.0, 0.0, 0.0, 0.0)",True
6469,,"(0, 0, 0, 0, 0)","(0.0, 0.0, 0.0, 0.0, 1.0)",False
6470,,"(0, 0, 0, 1, 0)","(0.0, 0.0, 0.0, 1.0, 0.0)",True
6471,,"(0, 0, 1, 0, 0)","(0.0, 0.0, 1.0, 0.0, 0.0)",True
6472,,"(0, 1, 0, 0, 0)","(0.0, 1.0, 0.0, 0.0, 0.0)",True
6473,,"(1, 0, 0, 0, 0)","(1.0, 0.0, 0.0, 0.0, 0.0)",True
6474,,"(0, 0, 0, 0, 0)","(0.0, 0.0, 0.0, 0.0, 0.0)",True
6475,,"(0, 0, 0, 0, 0)","(0.0, 0.0, 0.0, 0.0, -0.0)",True
6476,,"(0, 0, 0, 0, 0)","(0.0, 0.0, 0.0, -0.0, -0.0)",True
6477,,"(0, 0, 0, 0, 0)","(0.0, 0.0, -0.0, -0.0, 0.0)",True
6478,,"(0, 0, 0, 0, 0)","(0.0, -0.0, -0.0, 0.0, 0.0)",True
6479,,"(0, 0, 0, 0, 0)","(-0.0, -0.0, 0.0, 0.0, -1.0)",False
6480,,"(0, 0, 0, -1, 0)","(-0.0, 0.0, 0.0, -1.0, -0.0)",True
6481,,"(0, 0, -1, 0, 0)","(0.0, 0.0, -1.0, -0.0, 0.0)",True
6482,,"(0, -1, 0, 0, 0)","(0.0, -1.0, -0.0, 0.0, 0.0)",True
6483,,"(-1, 0, 0, 0, 0)","(-1.0, -0.0, 0.0, 0.0, 0.0)",True
6484,,"(0, 0, 0, 0, 0)","(-0.0, 0.0, 0.0, 0.0, 0.0)",True
6485,,"(0, 0, 0, 0, 0)","(0.0, 0.0, 0.0, 0.0, 1.0)",False
6486,,"(0, 0, 0, 1, 0)","(0.0, 0.0, 0.0, 1.0, 1.0)",False
6487,,"(0, 0, 1, 1, 0)","(0.0, 0.0, 1.0, 1.0, 0.0)",True
6488,,"(0, 1, 1, 0, 0)","(0.0, 1.0, 1.0, 0.0, -0.0)",True
6489,,"(1, 1, 0, 0, 0)","(1.0, 1.0, 0.0, -0.0, 0.0)",True
6490,,"(1, 0, 0, 0, 0)","(1.0, 0.0, -0.0, 0.0, 0.0)",True
6491,,"(0, 0, 0, 0, 0)","(0.0, -0.0, 0.0, 0.0, 0.0)",True
6492,,"(0, 0, 0, 0, 0)","(-0.0, 0.0, 0.0, 0.0, 0.0)",True
6493,,"(0, 0, 0, 0, 0)","(0.0, 0.0, 0.0, 0.0, 0.0)",True
6494,,"(0, 0, 0, 0, 0)","(0.0, 0.0, 0.0, 0.0, -0.0)",True
6495,,"(0, 0, 0, 0, 0)","(0.0, 0.0, 0.0, -0.0, 0.0)",True
6496,,"(0, 0, 0, 0, 0)","(0.0, 0.0, -0.0, 0.0, 0.0)",True
6497,,"(0, 0, 0, 0, 0)","(0.0, -0.0, 0.0, 0.0, -0.0)",True
6498,,"(0, 0, 0, 0, 0)","(-0.0, 0.0, 0.0, -0.0, -0.0)",True
6499,,"(0, 0, 0, 0, 0)","(0.0, 0.0, -0.0, -0.0, 0.0)",True
6500,,"(0, 0, 0, 0, 0)","(0.0, -0.0, -0.0, 0.0, 0.0)",True
6501,,"(0, 0, 0, 0, 0)","(-0.0, -0.0, 0.0, 0.0, -0.0)",True
6502,,"(0, 0, 0, 0, 0)","(-0.0, 0.0, 0.0, -0.0, 0.0)",True
6503,,"(0, 0, 0, 0, 0)","(0.0, 0.0, -0.0, 0.0, 0.0)",True
6504,,"(0, 0, 0, 0, 0)","(0.0, -0.0, 0.0, 0.0, 0.0)",True
6505,,"(0, 0, 0, 0, 0)","(-0.0, 0.0, 0.0, 0.0, 0.0)",True
6506,,"(0, 0, 0, 0, 0)","(0.0, 0.0, 0.0, 0.0, -0.0)",True
6507,,"(0, 0, 0, 0, 0)","(0.0, 0.0, 0.0, -0.0, 0.0)",True
6508,,"(0, 0, 0, 0, 0)","(0.0, 0.0, -0.0, 0.0, 0.0)",True
6509,,"(0, 0, 0, 0, 0)","(0.0, -0.0, 0.0, 0.0, 0.0)",True
6510,,"(0, 0, 0, 0, 0)","(-0.0, 0.0, 0.0, 0.0, -0.0)",True
6511,,"(0, 0, 0, 0, 0)","(0.0, 0.0, 0.0, -0.0, 0.0)",True
6512,,"(0, 0, 0, 0, 0)","(0.0, 0.0, -0.0, 0.0, 0.0)",True
6513,,"(0, 0, 0, 0, 0)","(0.0, -0.0, 0.0, 0.0, 0.0)",True
6514,,"(0, 0, 0, 0, 0)","(-0.0, 0.0, 0.0, 0.0, 0.0)",True
6515,,"(0, 0, 0, 0, 0)","(0.0, 0.0, 0.0, 0.0, -0.0)",True
6516,,"(0, 0, 0, 0, 0)","(0.0, 0.0, 0.0, -0.0, 0.0)",True
6517,,"(0, 0, 0, 0, 0)","(0.0, 0.0, -0.0, 0.0, 0.0)",True
6518,,"(0, 0, 0, 0, 0)","(0.0, -0.0, 0.0, 0.0, 0.0)",True
6519,,"(0, 0, 0, 0, 0)","(-0.0, 0.0, 0.0, 0.0, 0.0)",True
6520,,"(0, 0, 0, 0, 0)","(0.0, 0.0, 0.0, 0.0, 0.0)",True
6521,,"(0, 0, 0, 0, 0)","(0.0, 0.0, 0.0, 0.0, 0.0)",True
6522,,"(0, 0, 0, 0, 0)","(0.0, 0.0, 0.0, 0.0, 0.0)",True
6523,,"(0, 0, 0, 0, 0)","(0.0, 0.0, 0.0, 0.0, 0.0)",True
6524,,"(0, 0, 0, 0, 0)","(0.0, 0.0, 0.0, 0.0, -0.0)",True
6525,,"(0, 0, 0, 0, 0)","(0.0, 0.0, 0.0, -0.0, 0.0)",True
6526,,"(0, 0, 0, 0, 0)","(0.0, 0.0, -0.0, 0.0, -0.0)",True
6527,,"(0, 0, 0, 0, 0)","(0.0, -0.0, 0.0, -0.0, 0.0)",True
6528,,"(0, 0, 0, 0, 0)","(-0.0, 0.0, -0.0, 0.0, 0.0)",True
6529,,"(0, 0, 0, 0, 0)","(0.0, -0.0, 0.0, 0.0, -0.0)",True
6530,,"(0, 0, 0, 0, 0)","(-0.0, 0.0, 0.0, -0.0, 0.0)",True
6531,,"(0, 0, 0, 0, 0)","(0.0, 0.0, -0.0, 0.0, -0.0)",True
6532,,"(0, 0, 0, 0, 0)","(0.0, -0.0, 0.0, -0.0, 0.0)",True
6533,,"(0, 0, 0, 0, 0)","(-0.0, 0.0, -0.0, 0.0, 0.0)",True
6534,,"(0, 0, 0, 0, 0)","(0.0, -0.0, 0.0, 0.0, 0.0)",True
6535,,"(0, 0, 0, 0, 0)","(-0.0, 0.0, 0.0, 0.0, 0.0)",True
6536,,"(0, 0, 0, 0, 0)","(0.0, 0.0, 0.0, 0.0, 0.0)",True
6537,,"(0, 0, 0, 0, 0)","(0.0, 0.0, 0.0, 0.0, 0.0)",True
6538,,"(0, 0, 0, 0, 0)","(0.0, 0.0, 0.0, 0.0, -0.0)",True
6539,,"(0, 0, 0, 0, 0)","(0.0, 0.0, 0.0, -0.0, 0.0)",True
6540,,"(0, 0, 0, 0, 0)","(0.0, 0.0, -0.0, 0.0, -0.0)",True
6541,,"(0, 0, 0, 0, 0)","(0.0, -0.0, 0.0, -0.0, 0.0)",True
6542,,"(0, 0, 0, 0, 0)","(-0.0, 0.0, -0.0, 0.0, 0.0)",True
6543,,"(0, 0, 0, 0, 0)","(0.0, -0.0, 0.0, 0.0, -0.0)",True
6544,,"(0, 0, 0, 0, 0)","(-0.0, 0.0, 0.0, -0.0, 0.0)",True
6545,,"(0, 0, 0, 0, 0)","(0.0, 0.0, -0.0, 0.0, -0.0)",True
6546,,"(0, 0, 0, 0, 0)","(0.0, -0.0, 0.0, -0.0, 0.0)",True
6547,,"(0, 0, 0, 0, 0)","(-0.0, 0.0, -0.0, 0.0, 0.0)",True
6548,,"(0, 0, 0, 0, 0)","(0.0, -0.0, 0.0, 0.0, 0.0)",True
6549,,"(0, 0, 0, 0, 0)","(-0.0, 0.0, 0.0, 0.0, 0.0)",True
6550,,"(0, 0, 0, 0, 0)","(0.0, 0.0, 0.0, 0.0, 0.0)",True
6551,,"(0, 0, 0, 0, 0)","(0.0, 0.0, 0.0, 0.0, 0.0)",True
6552,,"(0, 0, 0, 0, 0)","(0.0, 0.0, 0.0, 0.0, 0.0)",True
6553,,"(0, 0, 0, 0, 0)","(0.0, 0.0, 0.0, 0.0, 0.0)",True
6554,,"(0, 0, 0, 0, 0)","(0.0, 0.0, 0.0, 0.0, 0.0)",True
6555,,"(0, 0, 0, 0, 0)","(0.0, 0.0, 0.0, 0.0, -0.0)",True
6556,,"(0, 0, 0, 0, 0)","(0.0, 0.0, 0.0, -0.0, 0.0)",True
6557,,"(0, 0, 0, 0, 0)","(0.0, 0.0, -0.0, 0.0, 0.0)",True
6558,,"(0, 0, 0, 0, 0)","(0.0, -0.0, 0.0, 0.0, 0.0)",True
6559,,"(0, 0, 0, 0, 0)","(-0.0, 0.0, 0.0, 0.0, 0.0)",True
6560,,"(0, 0, 0, 0, 0)","(0.0, 0.0, 0.0, 0.0, 0.0)",True
6561,,"(0, 0, 0, 0, 0)","(0.0, 0.0, 0.0, 0.0, 0.0)",True
6562,,"(0, 0, 0, 0, 0)","(0.0, 0.0, 0.0, 0.0, 0.0)",True
6563,,"(0, 0, 0, 0, 0)","(0.0, 0.0, 0.0, 0.0, 0.0)",True
6564,,"(0, 0, 0, 0, 0)","(0.0, 0.0, 0.0, 0.0, 0.0)",True
6565,,"(0, 0, 0, 0, 0)","(0.0, 0.0, 0.0, 0.0, 0.0)",True
6566,,"(0, 0, 0, 0, 0)","(0.0, 0.0, 0.0, 0.0, 0.0)",True
6567,,"(0, 0, 0, 0, 0)","(0.0, 0.0, 0.0, 0.0, 0.0)",True
6568,,"(0, 0, 0, 0, 0)","(0.0, 0.0, 0.0, 0.0, 0.0)",True
6569,,"(0, 0, 0, 0, 0)","(0.0, 0.0, 0.0, 0.0, 0.0)",True
6570,,"(0, 0, 0, 0, 0)","(0.0, 0.0, 0.0, 0.0, -0.0)",True
6571,,"(0, 0, 0, 0, 0)","(0.0, 0.0, 0.0, -0.0, 0.0)",True
6572,,"(0, 0, 0, 0, 0)","(0.0, 0.0, -0.0, 0.0, 0.0)",True
6573,,"(0, 0, 0, 0, 0)","(0.0, -0.0, 0.0, 0.0, -0.0)",True
6574,,"(0, 0, 0, 0, 0)","(-0.0, 0.0, 0.0, -0.0, 0.0)",True
6575,,"(0, 0, 0, 0, 0)","(0.0, 0.0, -0.0, 0.0, -0.0)",True
6576,,"(0, 0, 0, 0, 0)","(0.0, -0.0, 0.0, -0.0, -0.0)",True
6577,,"(0, 0, 0, 0, 0)","(-0.0, 0.0, -0.0, -0.0, -0.0)",True
6578,,"(0, 0, 0, 0, 0)","(0.0, -0.0, -0.0, -0.0, -0.0)",True
6579,,"(0, 0, 0, 0, 0)","(-0.0, -0.0, -0.0, -0.0, 0.0)",True
6580,,"(0, 0, 0, 0, 0)","(-0.0, -0.0, -0.0, 0.0, 0.0)",True
6581,,"(0, 0, 0, 0, 0)","(-0.0, -0.0, 0.0, 0.0, 0.0)",True
6582,,"(0, 0, 0, 0, 0)","(-0.0, 0.0, 0.0, 0.0, 0.0)",True
6583,,"(0, 0, 0, 0, 0)","(0.0, 0.0, 0.0, 0.0, 0.0)",True
6584,,"(0, 0, 0, 0, 0)","(0.0, 0.0, 0.0, 0.0, 0.0)",True
6585,,"(0, 0, 0, 0, 0)","(0.0, 0.0, 0.0, 0.0, 1.0)",False
6586,,"(0, 0, 0, 1, 0)","(0.0, 0.0, 0.0, 1.0, -0.0)",True
6587,,"(0, 0, 1, 0, 0)","(0.0, 0.0, 1.0, -0.0, 0.0)",True
6588,,"(0, 1, 0, 0, 0)","(0.0, 1.0, -0.0, 0.0, 0.0)",True
6589,,"(1, 0, 0, 0, 0)","(1.0, -0.0, 0.0, 0.0, -0.0)",True
6590,,"(0, 0, 0, 0, 0)","(-0.0, 0.0, 0.0, -0.0, -0.0)",True
6591,,"(0, 0, 0, 0, 0)","(0.0, 0.0, -0.0, -0.0, 0.0)",True
6592,,"(0, 0, 0, 0, 0)","(0.0, -0.0, -0.0, 0.0, 0.0)",True
6593,,"(0, 0, 0, 0, 0)","(-0.0, -0.0, 0.0, 0.0, 0.0)",True
6594,,"(0, 0, 0, 0, 0)","(-0.0, 0.0, 0.0, 0.0, 0.0)",True
6595,,"(0, 0, 0, 0, 0)","(0.0, 0.0, 0.0, 0.0, 0.0)",True
6596,,"(0, 0, 0, 0, 0)","(0.0, 0.0, 0.0, 0.0, 0.0)",True
6597,,"(0, 0, 0, 0, 0)","(0.0, 0.0, 0.0, 0.0, -0.0)",True
6598,,"(0, 0, 0, 0, 0)","(0.0, 0.0, 0.0, -0.0, 0.0)",True
6599,,"(0, 0, 0, 0, 0)","(0.0, 0.0, -0.0, 0.0, 0.0)",True
6600,,"(0, 0, 0, 0, 0)","(0.0, -0.0, 0.0, 0.0, 0.0)",True
6601,,"(0, 0, 0, 0, 0)","(-0.0, 0.0, 0.0, 0.0, 1.0)",False
6602,,"(0, 0, 0, 1, 0)","(0.0, 0.0, 0.0, 1.0, -0.0)",True
6603,,"(0, 0, 1, 0, 0)","(0.0, 0.0, 1.0, -0.0, 0.0)",True
6604,,"(0, 1, 0, 0, 0)","(0.0, 1.0, -0.0, 0.0, -1.0)",False
6605,,"(1, 0, 0, -1, 0)","(1.0, -0.0, 0.0, -1.0, 1.0)",False
6606,,"(0, 0, -1, 1, 0)","(-0.0, 0.0, -1.0, 1.0, 0.0)",True
6607,,"(0, -1, 1, 0, 0)","(0.0, -1.0, 1.0, 0.0, 0.0)",True
6608,,"(-1, 1, 0, 0, 0)","(-1.0, 1.0, 0.0, 0.0, 0.0)",True
6609,,"(1, 0, 0, 0, 0)","(1.0, 0.0, 0.0, 0.0, -0.0)",True
6610,,"(0, 0, 0, 0, 0)","(0.0, 0.0, 0.0, -0.0, -0.0)",True
6611,,"(0, 0, 0, 0, 0)","(0.0, 0.0, -0.0, -0.0, -0.0)",True
6612,,"(0, 0, 0, 0, 0)","(0.0, -0.0, -0.0, -0.0, 0.0)",True
6613,,"(0, 0, 0, 0, 0)","(-0.0, -0.0, -0.0, 0.0, 0.0)",True
6614,,"(0, 0, 0, 0, 0)","(-0.0, -0.0, 0.0, 0.0, -0.0)",True
6615,,"(0, 0, 0, 0, 0)","(-0.0, 0.0, 0.0, -0.0, -0.0)",True
6616,,"(0, 0, 0, 0, 0)","(0.0, 0.0, -0.0, -0.0, 0.0)",True
6617,,"(0, 0, 0, 0, 0)","(0.0, -0.0, -0.0, 0.0, -0.0)",True
6618,,"(0, 0, 0, 0, 0)","(-0.0, -0.0, 0.0, -0.0, 0.0)",True
6619,,"(0, 0, 0, 0, 0)","(-0.0, 0.0, -0.0, 0.0, 0.0)",True
6620,,"(0, 0, 0, 0, 0)","(0.0, -0.0, 0.0, 0.0, 0.0)",True
6621,,"(0, 0, 0, 0, 0)","(-0.0, 0.0, 0.0, 0.0, 0.0)",True
6622,,"(0, 0, 0, 0, 0)","(0.0, 0.0, 0.0, 0.0, 0.0)",True
6623,,"(0, 0, 0, 0, 0)","(0.0, 0.0, 0.0, 0.0, -0.0)",True
6624,,"(0, 0, 0, 0, 0)","(0.0, 0.0, 0.0, -0.0, 0.0)",True
6625,,"(0, 0, 0, 0, 0)","(0.0, 0.0, -0.0, 0.0, 0.0)",True
6626,,"(0, 0, 0, 0, 0)","(0.0, -0.0, 0.0, 0.0, 0.0)",True
6627,,"(0, 0, 0, 0, 0)","(-0.0, 0.0, 0.0, 0.0, -0.0)",True
6628,,"(0, 0, 0, 0, 0)","(0.0, 0.0, 0.0, -0.0, 0.0)",True
6629,,"(0, 0, 0, 0, 0)","(0.0, 0.0, -0.0, 0.0, 0.0)",True
6630,,"(0, 0, 0, 0, 0)","(0.0, -0.0, 0.0, 0.0, 0.0)",True
6631,,"(0, 0, 0, 0, 0)","(-0.0, 0.0, 0.0, 0.0, -0.0)",True
6632,,"(0, 0, 0, 0, 0)","(0.0, 0.0, 0.0, -0.0, -0.0)",True
6633,,"(0, 0, 0, 0, 0)","(0.0, 0.0, -0.0, -0.0, -0.0)",True
6634,,"(0, 0, 0, 0, 0)","(0.0, -0.0, -0.0, -0.0, -0.0)",True
6635,,"(0, 0, 0, 0, 0)","(-0.0, -0.0, -0.0, -0.0, 0.0)",True
6636,,"(0, 0, 0, 0, 0)","(-0.0, -0.0, -0.0, 0.0, 0.0)",True
6637,,"(0, 0, 0, 0, 0)","(-0.0, -0.0, 0.0, 0.0, 0.0)",True
6638,,"(0, 0, 0, 0, 0)","(-0.0, 0.0, 0.0, 0.0, -0.0)",True
6639,,"(0, 0, 0, 0, 0)","(0.0, 0.0, 0.0, -0.0, -0.0)",True
6640,,"(0, 0, 0, 0, 0)","(0.0, 0.0, -0.0, -0.0, 0.0)",True
6641,,"(0, 0, 0, 0, 0)","(0.0, -0.0, -0.0, 0.0, 0.0)",True
6642,,"(0, 0, 0, 0, 0)","(-0.0, -0.0, 0.0, 0.0, 0.0)",True
6643,,"(0, 0, 0, 0, 0)","(-0.0, 0.0, 0.0, 0.0, 0.0)",True
6644,,"(0, 0, 0, 0, 0)","(0.0, 0.0, 0.0, 0.0, 0.0)",True
6645,,"(0, 0, 0, 0, 0)","(0.0, 0.0, 0.0, 0.0, -0.0)",True
6646,,"(0, 0, 0, 0, 0)","(0.0, 0.0, 0.0, -0.0, 0.0)",True
6647,,"(0, 0, 0, 0, 0)","(0.0, 0.0, -0.0, 0.0, 0.0)",True
6648,,"(0, 0, 0, 0, 0)","(0.0, -0.0, 0.0, 0.0, 0.0)",True
6649,,"(0, 0, 0, 0, 0)","(-0.0, 0.0, 0.0, 0.0, 0.0)",True
6650,,"(0, 0, 0, 0, 0)","(0.0, 0.0, 0.0, 0.0, 0.0)",True
6651,,"(0, 0, 0, 0, 0)","(0.0, 0.0, 0.0, 0.0, 0.0)",True
6652,,"(0, 0, 0, 0, 0)","(0.0, 0.0, 0.0, 0.0, 0.0)",True
6653,,"(0, 0, 0, 0, 0)","(0.0, 0.0, 0.0, 0.0, 0.0)",True
6654,,"(0, 0, 0, 0, 0)","(0.0, 0.0, 0.0, 0.0, 0.0)",True
6655,,"(0, 0, 0, 0, 0)","(0.0, 0.0, 0.0, 0.0, 0.0)",True
6656,,"(0, 0, 0, 0, 0)","(0.0, 0.0, 0.0, 0.0, 0.0)",True
6657,,"(0, 0, 0, 0, 0)","(0.0, 0.0, 0.0, 0.0, 0.0)",True
6658,,"(0, 0, 0, 0, 0)","(0.0, 0.0, 0.0, 0.0, 0.0)",True
6659,,"(0, 0, 0, 0, 0)","(0.0, 0.0, 0.0, 0.0, 0.0)",True
6660,,"(0, 0, 0, 0, 0)","(0.0, 0.0, 0.0, 0.0, 0.0)",True
6661,,"(0, 0, 0, 0, 0)","(0.0, 0.0, 0.0, 0.0, -0.0)",True
6662,,"(0, 0, 0, 0, 0)","(0.0, 0.0, 0.0, -0.0, 0.0)",True
6663,,"(0, 0, 0, 0, 0)","(0.0, 0.0, -0.0, 0.0, 1.0)",False
6664,,"(0, 0, 0, 1, 0)","(0.0, -0.0, 0.0, 1.0, 0.0)",True
6665,,"(0, 0, 1, 0, 0)","(-0.0, 0.0, 1.0, 0.0, 0.0)",True
6666,,"(0, 1, 0, 0, 0)","(0.0, 1.0, 0.0, 0.0, 0.0)",True
6667,,"(1, 0, 0, 0, 0)","(1.0, 0.0, 0.0, 0.0, -0.0)",True
6668,,"(0, 0, 0, 0, 0)","(0.0, 0.0, 0.0, -0.0, 0.0)",True
6669,,"(0, 0, 0, 0, 0)","(0.0, 0.0, -0.0, 0.0, 0.0)",True
6670,,"(0, 0, 0, 0, 0)","(0.0, -0.0, 0.0, 0.0, -0.0)",True
6671,,"(0, 0, 0, 0, 0)","(-0.0, 0.0, 0.0, -0.0, 0.0)",True
6672,,"(0, 0, 0, 0, 0)","(0.0, 0.0, -0.0, 0.0, 0.0)",True
6673,,"(0, 0, 0, 0, 0)","(0.0, -0.0, 0.0, 0.0, 0.0)",True
6674,,"(0, 0, 0, 0, 0)","(-0.0, 0.0, 0.0, 0.0, 0.0)",True
6675,,"(0, 0, 0, 0, 0)","(0.0, 0.0, 0.0, 0.0, 0.0)",True
6676,,"(0, 0, 0, 0, 0)","(0.0, 0.0, 0.0, 0.0, 0.0)",True
6677,,"(0, 0, 0, 0, 0)","(0.0, 0.0, 0.0, 0.0, -0.0)",True
6678,,"(0, 0, 0, 0, 0)","(0.0, 0.0, 0.0, -0.0, 0.0)",True
6679,,"(0, 0, 0, 0, 0)","(0.0, 0.0, -0.0, 0.0, 0.0)",True
6680,,"(0, 0, 0, 0, 0)","(0.0, -0.0, 0.0, 0.0, 0.0)",True
6681,,"(0, 0, 0, 0, 0)","(-0.0, 0.0, 0.0, 0.0, 0.0)",True
6682,,"(0, 0, 0, 0, 0)","(0.0, 0.0, 0.0, 0.0, 0.0)",True
6683,,"(0, 0, 0, 0, 0)","(0.0, 0.0, 0.0, 0.0, 0.0)",True
6684,,"(0, 0, 0, 0, 0)","(0.0, 0.0, 0.0, 0.0, 0.0)",True
6685,,"(0, 0, 0, 0, 0)","(0.0, 0.0, 0.0, 0.0, -1.0)",False
6686,,"(0, 0, 0, -1, 0)","(0.0, 0.0, 0.0, -1.0, -0.0)",True
6687,,"(0, 0, -1, 0, 0)","(0.0, 0.0, -1.0, -0.0, 0.0)",True
6688,,"(0, -1, 0, 0, 0)","(0.0, -1.0, -0.0, 0.0, -0.0)",True
6689,,"(-1, 0, 0, 0, 0)","(-1.0, -0.0, 0.0, -0.0, -0.0)",True
6690,,"(0, 0, 0, 0, 0)","(-0.0, 0.0, -0.0, -0.0, 0.0)",True
6691,,"(0, 0, 0, 0, 0)","(0.0, -0.0, -0.0, 0.0, 0.0)",True
6692,,"(0, 0, 0, 0, 0)","(-0.0, -0.0, 0.0, 0.0, 1.0)",False
6693,,"(0, 0, 0, 1, 0)","(-0.0, 0.0, 0.0, 1.0, 0.0)",True
6694,,"(0, 0, 1, 0, 0)","(0.0, 0.0, 1.0, 0.0, 0.0)",True
6695,,"(0, 1, 0, 0, 0)","(0.0, 1.0, 0.0, 0.0, 0.0)",True
6696,,"(1, 0, 0, 0, 0)","(1.0, 0.0, 0.0, 0.0, 1.0)",False
6697,,"(0, 0, 0, 1, 0)","(0.0, 0.0, 0.0, 1.0, 0.0)",True
6698,,"(0, 0, 1, 0, 0)","(0.0, 0.0, 1.0, 0.0, 1.0)",False
6699,,"(0, 1, 0, 1, 0)","(0.0, 1.0, 0.0, 1.0, -0.0)",True
6700,,"(1, 0, 1, 0, 0)","(1.0, 0.0, 1.0, -0.0, 0.0)",True
6701,,"(0, 1, 0, 0, 0)","(0.0, 1.0, -0.0, 0.0, 0.0)",True
6702,,"(1, 0, 0, 0, 0)","(1.0, -0.0, 0.0, 0.0, 0.0)",True
6703,,"(0, 0, 0, 0, 0)","(-0.0, 0.0, 0.0, 0.0, 0.0)",True
6704,,"(0, 0, 0, 0, 0)","(0.0, 0.0, 0.0, 0.0, -0.0)",True
6705,,"(0, 0, 0, 0, 0)","(0.0, 0.0, 0.0, -0.0, 0.0)",True
6706,,"(0, 0, 0, 0, 0)","(0.0, 0.0, -0.0, 0.0, 0.0)",True
6707,,"(0, 0, 0, 0, 0)","(0.0, -0.0, 0.0, 0.0, 1.0)",False
6708,,"(0, 0, 0, 1, 0)","(-0.0, 0.0, 0.0, 1.0, 0.0)",True
6709,,"(0, 0, 1, 0, 0)","(0.0, 0.0, 1.0, 0.0, 0.0)",True
6710,,"(0, 1, 0, 0, 0)","(0.0, 1.0, 0.0, 0.0, 0.0)",True
6711,,"(1, 0, 0, 0, 0)","(1.0, 0.0, 0.0, 0.0, 0.0)",True
6712,,"(0, 0, 0, 0, 0)","(0.0, 0.0, 0.0, 0.0, 1.0)",False
6713,,"(0, 0, 0, 1, 0)","(0.0, 0.0, 0.0, 1.0, 1.0)",False
6714,,"(0, 0, 1, 1, 0)","(0.0, 0.0, 1.0, 1.0, -0.0)",True
6715,,"(0, 1, 1, 0, 0)","(0.0, 1.0, 1.0, -0.0, 1.0)",False
6716,,"(1, 1, 0, 1, 1)","(1.0, 1.0, -0.0, 1.0, 0.0)",False
6717,,"(1, 0, 1, 0, 1)","(1.0, -0.0, 1.0, 0.0, -0.0)",False
6718,,"(0, 1, 0, 0, 0)","(-0.0, 1.0, 0.0, -0.0, 0.0)",True
6719,,"(1, 0, 0, 0, 0)","(1.0, 0.0, -0.0, 0.0, 1.0)",False
6720,,"(0, 0, 0, 1, 0)","(0.0, -0.0, 0.0, 1.0, 0.0)",True
6721,,"(0, 0, 1, 0, 0)","(-0.0, 0.0, 1.0, 0.0, 0.0)",True
6722,,"(0, 1, 0, 0, 0)","(0.0, 1.0, 0.0, 0.0, 0.0)",True
6723,,"(1, 0, 0, 0, 0)","(1.0, 0.0, 0.0, 0.0, 0.0)",True
6724,,"(0, 0, 0, 0, 0)","(0.0, 0.0, 0.0, 0.0, 0.0)",True
6725,,"(0, 0, 0, 0, 0)","(0.0, 0.0, 0.0, 0.0, -1.0)",False
6726,,"(0, 0, 0, -1, 0)","(0.0, 0.0, 0.0, -1.0, 0.0)",True
6727,,"(0, 0, -1, 0, 0)","(0.0, 0.0, -1.0, 0.0, 1.0)",False
6728,,"(0, -1, 0, 1, 0)","(0.0, -1.0, 0.0, 1.0, -0.0)",True
6729,,"(-1, 0, 1, 0, 0)","(-1.0, 0.0, 1.0, -0.0, 0.0)",True
6730,,"(0, 1, 0, 0, 0)","(0.0, 1.0, -0.0, 0.0, 0.0)",True
6731,,"(1, 0, 0, 0, 0)","(1.0, -0.0, 0.0, 0.0, 0.0)",True
6732,,"(0, 0, 0, 0, 0)","(-0.0, 0.0, 0.0, 0.0, 0.0)",True
6733,,"(0, 0, 0, 0, 0)","(0.0, 0.0, 0.0, 0.0, 0.0)",True
6734,,"(0, 0, 0, 0, 0)","(0.0, 0.0, 0.0, 0.0, -1.0)",False
6735,,"(0, 0, 0, -1, 0)","(0.0, 0.0, 0.0, -1.0, 0.0)",True
6736,,"(0, 0, -1, 0, 0)","(0.0, 0.0, -1.0, 0.0, 0.0)",True
6737,,"(0, -1, 0, 0, 0)","(0.0, -1.0, 0.0, 0.0, 1.0)",False
6738,,"(-1, 0, 0, 1, 0)","(-1.0, 0.0, 0.0, 1.0, -0.0)",True
6739,,"(0, 0, 1, 0, 0)","(0.0, 0.0, 1.0, -0.0, 0.0)",True
6740,,"(0, 1, 0, 0, 0)","(0.0, 1.0, -0.0, 0.0, 0.0)",True
6741,,"(1, 0, 0, 0, 0)","(1.0, -0.0, 0.0, 0.0, 1.0)",False
6742,,"(0, 0, 0, 1, 0)","(-0.0, 0.0, 0.0, 1.0, -1.0)",False
6743,,"(0, 0, 1, -1, 0)","(0.0, 0.0, 1.0, -1.0, 0.0)",True
6744,,"(0, 1, -1, 0, 0)","(0.0, 1.0, -1.0, 0.0, 0.0)",True
6745,,"(1, -1, 0, 0, 0)","(1.0, -1.0, 0.0, 0.0, 1.0)",False
6746,,"(-1, 0, 0, 1, 0)","(-1.0, 0.0, 0.0, 1.0, 0.0)",True
6747,,"(0, 0, 1, 0, 0)","(0.0, 0.0, 1.0, 0.0, 0.0)",True
6748,,"(0, 1, 0, 0, 0)","(0.0, 1.0, 0.0, 0.0, 1.0)",False
6749,,"(1, 0, 0, 1, 0)","(1.0, 0.0, 0.0, 1.0, -1.0)",False
6750,,"(0, 0, 1, -1, 0)","(0.0, 0.0, 1.0, -1.0, 0.0)",True
6751,,"(0, 1, -1, 0, 0)","(0.0, 1.0, -1.0, 0.0, -1.0)",False
6752,,"(1, -1, 0, -1, 0)","(1.0, -1.0, 0.0, -1.0, -1.0)",False
6753,,"(-1, 0, -1, -1, 0)","(-1.0, 0.0, -1.0, -1.0, 0.0)",True
6754,,"(0, -1, -1, 0, -1)","(0.0, -1.0, -1.0, 0.0, 0.0)",False
6755,,"(-1, -1, 0, 0, 0)","(-1.0, -1.0, 0.0, 0.0, 0.0)",True
6756,,"(-1, 0, 0, 0, 0)","(-1.0, 0.0, 0.0, 0.0, -0.0)",True
6757,,"(0, 0, 0, 0, 0)","(0.0, 0.0, 0.0, -0.0, 0.0)",True
6758,,"(0, 0, 0, 0, 0)","(0.0, 0.0, -0.0, 0.0, -0.0)",True
6759,,"(0, 0, 0, 0, 0)","(0.0, -0.0, 0.0, -0.0, -0.0)",True
6760,,"(0, 0, 0, 0, 0)","(-0.0, 0.0, -0.0, -0.0, -1.0)",False
6761,,"(0, 0, 0, -1, 0)","(0.0, -0.0, -0.0, -1.0, 0.0)",True
6762,,"(0, 0, -1, 0, 0)","(-0.0, -0.0, -1.0, 0.0, 1.0)",False
6763,,"(0, -1, 0, 1, 0)","(-0.0, -1.0, 0.0, 1.0, 0.0)",True
6764,,"(-1, 0, 1, 0, 0)","(-1.0, 0.0, 1.0, 0.0, 0.0)",True
6765,,"(0, 1, 0, 0, 0)","(0.0, 1.0, 0.0, 0.0, 0.0)",True
6766,,"(1, 0, 0, 0, 0)","(1.0, 0.0, 0.0, 0.0, -1.0)",False
6767,,"(0, 0, 0, -1, 0)","(0.0, 0.0, 0.0, -1.0, 0.0)",True
6768,,"(0, 0, -1, 0, 0)","(0.0, 0.0, -1.0, 0.0, 0.0)",True
6769,,"(0, -1, 0, 0, 0)","(0.0, -1.0, 0.0, 0.0, 0.0)",True
6770,,"(-1, 0, 0, 0, 0)","(-1.0, 0.0, 0.0, 0.0, -1.0)",False
6771,,"(0, 0, 0, -1, 0)","(0.0, 0.0, 0.0, -1.0, 0.0)",True
6772,,"(0, 0, -1, 0, 0)","(0.0, 0.0, -1.0, 0.0, -0.0)",True
6773,,"(0, -1, 0, 0, 0)","(0.0, -1.0, 0.0, -0.0, -0.0)",True
6774,,"(-1, 0, 0, 0, 0)","(-1.0, 0.0, -0.0, -0.0, -0.0)",True
6775,,"(0, 0, 0, 0, 0)","(0.0, -0.0, -0.0, -0.0, 1.0)",False
6776,,"(0, 0, 0, 1, 0)","(-0.0, -0.0, -0.0, 1.0, 1.0)",False
6777,,"(0, 0, 1, 1, 0)","(-0.0, -0.0, 1.0, 1.0, 0.0)",True
6778,,"(0, 1, 1, 0, 0)","(-0.0, 1.0, 1.0, 0.0, 0.0)",True
6779,,"(1, 1, 0, 0, 0)","(1.0, 1.0, 0.0, 0.0, -1.0)",False
6780,,"(1, 0, 0, -1, 0)","(1.0, 0.0, 0.0, -1.0, -0.0)",True
6781,,"(0, 0, -1, 0, 0)","(0.0, 0.0, -1.0, -0.0, 0.0)",True
6782,,"(0, -1, 0, 0, 0)","(0.0, -1.0, -0.0, 0.0, 0.0)",True
6783,,"(-1, 0, 0, 0, 0)","(-1.0, -0.0, 0.0, 0.0, 0.0)",True
6784,,"(0, 0, 0, 0, 0)","(-0.0, 0.0, 0.0, 0.0, 0.0)",True
6785,,"(0, 0, 0, 0, 0)","(0.0, 0.0, 0.0, 0.0, -0.0)",True
6786,,"(0, 0, 0, 0, 0)","(0.0, 0.0, 0.0, -0.0, 0.0)",True
6787,,"(0, 0, 0, 0, 0)","(0.0, 0.0, -0.0, 0.0, 0.0)",True
6788,,"(0, 0, 0, 0, 0)","(0.0, -0.0, 0.0, 0.0, -1.0)",False
6789,,"(0, 0, 0, -1, 0)","(-0.0, 0.0, 0.0, -1.0, 0.0)",True
6790,,"(0, 0, -1, 0, 0)","(0.0, 0.0, -1.0, 0.0, 0.0)",True
6791,,"(0, -1, 0, 0, 0)","(0.0, -1.0, 0.0, 0.0, -1.0)",False
6792,,"(-1, 0, 0, -1, 0)","(-1.0, 0.0, 0.0, -1.0, -0.0)",True
6793,,"(0, 0, -1, 0, 0)","(0.0, 0.0, -1.0, -0.0, 0.0)",True
6794,,"(0, -1, 0, 0, 0)","(0.0, -1.0, -0.0, 0.0, -0.0)",True
6795,,"(-1, 0, 0, 0, 0)","(-1.0, -0.0, 0.0, -0.0, -1.0)",False
6796,,"(0, 0, 0, -1, 0)","(-0.0, 0.0, -0.0, -1.0, -0.0)",True
6797,,"(0, 0, -1, 0, 0)","(0.0, -0.0, -1.0, -0.0, 1.0)",False
6798,,"(0, -1, 0, 1, 0)","(-0.0, -1.0, -0.0, 1.0, 0.0)",True
6799,,"(-1, 0, 1, 0, 0)","(-1.0, -0.0, 1.0, 0.0, 0.0)",True
6800,,"(0, 1, 0, 0, 0)","(-0.0, 1.0, 0.0, 0.0, 0.0)",True
6801,,"(1, 0, 0, 0, 0)","(1.0, 0.0, 0.0, 0.0, 0.0)",True
6802,,"(0, 0, 0, 0, 0)","(0.0, 0.0, 0.0, 0.0, 0.0)",True
6803,,"(0, 0, 0, 0, 0)","(0.0, 0.0, 0.0, 0.0, 0.0)",True
6804,,"(0, 0, 0, 0, 0)","(0.0, 0.0, 0.0, 0.0, -0.0)",True
6805,,"(0, 0, 0, 0, 0)","(0.0, 0.0, 0.0, -0.0, -1.0)",False
6806,,"(0, 0, 0, -1, 0)","(0.0, 0.0, -0.0, -1.0, 0.0)",True
6807,,"(0, 0, -1, 0, 0)","(0.0, -0.0, -1.0, 0.0, -0.0)",True
6808,,"(0, -1, 0, 0, 0)","(-0.0, -1.0, 0.0, -0.0, 0.0)",True
6809,,"(-1, 0, 0, 0, 0)","(-1.0, 0.0, -0.0, 0.0, 0.0)",True
6810,,"(0, 0, 0, 0, 0)","(0.0, -0.0, 0.0, 0.0, 0.0)",True
6811,,"(0, 0, 0, 0, 0)","(-0.0, 0.0, 0.0, 0.0, 1.0)",False
6812,,"(0, 0, 0, 1, 0)","(0.0, 0.0, 0.0, 1.0, -0.0)",True
6813,,"(0, 0, 1, 0, 0)","(0.0, 0.0, 1.0, -0.0, -0.0)",True
6814,,"(0, 1, 0, 0, 0)","(0.0, 1.0, -0.0, -0.0, -0.0)",True
6815,,"(1, 0, 0, 0, 0)","(1.0, -0.0, -0.0, -0.0, 0.0)",True
6816,,"(0, 0, 0, 0, 0)","(-0.0, -0.0, -0.0, 0.0, 0.0)",True
6817,,"(0, 0, 0, 0, 0)","(-0.0, -0.0, 0.0, 0.0, 0.0)",True
6818,,"(0, 0, 0, 0, 0)","(-0.0, 0.0, 0.0, 0.0, -0.0)",True
6819,,"(0, 0, 0, 0, 0)","(0.0, 0.0, 0.0, -0.0, 0.0)",True
6820,,"(0, 0, 0, 0, 0)","(0.0, 0.0, -0.0, 0.0, 0.0)",True
6821,,"(0, 0, 0, 0, 0)","(0.0, -0.0, 0.0, 0.0, 0.0)",True
6822,,"(0, 0, 0, 0, 0)","(-0.0, 0.0, 0.0, 0.0, 0.0)",True
6823,,"(0, 0, 0, 0, 0)","(0.0, 0.0, 0.0, 0.0, 0.0)",True
6824,,"(0, 0, 0, 0, 0)","(0.0, 0.0, 0.0, 0.0, 0.0)",True
6825,,"(0, 0, 0, 0, 0)","(0.0, 0.0, 0.0, 0.0, -0.0)",True
6826,,"(0, 0, 0, 0, 0)","(0.0, 0.0, 0.0, -0.0, 0.0)",True
6827,,"(0, 0, 0, 0, 0)","(0.0, 0.0, -0.0, 0.0, 0.0)",True
6828,,"(0, 0, 0, 0, 0)","(0.0, -0.0, 0.0, 0.0, 0.0)",True
6829,,"(0, 0, 0, 0, 0)","(-0.0, 0.0, 0.0, 0.0, 0.0)",True
6830,,"(0, 0, 0, 0, 0)","(0.0, 0.0, 0.0, 0.0, 0.0)",True
6831,,"(0, 0, 0, 0, 0)","(0.0, 0.0, 0.0, 0.0, 0.0)",True
6832,,"(0, 0, 0, 0, 0)","(0.0, 0.0, 0.0, 0.0, 0.0)",True
6833,,"(0, 0, 0, 0, 0)","(0.0, 0.0, 0.0, 0.0, 0.0)",True
6834,,"(0, 0, 0, 0, 0)","(0.0, 0.0, 0.0, 0.0, -0.0)",True
6835,,"(0, 0, 0, 0, 0)","(0.0, 0.0, 0.0, -0.0, 0.0)",True
6836,,"(0, 0, 0, 0, 0)","(0.0, 0.0, -0.0, 0.0, 0.0)",True
6837,,"(0, 0, 0, 0, 0)","(0.0, -0.0, 0.0, 0.0, 0.0)",True
6838,,"(0, 0, 0, 0, 0)","(-0.0, 0.0, 0.0, 0.0, -1.0)",False
6839,,"(0, 0, 0, -1, 0)","(0.0, 0.0, 0.0, -1.0, -0.0)",True
6840,,"(0, 0, -1, 0, 0)","(0.0, 0.0, -1.0, -0.0, 0.0)",True
6841,,"(0, -1, 0, 0, 0)","(0.0, -1.0, -0.0, 0.0, -0.0)",True
6842,,"(-1, 0, 0, 0, 0)","(-1.0, -0.0, 0.0, -0.0, 0.0)",True
6843,,"(0, 0, 0, 0, 0)","(-0.0, 0.0, -0.0, 0.0, 0.0)",True
6844,,"(0, 0, 0, 0, 0)","(0.0, -0.0, 0.0, 0.0, -1.0)",False
6845,,"(0, 0, 0, -1, 0)","(-0.0, 0.0, 0.0, -1.0, 0.0)",True
6846,,"(0, 0, -1, 0, 0)","(0.0, 0.0, -1.0, 0.0, 0.0)",True
6847,,"(0, -1, 0, 0, 0)","(0.0, -1.0, 0.0, 0.0, 0.0)",True
6848,,"(-1, 0, 0, 0, 0)","(-1.0, 0.0, 0.0, 0.0, -0.0)",True
6849,,"(0, 0, 0, 0, 0)","(0.0, 0.0, 0.0, -0.0, 0.0)",True
6850,,"(0, 0, 0, 0, 0)","(0.0, 0.0, -0.0, 0.0, -0.0)",True
6851,,"(0, 0, 0, 0, 0)","(0.0, -0.0, 0.0, -0.0, -0.0)",True
6852,,"(0, 0, 0, 0, 0)","(-0.0, 0.0, -0.0, -0.0, 0.0)",True
6853,,"(0, 0, 0, 0, 0)","(0.0, -0.0, -0.0, 0.0, 1.0)",False
6854,,"(0, 0, 0, 1, 0)","(-0.0, -0.0, 0.0, 1.0, 0.0)",True
6855,,"(0, 0, 1, 0, 0)","(-0.0, 0.0, 1.0, 0.0, 0.0)",True
6856,,"(0, 1, 0, 0, 0)","(0.0, 1.0, 0.0, 0.0, -0.0)",True
6857,,"(1, 0, 0, 0, 0)","(1.0, 0.0, 0.0, -0.0, 0.0)",True
6858,,"(0, 0, 0, 0, 0)","(0.0, 0.0, -0.0, 0.0, 0.0)",True
6859,,"(0, 0, 0, 0, 0)","(0.0, -0.0, 0.0, 0.0, 0.0)",True
6860,,"(0, 0, 0, 0, 0)","(-0.0, 0.0, 0.0, 0.0, 0.0)",True
6861,,"(0, 0, 0, 0, 0)","(0.0, 0.0, 0.0, 0.0, -0.0)",True
6862,,"(0, 0, 0, 0, 0)","(0.0, 0.0, 0.0, -0.0, 0.0)",True
6863,,"(0, 0, 0, 0, 0)","(0.0, 0.0, -0.0, 0.0, 0.0)",True
6864,,"(0, 0, 0, 0, 0)","(0.0, -0.0, 0.0, 0.0, 0.0)",True
6865,,"(0, 0, 0, 0, 0)","(-0.0, 0.0, 0.0, 0.0, 0.0)",True
6866,,"(0, 0, 0, 0, 0)","(0.0, 0.0, 0.0, 0.0, -0.0)",True
6867,,"(0, 0, 0, 0, 0)","(0.0, 0.0, 0.0, -0.0, 0.0)",True
6868,,"(0, 0, 0, 0, 0)","(0.0, 0.0, -0.0, 0.0, 0.0)",True
6869,,"(0, 0, 0, 0, 0)","(0.0, -0.0, 0.0, 0.0, 0.0)",True
6870,,"(0, 0, 0, 0, 0)","(-0.0, 0.0, 0.0, 0.0, 0.0)",True
6871,,"(0, 0, 0, 0, 0)","(0.0, 0.0, 0.0, 0.0, -0.0)",True
6872,,"(0, 0, 0, 0, 0)","(0.0, 0.0, 0.0, -0.0, -0.0)",True
6873,,"(0, 0, 0, 0, 0)","(0.0, 0.0, -0.0, -0.0, 0.0)",True
6874,,"(0, 0, 0, 0, 0)","(0.0, -0.0, -0.0, 0.0, 0.0)",True
6875,,"(0, 0, 0, 0, 0)","(-0.0, -0.0, 0.0, 0.0, -0.0)",True
6876,,"(0, 0, 0, 0, 0)","(-0.0, 0.0, 0.0, -0.0, -0.0)",True
6877,,"(0, 0, 0, 0, 0)","(0.0, 0.0, -0.0, -0.0, 0.0)",True
6878,,"(0, 0, 0, 0, 0)","(0.0, -0.0, -0.0, 0.0, 0.0)",True
6879,,"(0, 0, 0, 0, 0)","(-0.0, -0.0, 0.0, 0.0, 0.0)",True
6880,,"(0, 0, 0, 0, 0)","(-0.0, 0.0, 0.0, 0.0, 0.0)",True
6881,,"(0, 0, 0, 0, 0)","(0.0, 0.0, 0.0, 0.0, 0.0)",True
6882,,"(0, 0, 0, 0, 0)","(0.0, 0.0, 0.0, 0.0, 0.0)",True
6883,,"(0, 0, 0, 0, 0)","(0.0, 0.0, 0.0, 0.0, 0.0)",True
6884,,"(0, 0, 0, 0, 0)","(0.0, 0.0, 0.0, 0.0, 0.0)",True
6885,,"(0, 0, 0, 0, 0)","(0.0, 0.0, 0.0, 0.0, 0.0)",True
6886,,"(0, 0, 0, 0, 0)","(0.0, 0.0, 0.0, 0.0, 0.0)",True
6887,,"(0, 0, 0, 0, 0)","(0.0, 0.0, 0.0, 0.0, -0.0)",True
6888,,"(0, 0, 0, 0, 0)","(0.0, 0.0, 0.0, -0.0, -0.0)",True
6889,,"(0, 0, 0, 0, 0)","(0.0, 0.0, -0.0, -0.0, 0.0)",True
6890,,"(0, 0, 0, 0, 0)","(0.0, -0.0, -0.0, 0.0, 0.0)",True
6891,,"(0, 0, 0, 0, 0)","(-0.0, -0.0, 0.0, 0.0, 0.0)",True
6892,,"(0, 0, 0, 0, 0)","(-0.0, 0.0, 0.0, 0.0, 0.0)",True
6893,,"(0, 0, 0, 0, 0)","(0.0, 0.0, 0.0, 0.0, 0.0)",True
6894,,"(0, 0, 0, 0, 0)","(0.0, 0.0, 0.0, 0.0, 0.0)",True
6895,,"(0, 0, 0, 0, 0)","(0.0, 0.0, 0.0, 0.0, -0.0)",True
6896,,"(0, 0, 0, 0, 0)","(0.0, 0.0, 0.0, -0.0, 0.0)",True
6897,,"(0, 0, 0, 0, 0)","(0.0, 0.0, -0.0, 0.0, 0.0)",True
6898,,"(0, 0, 0, 0, 0)","(0.0, -0.0, 0.0, 0.0, 0.0)",True
6899,,"(0, 0, 0, 0, 0)","(-0.0, 0.0, 0.0, 0.0, 0.0)",True
6900,,"(0, 0, 0, 0, 0)","(0.0, 0.0, 0.0, 0.0, 0.0)",True
6901,,"(0, 0, 0, 0, 0)","(0.0, 0.0, 0.0, 0.0, -0.0)",True
6902,,"(0, 0, 0, 0, 0)","(0.0, 0.0, 0.0, -0.0, 0.0)",True
6903,,"(0, 0, 0, 0, 0)","(0.0, 0.0, -0.0, 0.0, -0.0)",True
6904,,"(0, 0, 0, 0, 0)","(0.0, -0.0, 0.0, -0.0, 0.0)",True
6905,,"(0, 0, 0, 0, 0)","(-0.0, 0.0, -0.0, 0.0, 0.0)",True
6906,,"(0, 0, 0, 0, 0)","(0.0, -0.0, 0.0, 0.0, 1.0)",False
6907,,"(0, 0, 0, 1, 0)","(-0.0, 0.0, 0.0, 1.0, 0.0)",True
6908,,"(0, 0, 1, 0, 0)","(0.0, 0.0, 1.0, 0.0, 0.0)",True
6909,,"(0, 1, 0, 0, 0)","(0.0, 1.0, 0.0, 0.0, -0.0)",True
6910,,"(1, 0, 0, 0, 0)","(1.0, 0.0, 0.0, -0.0, 0.0)",True
6911,,"(0, 0, 0, 0, 0)","(0.0, 0.0, -0.0, 0.0, -0.0)",True
6912,,"(0, 0, 0, 0, 0)","(0.0, -0.0, 0.0, -0.0, -1.0)",False
6913,,"(0, 0, 0, -1, 0)","(-0.0, 0.0, -0.0, -1.0, 1.0)",False
6914,,"(0, 0, -1, 1, 0)","(0.0, -0.0, -1.0, 1.0, 1.0)",False
6915,,"(0, -1, 1, 1, 0)","(-0.0, -1.0, 1.0, 1.0, 1.0)",False
6916,,"(-1, 1, 1, 1, 0)","(-1.0, 1.0, 1.0, 1.0, 0.0)",True
6917,,"(1, 1, 1, 0, 0)","(1.0, 1.0, 1.0, 0.0, 0.0)",True
6918,,"(1, 1, 0, 0, 1)","(1.0, 1.0, 0.0, 0.0, -1.0)",False
6919,,"(1, 0, 0, -1, 0)","(1.0, 0.0, 0.0, -1.0, 0.0)",True
6920,,"(0, 0, -1, 0, 0)","(0.0, 0.0, -1.0, 0.0, 1.0)",False
6921,,"(0, -1, 0, 1, 0)","(0.0, -1.0, 0.0, 1.0, -0.0)",True
6922,,"(-1, 0, 1, 0, 0)","(-1.0, 0.0, 1.0, -0.0, -0.0)",True
6923,,"(0, 1, 0, 0, 0)","(0.0, 1.0, -0.0, -0.0, 0.0)",True
6924,,"(1, 0, 0, 0, 0)","(1.0, -0.0, -0.0, 0.0, 0.0)",True
6925,,"(0, 0, 0, 0, 0)","(-0.0, -0.0, 0.0, 0.0, -0.0)",True
6926,,"(0, 0, 0, 0, 0)","(-0.0, 0.0, 0.0, -0.0, 0.0)",True
6927,,"(0, 0, 0, 0, 0)","(0.0, 0.0, -0.0, 0.0, 0.0)",True
6928,,"(0, 0, 0, 0, 0)","(0.0, -0.0, 0.0, 0.0, 0.0)",True
6929,,"(0, 0, 0, 0, 0)","(-0.0, 0.0, 0.0, 0.0, 0.0)",True
6930,,"(0, 0, 0, 0, 0)","(0.0, 0.0, 0.0, 0.0, -0.0)",True
6931,,"(0, 0, 0, 0, 0)","(0.0, 0.0, 0.0, -0.0, 0.0)",True
6932,,"(0, 0, 0, 0, 0)","(0.0, 0.0, -0.0, 0.0, 0.0)",True
6933,,"(0, 0, 0, 0, 0)","(0.0, -0.0, 0.0, 0.0, 0.0)",True
6934,,"(0, 0, 0, 0, 0)","(-0.0, 0.0, 0.0, 0.0, 1.0)",False
6935,,"(0, 0, 0, 1, 0)","(0.0, 0.0, 0.0, 1.0, -1.0)",False
6936,,"(0, 0, 1, -1, 0)","(0.0, 0.0, 1.0, -1.0, 0.0)",True
6937,,"(0, 1, -1, 0, 0)","(0.0, 1.0, -1.0, 0.0, -1.0)",False
6938,,"(1, -1, 0, -1, 0)","(1.0, -1.0, 0.0, -1.0, 0.0)",True
6939,,"(-1, 0, -1, 0, 0)","(-1.0, 0.0, -1.0, 0.0, -0.0)",True
6940,,"(0, -1, 0, 0, 0)","(0.0, -1.0, 0.0, -0.0, -0.0)",True
6941,,"(-1, 0, 0, 0, 0)","(-1.0, 0.0, -0.0, -0.0, 0.0)",True
6942,,"(0, 0, 0, 0, 0)","(0.0, -0.0, -0.0, 0.0, 0.0)",True
6943,,"(0, 0, 0, 0, 0)","(-0.0, -0.0, 0.0, 0.0, 0.0)",True
6944,,"(0, 0, 0, 0, 0)","(-0.0, 0.0, 0.0, 0.0, 1.0)",False
6945,,"(0, 0, 0, 1, 0)","(0.0, 0.0, 0.0, 1.0, 0.0)",True
6946,,"(0, 0, 1, 0, 0)","(0.0, 0.0, 1.0, 0.0, 0.0)",True
6947,,"(0, 1, 0, 0, 0)","(0.0, 1.0, 0.0, 0.0, 0.0)",True
6948,,"(1, 0, 0, 0, 0)","(1.0, 0.0, 0.0, 0.0, 0.0)",True
6949,,"(0, 0, 0, 0, 0)","(0.0, 0.0, 0.0, 0.0, 1.0)",False
6950,,"(0, 0, 0, 1, 0)","(0.0, 0.0, 0.0, 1.0, 1.0)",False
6951,,"(0, 0, 1, 1, 0)","(0.0, 0.0, 1.0, 1.0, -0.0)",True
6952,,"(0, 1, 1, 0, 0)","(0.0, 1.0, 1.0, -0.0, 1.0)",False
6953,,"(1, 1, 0, 1, 1)","(1.0, 1.0, -0.0, 1.0, 1.0)",True
6954,,"(1, 0, 1, 1, 1)","(1.0, -0.0, 1.0, 1.0, 0.0)",False
6955,,"(0, 1, 1, 0, 1)","(-0.0, 1.0, 1.0, 0.0, -0.0)",False
6956,,"(1, 1, 0, 0, 0)","(1.0, 1.0, 0.0, -0.0, 1.0)",False
6957,,"(1, 0, 0, 1, 1)","(1.0, 0.0, -0.0, 1.0, 1.0)",True
6958,,"(0, 0, 1, 1, 1)","(0.0, -0.0, 1.0, 1.0, -0.0)",False
6959,,"(0, 1, 1, 0, 0)","(-0.0, 1.0, 1.0, -0.0, -1.0)",False
6960,,"(1, 1, 0, -1, 0)","(1.0, 1.0, -0.0, -1.0, 0.0)",True
6961,,"(1, 0, -1, 0, 0)","(1.0, -0.0, -1.0, 0.0, 1.0)",False
6962,,"(0, -1, 0, 1, 0)","(-0.0, -1.0, 0.0, 1.0, -0.0)",True
6963,,"(-1, 0, 1, 0, 0)","(-1.0, 0.0, 1.0, -0.0, 0.0)",True
6964,,"(0, 1, 0, 0, 0)","(0.0, 1.0, -0.0, 0.0, 0.0)",True
6965,,"(1, 0, 0, 0, 0)","(1.0, -0.0, 0.0, 0.0, 0.0)",True
6966,,"(0, 0, 0, 0, 0)","(-0.0, 0.0, 0.0, 0.0, 0.0)",True
6967,,"(0, 0, 0, 0, 0)","(0.0, 0.0, 0.0, 0.0, 1.0)",False
6968,,"(0, 0, 0, 1, 0)","(0.0, 0.0, 0.0, 1.0, 0.0)",True
6969,,"(0, 0, 1, 0, 0)","(0.0, 0.0, 1.0, 0.0, 1.0)",False
6970,,"(0, 1, 0, 1, 0)","(0.0, 1.0, 0.0, 1.0, -0.0)",True
6971,,"(1, 0, 1, 0, 0)","(1.0, 0.0, 1.0, -0.0, 1.0)",False
6972,,"(0, 1, 0, 1, 1)","(0.0, 1.0, -0.0, 1.0, 0.0)",False
6973,,"(1, 0, 1, 0, 0)","(1.0, -0.0, 1.0, 0.0, 0.0)",True
6974,,"(0, 1, 0, 0, 0)","(-0.0, 1.0, 0.0, 0.0, -1.0)",False
6975,,"(1, 0, 0, -1, 0)","(1.0, 0.0, 0.0, -1.0, 1.0)",False
6976,,"(0, 0, -1, 1, 0)","(0.0, 0.0, -1.0, 1.0, 0.0)",True
6977,,"(0, -1, 1, 0, 0)","(0.0, -1.0, 1.0, 0.0, 1.0)",False
6978,,"(-1, 1, 0, 1, 0)","(-1.0, 1.0, 0.0, 1.0, -1.0)",False
6979,,"(1, 0, 1, -1, 0)","(1.0, 0.0, 1.0, -1.0, 0.0)",True
6980,,"(0, 1, -1, 0, 0)","(0.0, 1.0, -1.0, 0.0, 0.0)",True
6981,,"(1, -1, 0, 0, 0)","(1.0, -1.0, 0.0, 0.0, -0.0)",True
6982,,"(-1, 0, 0, 0, 0)","(-1.0, 0.0, 0.0, -0.0, -1.0)",False
6983,,"(0, 0, 0, -1, 0)","(0.0, 0.0, -0.0, -1.0, 0.0)",True
6984,,"(0, 0, -1, 0, 0)","(0.0, -0.0, -1.0, 0.0, 1.0)",False
6985,,"(0, -1, 0, 1, 0)","(-0.0, -1.0, 0.0, 1.0, 0.0)",True
6986,,"(-1, 0, 1, 0, 0)","(-1.0, 0.0, 1.0, 0.0, 0.0)",True
6987,,"(0, 1, 0, 0, 0)","(0.0, 1.0, 0.0, 0.0, 1.0)",False
6988,,"(1, 0, 0, 1, 0)","(1.0, 0.0, 0.0, 1.0, 0.0)",True
6989,,"(0, 0, 1, 0, 0)","(0.0, 0.0, 1.0, 0.0, 1.0)",False
6990,,"(0, 1, 0, 1, 0)","(0.0, 1.0, 0.0, 1.0, 1.0)",False
6991,,"(1, 0, 1, 1, 1)","(1.0, 0.0, 1.0, 1.0, 1.0)",True
6992,,"(0, 1, 1, 1, 1)","(0.0, 1.0, 1.0, 1.0, 1.0)",True
6993,,"(1, 1, 1, 1, 1)","(1.0, 1.0, 1.0, 1.0, -0.0)",False
6994,,"(1, 1, 1, 0, 1)","(1.0, 1.0, 1.0, -0.0, 0.0)",False
6995,,"(1, 1, 0, 0, 1)","(1.0, 1.0, -0.0, 0.0, 0.0)",False
6996,,"(1, 0, 0, 0, 0)","(1.0, -0.0, 0.0, 0.0, -1.0)",False
6997,,"(0, 0, 0, -1, 0)","(-0.0, 0.0, 0.0, -1.0, -1.0)",False
6998,,"(0, 0, -1, -1, 0)","(0.0, 0.0, -1.0, -1.0, -1.0)",False
6999,,"(0, -1, -1, -1, -1)","(0.0, -1.0, -1.0, -1.0, -1.0)",True
7000,,"(-1, -1, -1, -1, -1)","(-1.0, -1.0, -1.0, -1.0, -1.0)",True
7001,,"(-1, -1, -1, -1, -1)","(-1.0, -1.0, -1.0, -1.0, 0.0)",False
7002,,"(-1, -1, -1, 0, -1)","(-1.0, -1.0, -1.0, 0.0, -1.0)",True
7003,,"(-1, -1, 0, -1, -1)","(-1.0, -1.0, 0.0, -1.0, 0.0)",False
7004,,"(-1, 0, -1, 0, -1)","(-1.0, 0.0, -1.0, 0.0, 1.0)",False
7005,,"(0, -1, 0, 1, 0)","(0.0, -1.0, 0.0, 1.0, 0.0)",True
7006,,"(-1, 0, 1, 0, 0)","(-1.0, 0.0, 1.0, 0.0, -0.0)",True
7007,,"(0, 1, 0, 0, 0)","(0.0, 1.0, 0.0, -0.0, 1.0)",False
7008,,"(1, 0, 0, 1, 0)","(1.0, 0.0, -0.0, 1.0, -1.0)",False
7009,,"(0, 0, 1, -1, 0)","(0.0, -0.0, 1.0, -1.0, -1.0)",False
7010,,"(0, 1, -1, -1, 0)","(-0.0, 1.0, -1.0, -1.0, 0.0)",True
7011,,"(1, -1, -1, 0, 0)","(1.0, -1.0, -1.0, 0.0, -1.0)",False
7012,,"(-1, -1, 0, -1, 0)","(-1.0, -1.0, 0.0, -1.0, -1.0)",False
7013,,"(-1, 0, -1, -1, -1)","(-1.0, 0.0, -1.0, -1.0, 0.0)",False
7014,,"(0, -1, -1, 0, -1)","(0.0, -1.0, -1.0, 0.0, -1.0)",True
7015,,"(-1, -1, 0, -1, -1)","(-1.0, -1.0, 0.0, -1.0, 1.0)",False
7016,,"(-1, 0, -1, 1, 0)","(-1.0, 0.0, -1.0, 1.0, 0.0)",True
7017,,"(0, -1, 1, 0, 0)","(0.0, -1.0, 1.0, 0.0, -1.0)",False
7018,,"(-1, 1, 0, -1, 0)","(-1.0, 1.0, 0.0, -1.0, -1.0)",False
7019,,"(1, 0, -1, -1, 0)","(1.0, 0.0, -1.0, -1.0, -1.0)",False
7020,,"(0, -1, -1, -1, 0)","(0.0, -1.0, -1.0, -1.0, 1.0)",False
7021,,"(-1, -1, -1, 1, 0)","(-1.0, -1.0, -1.0, 1.0, -1.0)",False
7022,,"(-1, -1, 1, -1, -1)","(-1.0, -1.0, 1.0, -1.0, 1.0)",False
7023,,"(-1, 1, -1, 1, 0)","(-1.0, 1.0, -1.0, 1.0, 1.0)",False
7024,,"(1, -1, 1, 1, 0)","(1.0, -1.0, 1.0, 1.0, -1.0)",False
7025,,"(-1, 1, 1, -1, 0)","(-1.0, 1.0, 1.0, -1.0, 0.0)",True
7026,,"(1, 1, -1, 0, 0)","(1.0, 1.0, -1.0, 0.0, -0.0)",True
7027,,"(1, -1, 0, 0, 0)","(1.0, -1.0, 0.0, -0.0, 1.0)",False
7028,,"(-1, 0, 0, 1, 0)","(-1.0, 0.0, -0.0, 1.0, 0.0)",True
7029,,"(0, 0, 1, 0, 0)","(0.0, -0.0, 1.0, 0.0, -1.0)",False
7030,,"(0, 1, 0, -1, 0)","(-0.0, 1.0, 0.0, -1.0, 0.0)",True
7031,,"(1, 0, -1, 0, 0)","(1.0, 0.0, -1.0, 0.0, -0.0)",True
7032,,"(0, -1, 0, 0, 0)","(0.0, -1.0, 0.0, -0.0, 0.0)",True
7033,,"(-1, 0, 0, 0, 0)","(-1.0, 0.0, -0.0, 0.0, -1.0)",False
7034,,"(0, 0, 0, -1, 0)","(0.0, -0.0, 0.0, -1.0, 1.0)",False
7035,,"(0, 0, -1, 1, 0)","(-0.0, 0.0, -1.0, 1.0, 1.0)",False
7036,,"(0, -1, 1, 1, 0)","(0.0, -1.0, 1.0, 1.0, 0.0)",True
7037,,"(-1, 1, 1, 0, 0)","(-1.0, 1.0, 1.0, 0.0, 0.0)",True
7038,,"(1, 1, 0, 0, 0)","(1.0, 1.0, 0.0, 0.0, 1.0)",False
7039,,"(1, 0, 0, 1, 1)","(1.0, 0.0, 0.0, 1.0, -1.0)",False
7040,,"(0, 0, 1, -1, 0)","(0.0, 0.0, 1.0, -1.0, 1.0)",False
7041,,"(0, 1, -1, 1, 0)","(0.0, 1.0, -1.0, 1.0, -0.0)",True
7042,,"(1, -1, 1, 0, 0)","(1.0, -1.0, 1.0, -0.0, 0.0)",True
7043,,"(-1, 1, 0, 0, 0)","(-1.0, 1.0, -0.0, 0.0, -1.0)",False
7044,,"(1, 0, 0, -1, 0)","(1.0, -0.0, 0.0, -1.0, -1.0)",False
7045,,"(0, 0, -1, -1, 0)","(-0.0, 0.0, -1.0, -1.0, -1.0)",False
7046,,"(0, -1, -1, -1, -1)","(0.0, -1.0, -1.0, -1.0, 0.0)",False
7047,,"(-1, -1, -1, 0, -1)","(-1.0, -1.0, -1.0, 0.0, 1.0)",False
7048,,"(-1, -1, 0, 1, 0)","(-1.0, -1.0, 0.0, 1.0, -0.0)",True
7049,,"(-1, 0, 1, 0, 0)","(-1.0, 0.0, 1.0, -0.0, -1.0)",False
7050,,"(0, 1, 0, -1, 0)","(0.0, 1.0, -0.0, -1.0, -1.0)",False
7051,,"(1, 0, -1, -1, 0)","(1.0, -0.0, -1.0, -1.0, 1.0)",False
7052,,"(0, -1, -1, 1, 0)","(-0.0, -1.0, -1.0, 1.0, 0.0)",True
7053,,"(-1, -1, 1, 0, 0)","(-1.0, -1.0, 1.0, 0.0, -1.0)",False
7054,,"(-1, 1, 0, -1, 0)","(-1.0, 1.0, 0.0, -1.0, -1.0)",False
7055,,"(1, 0, -1, -1, 0)","(1.0, 0.0, -1.0, -1.0, 0.0)",True
7056,,"(0, -1, -1, 0, 0)","(0.0, -1.0, -1.0, 0.0, -0.0)",True
7057,,"(-1, -1, 0, 0, 0)","(-1.0, -1.0, 0.0, -0.0, -1.0)",False
7058,,"(-1, 0, 0, -1, -1)","(-1.0, 0.0, -0.0, -1.0, 0.0)",False
7059,,"(0, 0, -1, 0, 0)","(0.0, -0.0, -1.0, 0.0, -1.0)",False
7060,,"(0, -1, 0, -1, 0)","(-0.0, -1.0, 0.0, -1.0, -0.0)",True
7061,,"(-1, 0, -1, 0, 0)","(-1.0, 0.0, -1.0, -0.0, 1.0)",False
7062,,"(0, -1, 0, 1, 0)","(0.0, -1.0, -0.0, 1.0, -1.0)",False
7063,,"(-1, 0, 1, -1, 0)","(-1.0, -0.0, 1.0, -1.0, 1.0)",False
7064,,"(0, 1, -1, 1, 0)","(-0.0, 1.0, -1.0, 1.0, -0.0)",True
7065,,"(1, -1, 1, 0, 0)","(1.0, -1.0, 1.0, -0.0, -1.0)",False
7066,,"(-1, 1, 0, -1, 0)","(-1.0, 1.0, -0.0, -1.0, 0.0)",True
7067,,"(1, 0, -1, 0, 0)","(1.0, -0.0, -1.0, 0.0, 0.0)",True
7068,,"(0, -1, 0, 0, 0)","(-0.0, -1.0, 0.0, 0.0, 1.0)",False
7069,,"(-1, 0, 0, 1, 0)","(-1.0, 0.0, 0.0, 1.0, -0.0)",True
7070,,"(0, 0, 1, 0, 0)","(0.0, 0.0, 1.0, -0.0, -1.0)",False
7071,,"(0, 1, 0, -1, 0)","(0.0, 1.0, -0.0, -1.0, -1.0)",False
7072,,"(1, 0, -1, -1, 0)","(1.0, -0.0, -1.0, -1.0, 0.0)",True
7073,,"(0, -1, -1, 0, 0)","(-0.0, -1.0, -1.0, 0.0, 0.0)",True
7074,,"(-1, -1, 0, 0, 0)","(-1.0, -1.0, 0.0, 0.0, 0.0)",True
7075,,"(-1, 0, 0, 0, 0)","(-1.0, 0.0, 0.0, 0.0, -0.0)",True
7076,,"(0, 0, 0, 0, 0)","(0.0, 0.0, 0.0, -0.0, 0.0)",True
7077,,"(0, 0, 0, 0, 0)","(0.0, 0.0, -0.0, 0.0, -0.0)",True
7078,,"(0, 0, 0, 0, 0)","(0.0, -0.0, 0.0, -0.0, -0.0)",True
7079,,"(0, 0, 0, 0, 0)","(-0.0, 0.0, -0.0, -0.0, -1.0)",False
7080,,"(0, 0, 0, -1, 0)","(0.0, -0.0, -0.0, -1.0, 0.0)",True
7081,,"(0, 0, -1, 0, 0)","(-0.0, -0.0, -1.0, 0.0, 0.0)",True
7082,,"(0, -1, 0, 0, 0)","(-0.0, -1.0, 0.0, 0.0, -0.0)",True
7083,,"(-1, 0, 0, 0, 0)","(-1.0, 0.0, 0.0, -0.0, -0.0)",True
7084,,"(0, 0, 0, 0, 0)","(0.0, 0.0, -0.0, -0.0, 0.0)",True
7085,,"(0, 0, 0, 0, 0)","(0.0, -0.0, -0.0, 0.0, -1.0)",False
7086,,"(0, 0, 0, -1, 0)","(-0.0, -0.0, 0.0, -1.0, 0.0)",True
7087,,"(0, 0, -1, 0, 0)","(-0.0, 0.0, -1.0, 0.0, -1.0)",False
7088,,"(0, -1, 0, -1, 0)","(0.0, -1.0, 0.0, -1.0, 0.0)",True
7089,,"(-1, 0, -1, 0, 0)","(-1.0, 0.0, -1.0, 0.0, 0.0)",True
7090,,"(0, -1, 0, 0, 0)","(0.0, -1.0, 0.0, 0.0, 1.0)",False
7091,,"(-1, 0, 0, 1, 0)","(-1.0, 0.0, 0.0, 1.0, 0.0)",True
7092,,"(0, 0, 1, 0, 0)","(0.0, 0.0, 1.0, 0.0, 0.0)",True
7093,,"(0, 1, 0, 0, 0)","(0.0, 1.0, 0.0, 0.0, -1.0)",False
7094,,"(1, 0, 0, -1, 0)","(1.0, 0.0, 0.0, -1.0, -1.0)",False
7095,,"(0, 0, -1, -1, 0)","(0.0, 0.0, -1.0, -1.0, 0.0)",True
7096,,"(0, -1, -1, 0, 0)","(0.0, -1.0, -1.0, 0.0, -1.0)",False
7097,,"(-1, -1, 0, -1, -1)","(-1.0, -1.0, 0.0, -1.0, 0.0)",False
7098,,"(-1, 0, -1, 0, -1)","(-1.0, 0.0, -1.0, 0.0, -1.0)",True
7099,,"(0, -1, 0, -1, -1)","(0.0, -1.0, 0.0, -1.0, -1.0)",True
7100,,"(-1, 0, -1, -1, -1)","(-1.0, 0.0, -1.0, -1.0, 1.0)",False
7101,,"(0, -1, -1, 1, 0)","(0.0, -1.0, -1.0, 1.0, -0.0)",True
7102,,"(-1, -1, 1, 0, 0)","(-1.0, -1.0, 1.0, -0.0, -1.0)",False
7103,,"(-1, 1, 0, -1, 0)","(-1.0, 1.0, -0.0, -1.0, 0.0)",True
7104,,"(1, 0, -1, 0, 0)","(1.0, -0.0, -1.0, 0.0, 1.0)",False
7105,,"(0, -1, 0, 1, 0)","(-0.0, -1.0, 0.0, 1.0, -1.0)",False
7106,,"(-1, 0, 1, -1, 0)","(-1.0, 0.0, 1.0, -1.0, -0.0)",True
7107,,"(0, 1, -1, 0, 0)","(0.0, 1.0, -1.0, -0.0, 1.0)",False
7108,,"(1, -1, 0, 1, 0)","(1.0, -1.0, -0.0, 1.0, 0.0)",True
7109,,"(-1, 0, 1, 0, 0)","(-1.0, -0.0, 1.0, 0.0, 1.0)",False
7110,,"(0, 1, 0, 1, 0)","(-0.0, 1.0, 0.0, 1.0, 1.0)",False
7111,,"(1, 0, 1, 1, 1)","(1.0, 0.0, 1.0, 1.0, 1.0)",True
7112,,"(0, 1, 1, 1, 1)","(0.0, 1.0, 1.0, 1.0, 0.0)",False
7113,,"(1, 1, 1, 0, 1)","(1.0, 1.0, 1.0, 0.0, -1.0)",False
7114,,"(1, 1, 0, -1, 0)","(1.0, 1.0, 0.0, -1.0, 1.0)",False
7115,,"(1, 0, -1, 1, 0)","(1.0, 0.0, -1.0, 1.0, -0.0)",True
7116,,"(0, -1, 1, 0, 0)","(0.0, -1.0, 1.0, -0.0, -1.0)",False
7117,,"(-1, 1, 0, -1, 0)","(-1.0, 1.0, -0.0, -1.0, -0.0)",True
7118,,"(1, 0, -1, 0, 0)","(1.0, -0.0, -1.0, -0.0, -1.0)",False
7119,,"(0, -1, 0, -1, 0)","(-0.0, -1.0, -0.0, -1.0, 1.0)",False
7120,,"(-1, 0, -1, 1, 0)","(-1.0, -0.0, -1.0, 1.0, -0.0)",True
7121,,"(0, -1, 1, 0, 0)","(-0.0, -1.0, 1.0, -0.0, 0.0)",True
7122,,"(-1, 1, 0, 0, 0)","(-1.0, 1.0, -0.0, 0.0, 0.0)",True
7123,,"(1, 0, 0, 0, 0)","(1.0, -0.0, 0.0, 0.0, -0.0)",True
7124,,"(0, 0, 0, 0, 0)","(-0.0, 0.0, 0.0, -0.0, 0.0)",True
7125,,"(0, 0, 0, 0, 0)","(0.0, 0.0, -0.0, 0.0, -0.0)",True
7126,,"(0, 0, 0, 0, 0)","(0.0, -0.0, 0.0, -0.0, 0.0)",True
7127,,"(0, 0, 0, 0, 0)","(-0.0, 0.0, -0.0, 0.0, -1.0)",False
7128,,"(0, 0, 0, -1, 0)","(0.0, -0.0, 0.0, -1.0, -1.0)",False
7129,,"(0, 0, -1, -1, 0)","(-0.0, 0.0, -1.0, -1.0, 0.0)",True
7130,,"(0, -1, -1, 0, 0)","(0.0, -1.0, -1.0, 0.0, -0.0)",True
7131,,"(-1, -1, 0, 0, 0)","(-1.0, -1.0, 0.0, -0.0, -0.0)",True
7132,,"(-1, 0, 0, 0, 0)","(-1.0, 0.0, -0.0, -0.0, -0.0)",True
7133,,"(0, 0, 0, 0, 0)","(0.0, -0.0, -0.0, -0.0, -1.0)",False
7134,,"(0, 0, 0, -1, 0)","(-0.0, -0.0, -0.0, -1.0, 0.0)",True
7135,,"(0, 0, -1, 0, 0)","(-0.0, -0.0, -1.0, 0.0, -1.0)",False
7136,,"(0, -1, 0, -1, 0)","(-0.0, -1.0, 0.0, -1.0, 0.0)",True
7137,,"(-1, 0, -1, 0, 0)","(-1.0, 0.0, -1.0, 0.0, -0.0)",True
7138,,"(0, -1, 0, 0, 0)","(0.0, -1.0, 0.0, -0.0, 0.0)",True
7139,,"(-1, 0, 0, 0, 0)","(-1.0, 0.0, -0.0, 0.0, 0.0)",True
7140,,"(0, 0, 0, 0, 0)","(0.0, -0.0, 0.0, 0.0, 0.0)",True
7141,,"(0, 0, 0, 0, 0)","(-0.0, 0.0, 0.0, 0.0, -1.0)",False
7142,,"(0, 0, 0, -1, 0)","(0.0, 0.0, 0.0, -1.0, -1.0)",False
7143,,"(0, 0, -1, -1, 0)","(0.0, 0.0, -1.0, -1.0, -1.0)",False
7144,,"(0, -1, -1, -1, -1)","(0.0, -1.0, -1.0, -1.0, 1.0)",False
7145,,"(-1, -1, -1, 1, 0)","(-1.0, -1.0, -1.0, 1.0, 0.0)",True
7146,,"(-1, -1, 1, 0, 0)","(-1.0, -1.0, 1.0, 0.0, 0.0)",True
7147,,"(-1, 1, 0, 0, 0)","(-1.0, 1.0, 0.0, 0.0, 0.0)",True
7148,,"(1, 0, 0, 0, 0)","(1.0, 0.0, 0.0, 0.0, 1.0)",False
7149,,"(0, 0, 0, 1, 0)","(0.0, 0.0, 0.0, 1.0, -0.0)",True
7150,,"(0, 0, 1, 0, 0)","(0.0, 0.0, 1.0, -0.0, -1.0)",False
7151,,"(0, 1, 0, -1, 0)","(0.0, 1.0, -0.0, -1.0, -1.0)",False
7152,,"(1, 0, -1, -1, 0)","(1.0, -0.0, -1.0, -1.0, -0.0)",True
7153,,"(0, -1, -1, 0, 0)","(-0.0, -1.0, -1.0, -0.0, -0.0)",True
7154,,"(-1, -1, 0, 0, 0)","(-1.0, -1.0, -0.0, -0.0, 1.0)",False
7155,,"(-1, 0, 0, 1, 0)","(-1.0, -0.0, -0.0, 1.0, 1.0)",False
7156,,"(0, 0, 1, 1, 0)","(-0.0, -0.0, 1.0, 1.0, 1.0)",False
7157,,"(0, 1, 1, 1, 1)","(-0.0, 1.0, 1.0, 1.0, -1.0)",False
7158,,"(1, 1, 1, -1, 0)","(1.0, 1.0, 1.0, -1.0, 0.0)",True
7159,,"(1, 1, -1, 0, 0)","(1.0, 1.0, -1.0, 0.0, 0.0)",True
7160,,"(1, -1, 0, 0, 0)","(1.0, -1.0, 0.0, 0.0, -0.0)",True
7161,,"(-1, 0, 0, 0, 0)","(-1.0, 0.0, 0.0, -0.0, 0.0)",True
7162,,"(0, 0, 0, 0, 0)","(0.0, 0.0, -0.0, 0.0, 1.0)",False
7163,,"(0, 0, 0, 1, 0)","(0.0, -0.0, 0.0, 1.0, -1.0)",False
7164,,"(0, 0, 1, -1, 0)","(-0.0, 0.0, 1.0, -1.0, -1.0)",False
7165,,"(0, 1, -1, -1, 0)","(0.0, 1.0, -1.0, -1.0, 1.0)",False
7166,,"(1, -1, -1, 1, 0)","(1.0, -1.0, -1.0, 1.0, 1.0)",False
7167,,"(-1, -1, 1, 1, 0)","(-1.0, -1.0, 1.0, 1.0, -1.0)",False
7168,,"(-1, 1, 1, -1, 0)","(-1.0, 1.0, 1.0, -1.0, 0.0)",True
7169,,"(1, 1, -1, 0, 0)","(1.0, 1.0, -1.0, 0.0, -0.0)",True
7170,,"(1, -1, 0, 0, 0)","(1.0, -1.0, 0.0, -0.0, -0.0)",True
7171,,"(-1, 0, 0, 0, 0)","(-1.0, 0.0, -0.0, -0.0, 0.0)",True
7172,,"(0, 0, 0, 0, 0)","(0.0, -0.0, -0.0, 0.0, -0.0)",True
7173,,"(0, 0, 0, 0, 0)","(-0.0, -0.0, 0.0, -0.0, 0.0)",True
7174,,"(0, 0, 0, 0, 0)","(-0.0, 0.0, -0.0, 0.0, 0.0)",True
7175,,"(0, 0, 0, 0, 0)","(0.0, -0.0, 0.0, 0.0, 1.0)",False
7176,,"(0, 0, 0, 1, 0)","(-0.0, 0.0, 0.0, 1.0, -0.0)",True
7177,,"(0, 0, 1, 0, 0)","(0.0, 0.0, 1.0, -0.0, 1.0)",False
7178,,"(0, 1, 0, 1, 0)","(0.0, 1.0, -0.0, 1.0, 0.0)",True
7179,,"(1, 0, 1, 0, 0)","(1.0, -0.0, 1.0, 0.0, -1.0)",False
7180,,"(0, 1, 0, -1, 0)","(-0.0, 1.0, 0.0, -1.0, 1.0)",False
7181,,"(1, 0, -1, 1, 0)","(1.0, 0.0, -1.0, 1.0, -0.0)",True
7182,,"(0, -1, 1, 0, 0)","(0.0, -1.0, 1.0, -0.0, -0.0)",True
7183,,"(-1, 1, 0, 0, 0)","(-1.0, 1.0, -0.0, -0.0, -1.0)",False
7184,,"(1, 0, 0, -1, 0)","(1.0, -0.0, -0.0, -1.0, 0.0)",True
7185,,"(0, 0, -1, 0, 0)","(-0.0, -0.0, -1.0, 0.0, 0.0)",True
7186,,"(0, -1, 0, 0, 0)","(-0.0, -1.0, 0.0, 0.0, 1.0)",False
7187,,"(-1, 0, 0, 1, 0)","(-1.0, 0.0, 0.0, 1.0, 1.0)",False
7188,,"(0, 0, 1, 1, 0)","(0.0, 0.0, 1.0, 1.0, 0.0)",True
7189,,"(0, 1, 1, 0, 0)","(0.0, 1.0, 1.0, 0.0, 1.0)",False
7190,,"(1, 1, 0, 1, 1)","(1.0, 1.0, 0.0, 1.0, 1.0)",True
7191,,"(1, 0, 1, 1, 1)","(1.0, 0.0, 1.0, 1.0, -1.0)",False
7192,,"(0, 1, 1, -1, 0)","(0.0, 1.0, 1.0, -1.0, 1.0)",False
7193,,"(1, 1, -1, 1, 0)","(1.0, 1.0, -1.0, 1.0, -0.0)",True
7194,,"(1, -1, 1, 0, 0)","(1.0, -1.0, 1.0, -0.0, -0.0)",True
7195,,"(-1, 1, 0, 0, 0)","(-1.0, 1.0, -0.0, -0.0, 1.0)",False
7196,,"(1, 0, 0, 1, 0)","(1.0, -0.0, -0.0, 1.0, -1.0)",False
7197,,"(0, 0, 1, -1, 0)","(-0.0, -0.0, 1.0, -1.0, 1.0)",False
7198,,"(0, 1, -1, 1, 0)","(-0.0, 1.0, -1.0, 1.0, 1.0)",False
7199,,"(1, -1, 1, 1, 0)","(1.0, -1.0, 1.0, 1.0, 1.0)",False
7200,,"(-1, 1, 1, 1, 1)","(-1.0, 1.0, 1.0, 1.0, -1.0)",False
7201,,"(1, 1, 1, -1, 0)","(1.0, 1.0, 1.0, -1.0, -1.0)",False
7202,,"(1, 1, -1, -1, 0)","(1.0, 1.0, -1.0, -1.0, -1.0)",False
7203,,"(1, -1, -1, -1, 0)","(1.0, -1.0, -1.0, -1.0, -1.0)",False
7204,,"(-1, -1, -1, -1, -1)","(-1.0, -1.0, -1.0, -1.0, -1.0)",True
7205,,"(-1, -1, -1, -1, -1)","(-1.0, -1.0, -1.0, -1.0, 1.0)",False
7206,,"(-1, -1, -1, 1, -1)","(-1.0, -1.0, -1.0, 1.0, 0.0)",False
7207,,"(-1, -1, 1, 0, 0)","(-1.0, -1.0, 1.0, 0.0, -1.0)",False
7208,,"(-1, 1, 0, -1, 0)","(-1.0, 1.0, 0.0, -1.0, 0.0)",True
7209,,"(1, 0, -1, 0, 0)","(1.0, 0.0, -1.0, 0.0, -1.0)",False
7210,,"(0, -1, 0, -1, 0)","(0.0, -1.0, 0.0, -1.0, 1.0)",False
7211,,"(-1, 0, -1, 1, 0)","(-1.0, 0.0, -1.0, 1.0, 1.0)",False
7212,,"(0, -1, 1, 1, 0)","(0.0, -1.0, 1.0, 1.0, -1.0)",False
7213,,"(-1, 1, 1, -1, 0)","(-1.0, 1.0, 1.0, -1.0, -1.0)",False
7214,,"(1, 1, -1, -1, 0)","(1.0, 1.0, -1.0, -1.0, -1.0)",False
7215,,"(1, -1, -1, -1, 0)","(1.0, -1.0, -1.0, -1.0, 0.0)",True
7216,,"(-1, -1, -1, 0, 0)","(-1.0, -1.0, -1.0, 0.0, -1.0)",False
7217,,"(-1, -1, 0, -1, -1)","(-1.0, -1.0, 0.0, -1.0, -0.0)",False
7218,,"(-1, 0, -1, 0, -1)","(-1.0, 0.0, -1.0, -0.0, 1.0)",False
7219,,"(0, -1, 0, 1, 0)","(0.0, -1.0, -0.0, 1.0, -0.0)",True
7220,,"(-1, 0, 1, 0, 0)","(-1.0, -0.0, 1.0, -0.0, 1.0)",False
7221,,"(0, 1, 0, 1, 0)","(-0.0, 1.0, -0.0, 1.0, 1.0)",False
7222,,"(1, 0, 1, 1, 1)","(1.0, -0.0, 1.0, 1.0, 0.0)",False
7223,,"(0, 1, 1, 0, 1)","(-0.0, 1.0, 1.0, 0.0, 0.0)",False
7224,,"(1, 1, 0, 0, 0)","(1.0, 1.0, 0.0, 0.0, -1.0)",False
7225,,"(1, 0, 0, -1, 0)","(1.0, 0.0, 0.0, -1.0, -0.0)",True
7226,,"(0, 0, -1, 0, 0)","(0.0, 0.0, -1.0, -0.0, -1.0)",False
7227,,"(0, -1, 0, -1, 0)","(0.0, -1.0, -0.0, -1.0, -1.0)",False
7228,,"(-1, 0, -1, -1, -1)","(-1.0, -0.0, -1.0, -1.0, -1.0)",True
7229,,"(0, -1, -1, -1, -1)","(-0.0, -1.0, -1.0, -1.0, -1.0)",True
7230,,"(-1, -1, -1, -1, -1)","(-1.0, -1.0, -1.0, -1.0, -1.0)",True
7231,,"(-1, -1, -1, -1, -1)","(-1.0, -1.0, -1.0, -1.0, -1.0)",True
7232,,"(-1, -1, -1, -1, -1)","(-1.0, -1.0, -1.0, -1.0, -1.0)",True
7233,,"(-1, -1, -1, -1, -1)","(-1.0, -1.0, -1.0, -1.0, -1.0)",True
7234,,"(-1, -1, -1, -1, -1)","(-1.0, -1.0, -1.0, -1.0, 1.0)",False
7235,,"(-1, -1, -1, 1, -1)","(-1.0, -1.0, -1.0, 1.0, 1.0)",False
7236,,"(-1, -1, 1, 1, 0)","(-1.0, -1.0, 1.0, 1.0, -1.0)",False
7237,,"(-1, 1, 1, -1, 0)","(-1.0, 1.0, 1.0, -1.0, 1.0)",False
7238,,"(1, 1, -1, 1, 0)","(1.0, 1.0, -1.0, 1.0, 1.0)",False
7239,,"(1, -1, 1, 1, 1)","(1.0, -1.0, 1.0, 1.0, -1.0)",False
7240,,"(-1, 1, 1, -1, 0)","(-1.0, 1.0, 1.0, -1.0, 1.0)",False
7241,,"(1, 1, -1, 1, 0)","(1.0, 1.0, -1.0, 1.0, 1.0)",False
7242,,"(1, -1, 1, 1, 1)","(1.0, -1.0, 1.0, 1.0, 0.0)",False
7243,,"(-1, 1, 1, 0, 0)","(-1.0, 1.0, 1.0, 0.0, -1.0)",False
7244,,"(1, 1, 0, -1, 0)","(1.0, 1.0, 0.0, -1.0, 1.0)",False
7245,,"(1, 0, -1, 1, 0)","(1.0, 0.0, -1.0, 1.0, 1.0)",False
7246,,"(0, -1, 1, 1, 0)","(0.0, -1.0, 1.0, 1.0, -1.0)",False
7247,,"(-1, 1, 1, -1, 0)","(-1.0, 1.0, 1.0, -1.0, -1.0)",False
7248,,"(1, 1, -1, -1, 0)","(1.0, 1.0, -1.0, -1.0, -1.0)",False
7249,,"(1, -1, -1, -1, 0)","(1.0, -1.0, -1.0, -1.0, 0.0)",True
7250,,"(-1, -1, -1, 0, 0)","(-1.0, -1.0, -1.0, 0.0, -1.0)",False
7251,,"(-1, -1, 0, -1, -1)","(-1.0, -1.0, 0.0, -1.0, 1.0)",False
7252,,"(-1, 0, -1, 1, 0)","(-1.0, 0.0, -1.0, 1.0, 0.0)",True
7253,,"(0, -1, 1, 0, 0)","(0.0, -1.0, 1.0, 0.0, -1.0)",False
7254,,"(-1, 1, 0, -1, 0)","(-1.0, 1.0, 0.0, -1.0, -1.0)",False
7255,,"(1, 0, -1, -1, 0)","(1.0, 0.0, -1.0, -1.0, -1.0)",False
7256,,"(0, -1, -1, -1, 0)","(0.0, -1.0, -1.0, -1.0, 0.0)",True
7257,,"(-1, -1, -1, 0, -1)","(-1.0, -1.0, -1.0, 0.0, -1.0)",True
7258,,"(-1, -1, 0, -1, -1)","(-1.0, -1.0, 0.0, -1.0, 0.0)",False
7259,,"(-1, 0, -1, 0, -1)","(-1.0, 0.0, -1.0, 0.0, -1.0)",True
7260,,"(0, -1, 0, -1, -1)","(0.0, -1.0, 0.0, -1.0, -1.0)",True
7261,,"(-1, 0, -1, -1, -1)","(-1.0, 0.0, -1.0, -1.0, 1.0)",False
7262,,"(0, -1, -1, 1, 0)","(0.0, -1.0, -1.0, 1.0, 1.0)",False
7263,,"(-1, -1, 1, 1, 0)","(-1.0, -1.0, 1.0, 1.0, 0.0)",True
7264,,"(-1, 1, 1, 0, 0)","(-1.0, 1.0, 1.0, 0.0, -1.0)",False
7265,,"(1, 1, 0, -1, 0)","(1.0, 1.0, 0.0, -1.0, -1.0)",False
7266,,"(1, 0, -1, -1, 0)","(1.0, 0.0, -1.0, -1.0, 1.0)",False
7267,,"(0, -1, -1, 1, 0)","(0.0, -1.0, -1.0, 1.0, -1.0)",False
7268,,"(-1, -1, 1, -1, 0)","(-1.0, -1.0, 1.0, -1.0, -1.0)",False
7269,,"(-1, 1, -1, -1, -1)","(-1.0, 1.0, -1.0, -1.0, 0.0)",False
7270,,"(1, -1, -1, 0, 0)","(1.0, -1.0, -1.0, 0.0, -1.0)",False
7271,,"(-1, -1, 0, -1, 0)","(-1.0, -1.0, 0.0, -1.0, 0.0)",True
7272,,"(-1, 0, -1, 0, -1)","(-1.0, 0.0, -1.0, 0.0, -1.0)",True
7273,,"(0, -1, 0, -1, -1)","(0.0, -1.0, 0.0, -1.0, -0.0)",False
7274,,"(-1, 0, -1, 0, 0)","(-1.0, 0.0, -1.0, -0.0, -1.0)",False
7275,,"(0, -1, 0, -1, -1)","(0.0, -1.0, -0.0, -1.0, 0.0)",False
7276,,"(-1, 0, -1, 0, 0)","(-1.0, -0.0, -1.0, 0.0, -1.0)",False
7277,,"(0, -1, 0, -1, -1)","(-0.0, -1.0, 0.0, -1.0, 0.0)",False
7278,,"(-1, 0, -1, 0, 0)","(-1.0, 0.0, -1.0, 0.0, 1.0)",False
7279,,"(0, -1, 0, 1, 0)","(0.0, -1.0, 0.0, 1.0, 1.0)",False
7280,,"(-1, 0, 1, 1, 0)","(-1.0, 0.0, 1.0, 1.0, -0.0)",True
7281,,"(0, 1, 1, 0, 0)","(0.0, 1.0, 1.0, -0.0, -1.0)",False
7282,,"(1, 1, 0, -1, 0)","(1.0, 1.0, -0.0, -1.0, 1.0)",False
7283,,"(1, 0, -1, 1, 0)","(1.0, -0.0, -1.0, 1.0, 0.0)",True
7284,,"(0, -1, 1, 0, 0)","(-0.0, -1.0, 1.0, 0.0, -0.0)",True
7285,,"(-1, 1, 0, 0, 0)","(-1.0, 1.0, 0.0, -0.0, -1.0)",False
7286,,"(1, 0, 0, -1, 0)","(1.0, 0.0, -0.0, -1.0, 1.0)",False
7287,,"(0, 0, -1, 1, 0)","(0.0, -0.0, -1.0, 1.0, 0.0)",True
7288,,"(0, -1, 1, 0, 0)","(-0.0, -1.0, 1.0, 0.0, -1.0)",False
7289,,"(-1, 1, 0, -1, 0)","(-1.0, 1.0, 0.0, -1.0, 1.0)",False
7290,,"(1, 0, -1, 1, 0)","(1.0, 0.0, -1.0, 1.0, 0.0)",True
7291,,"(0, -1, 1, 0, 0)","(0.0, -1.0, 1.0, 0.0, -1.0)",False
7292,,"(-1, 1, 0, -1, 0)","(-1.0, 1.0, 0.0, -1.0, -1.0)",False
7293,,"(1, 0, -1, -1, 0)","(1.0, 0.0, -1.0, -1.0, -1.0)",False
7294,,"(0, -1, -1, -1, 0)","(0.0, -1.0, -1.0, -1.0, -1.0)",False
7295,,"(-1, -1, -1, -1, -1)","(-1.0, -1.0, -1.0, -1.0, 0.0)",False
7296,,"(-1, -1, -1, 0, -1)","(-1.0, -1.0, -1.0, 0.0, -1.0)",True
7297,,"(-1, -1, 0, -1, -1)","(-1.0, -1.0, 0.0, -1.0, 1.0)",False
7298,,"(-1, 0, -1, 1, 0)","(-1.0, 0.0, -1.0, 1.0, 0.0)",True
7299,,"(0, -1, 1, 0, 0)","(0.0, -1.0, 1.0, 0.0, -1.0)",False
7300,,"(-1, 1, 0, -1, 0)","(-1.0, 1.0, 0.0, -1.0, -1.0)",False
7301,,"(1, 0, -1, -1, 0)","(1.0, 0.0, -1.0, -1.0, 0.0)",True
7302,,"(0, -1, -1, 0, 0)","(0.0, -1.0, -1.0, 0.0, 0.0)",True
7303,,"(-1, -1, 0, 0, 0)","(-1.0, -1.0, 0.0, 0.0, -1.0)",False
7304,,"(-1, 0, 0, -1, -1)","(-1.0, 0.0, 0.0, -1.0, -0.0)",False
7305,,"(0, 0, -1, 0, 0)","(0.0, 0.0, -1.0, -0.0, -1.0)",False
7306,,"(0, -1, 0, -1, 0)","(0.0, -1.0, -0.0, -1.0, 1.0)",False
7307,,"(-1, 0, -1, 1, 0)","(-1.0, -0.0, -1.0, 1.0, 1.0)",False
7308,,"(0, -1, 1, 1, 0)","(-0.0, -1.0, 1.0, 1.0, -0.0)",True
7309,,"(-1, 1, 1, 0, 0)","(-1.0, 1.0, 1.0, -0.0, 1.0)",False
7310,,"(1, 1, 0, 1, 0)","(1.0, 1.0, -0.0, 1.0, -1.0)",False
7311,,"(1, 0, 1, -1, 0)","(1.0, -0.0, 1.0, -1.0, -1.0)",False
7312,,"(0, 1, -1, -1, 0)","(-0.0, 1.0, -1.0, -1.0, 1.0)",False
7313,,"(1, -1, -1, 1, 0)","(1.0, -1.0, -1.0, 1.0, 1.0)",False
7314,,"(-1, -1, 1, 1, 0)","(-1.0, -1.0, 1.0, 1.0, 0.0)",True
7315,,"(-1, 1, 1, 0, 0)","(-1.0, 1.0, 1.0, 0.0, 0.0)",True
7316,,"(1, 1, 0, 0, 0)","(1.0, 1.0, 0.0, 0.0, 1.0)",False
7317,,"(1, 0, 0, 1, 1)","(1.0, 0.0, 0.0, 1.0, 0.0)",False
7318,,"(0, 0, 1, 0, 0)","(0.0, 0.0, 1.0, 0.0, -1.0)",False
7319,,"(0, 1, 0, -1, 0)","(0.0, 1.0, 0.0, -1.0, 1.0)",False
7320,,"(1, 0, -1, 1, 0)","(1.0, 0.0, -1.0, 1.0, -1.0)",False
7321,,"(0, -1, 1, -1, 0)","(0.0, -1.0, 1.0, -1.0, 0.0)",True
7322,,"(-1, 1, -1, 0, 0)","(-1.0, 1.0, -1.0, 0.0, -1.0)",False
7323,,"(1, -1, 0, -1, 0)","(1.0, -1.0, 0.0, -1.0, 1.0)",False
7324,,"(-1, 0, -1, 1, 0)","(-1.0, 0.0, -1.0, 1.0, 0.0)",True
7325,,"(0, -1, 1, 0, 0)","(0.0, -1.0, 1.0, 0.0, 1.0)",False
7326,,"(-1, 1, 0, 1, 0)","(-1.0, 1.0, 0.0, 1.0, -1.0)",False
7327,,"(1, 0, 1, -1, 0)","(1.0, 0.0, 1.0, -1.0, -0.0)",True
7328,,"(0, 1, -1, 0, 0)","(0.0, 1.0, -1.0, -0.0, 1.0)",False
7329,,"(1, -1, 0, 1, 0)","(1.0, -1.0, -0.0, 1.0, 0.0)",True
7330,,"(-1, 0, 1, 0, 0)","(-1.0, -0.0, 1.0, 0.0, 1.0)",False
7331,,"(0, 1, 0, 1, 0)","(-0.0, 1.0, 0.0, 1.0, -1.0)",False
7332,,"(1, 0, 1, -1, 0)","(1.0, 0.0, 1.0, -1.0, 0.0)",True
7333,,"(0, 1, -1, 0, 0)","(0.0, 1.0, -1.0, 0.0, 0.0)",True
7334,,"(1, -1, 0, 0, 0)","(1.0, -1.0, 0.0, 0.0, -1.0)",False
7335,,"(-1, 0, 0, -1, 0)","(-1.0, 0.0, 0.0, -1.0, -1.0)",False
7336,,"(0, 0, -1, -1, -1)","(0.0, 0.0, -1.0, -1.0, -0.0)",False
7337,,"(0, -1, -1, 0, 0)","(0.0, -1.0, -1.0, -0.0, -1.0)",False
7338,,"(-1, -1, 0, -1, -1)","(-1.0, -1.0, -0.0, -1.0, 1.0)",False
7339,,"(-1, 0, -1, 1, 0)","(-1.0, -0.0, -1.0, 1.0, -0.0)",True
7340,,"(0, -1, 1, 0, 0)","(-0.0, -1.0, 1.0, -0.0, 0.0)",True
7341,,"(-1, 1, 0, 0, 0)","(-1.0, 1.0, -0.0, 0.0, 1.0)",False
7342,,"(1, 0, 0, 1, 0)","(1.0, -0.0, 0.0, 1.0, 1.0)",False
7343,,"(0, 0, 1, 1, 1)","(-0.0, 0.0, 1.0, 1.0, -1.0)",False
7344,,"(0, 1, 1, -1, 0)","(0.0, 1.0, 1.0, -1.0, -0.0)",True
7345,,"(1, 1, -1, 0, 0)","(1.0, 1.0, -1.0, -0.0, 1.0)",False
7346,,"(1, -1, 0, 1, 0)","(1.0, -1.0, -0.0, 1.0, 0.0)",True
7347,,"(-1, 0, 1, 0, 0)","(-1.0, -0.0, 1.0, 0.0, 0.0)",True
7348,,"(0, 1, 0, 0, 0)","(-0.0, 1.0, 0.0, 0.0, 0.0)",True
7349,,"(1, 0, 0, 0, 0)","(1.0, 0.0, 0.0, 0.0, -1.0)",False
7350,,"(0, 0, 0, -1, 0)","(0.0, 0.0, 0.0, -1.0, -1.0)",False
7351,,"(0, 0, -1, -1, 0)","(0.0, 0.0, -1.0, -1.0, -1.0)",False
7352,,"(0, -1, -1, -1, -1)","(0.0, -1.0, -1.0, -1.0, -0.0)",False
7353,,"(-1, -1, -1, 0, -1)","(-1.0, -1.0, -1.0, -0.0, 0.0)",False
7354,,"(-1, -1, 0, 0, -1)","(-1.0, -1.0, -0.0, 0.0, 1.0)",False
7355,,"(-1, 0, 0, 1, 0)","(-1.0, -0.0, 0.0, 1.0, 0.0)",True
7356,,"(0, 0, 1, 0, 0)","(-0.0, 0.0, 1.0, 0.0, 1.0)",False
7357,,"(0, 1, 0, 1, 0)","(0.0, 1.0, 0.0, 1.0, -1.0)",False
7358,,"(1, 0, 1, -1, 0)","(1.0, 0.0, 1.0, -1.0, -1.0)",False
7359,,"(0, 1, -1, -1, 0)","(0.0, 1.0, -1.0, -1.0, -0.0)",True
7360,,"(1, -1, -1, 0, 0)","(1.0, -1.0, -1.0, -0.0, 1.0)",False
7361,,"(-1, -1, 0, 1, 0)","(-1.0, -1.0, -0.0, 1.0, -0.0)",True
7362,,"(-1, 0, 1, 0, 0)","(-1.0, -0.0, 1.0, -0.0, 0.0)",True
7363,,"(0, 1, 0, 0, 0)","(-0.0, 1.0, -0.0, 0.0, 0.0)",True
7364,,"(1, 0, 0, 0, 0)","(1.0, -0.0, 0.0, 0.0, -0.0)",True
7365,,"(0, 0, 0, 0, 0)","(-0.0, 0.0, 0.0, -0.0, -0.0)",True
7366,,"(0, 0, 0, 0, 0)","(0.0, 0.0, -0.0, -0.0, -0.0)",True
7367,,"(0, 0, 0, 0, 0)","(0.0, -0.0, -0.0, -0.0, 0.0)",True
7368,,"(0, 0, 0, 0, 0)","(-0.0, -0.0, -0.0, 0.0, -1.0)",False
7369,,"(0, 0, 0, -1, 0)","(-0.0, -0.0, 0.0, -1.0, 0.0)",True
7370,,"(0, 0, -1, 0, 0)","(-0.0, 0.0, -1.0, 0.0, 1.0)",False
7371,,"(0, -1, 0, 1, 0)","(0.0, -1.0, 0.0, 1.0, -1.0)",False
7372,,"(-1, 0, 1, -1, 0)","(-1.0, 0.0, 1.0, -1.0, 1.0)",False
7373,,"(0, 1, -1, 1, 0)","(0.0, 1.0, -1.0, 1.0, -0.0)",True
7374,,"(1, -1, 1, 0, 0)","(1.0, -1.0, 1.0, -0.0, 0.0)",True
7375,,"(-1, 1, 0, 0, 0)","(-1.0, 1.0, -0.0, 0.0, -0.0)",True
7376,,"(1, 0, 0, 0, 0)","(1.0, -0.0, 0.0, -0.0, -0.0)",True
7377,,"(0, 0, 0, 0, 0)","(-0.0, 0.0, -0.0, -0.0, 0.0)",True
7378,,"(0, 0, 0, 0, 0)","(0.0, -0.0, -0.0, 0.0, -1.0)",False
7379,,"(0, 0, 0, -1, 0)","(-0.0, -0.0, 0.0, -1.0, -0.0)",True
7380,,"(0, 0, -1, 0, 0)","(-0.0, 0.0, -1.0, -0.0, -0.0)",True
7381,,"(0, -1, 0, 0, 0)","(0.0, -1.0, -0.0, -0.0, 0.0)",True
7382,,"(-1, 0, 0, 0, 0)","(-1.0, -0.0, -0.0, 0.0, 0.0)",True
7383,,"(0, 0, 0, 0, 0)","(-0.0, -0.0, 0.0, 0.0, 0.0)",True
7384,,"(0, 0, 0, 0, 0)","(-0.0, 0.0, 0.0, 0.0, 1.0)",False
7385,,"(0, 0, 0, 1, 0)","(0.0, 0.0, 0.0, 1.0, 0.0)",True
7386,,"(0, 0, 1, 0, 0)","(0.0, 0.0, 1.0, 0.0, 0.0)",True
7387,,"(0, 1, 0, 0, 0)","(0.0, 1.0, 0.0, 0.0, -1.0)",False
7388,,"(1, 0, 0, -1, 0)","(1.0, 0.0, 0.0, -1.0, -0.0)",True
7389,,"(0, 0, -1, 0, 0)","(0.0, 0.0, -1.0, -0.0, 0.0)",True
7390,,"(0, -1, 0, 0, 0)","(0.0, -1.0, -0.0, 0.0, -0.0)",True
7391,,"(-1, 0, 0, 0, 0)","(-1.0, -0.0, 0.0, -0.0, -1.0)",False
7392,,"(0, 0, 0, -1, 0)","(-0.0, 0.0, -0.0, -1.0, 0.0)",True
7393,,"(0, 0, -1, 0, 0)","(0.0, -0.0, -1.0, 0.0, 1.0)",False
7394,,"(0, -1, 0, 1, 0)","(-0.0, -1.0, 0.0, 1.0, 0.0)",True
7395,,"(-1, 0, 1, 0, 0)","(-1.0, 0.0, 1.0, 0.0, 0.0)",True
7396,,"(0, 1, 0, 0, 0)","(0.0, 1.0, 0.0, 0.0, 0.0)",True
7397,,"(1, 0, 0, 0, 0)","(1.0, 0.0, 0.0, 0.0, 0.0)",True
7398,,"(0, 0, 0, 0, 0)","(0.0, 0.0, 0.0, 0.0, 0.0)",True
7399,,"(0, 0, 0, 0, 0)","(0.0, 0.0, 0.0, 0.0, 0.0)",True
7400,,"(0, 0, 0, 0, 0)","(0.0, 0.0, 0.0, 0.0, 0.0)",True
7401,,"(0, 0, 0, 0, 0)","(0.0, 0.0, 0.0, 0.0, 1.0)",False
7402,,"(0, 0, 0, 1, 0)","(0.0, 0.0, 0.0, 1.0, 1.0)",False
7403,,"(0, 0, 1, 1, 0)","(0.0, 0.0, 1.0, 1.0, -0.0)",True
7404,,"(0, 1, 1, 0, 0)","(0.0, 1.0, 1.0, -0.0, 0.0)",True
7405,,"(1, 1, 0, 0, 0)","(1.0, 1.0, -0.0, 0.0, 0.0)",True
7406,,"(1, 0, 0, 0, 0)","(1.0, -0.0, 0.0, 0.0, 1.0)",False
7407,,"(0, 0, 0, 1, 0)","(-0.0, 0.0, 0.0, 1.0, 0.0)",True
7408,,"(0, 0, 1, 0, 0)","(0.0, 0.0, 1.0, 0.0, 1.0)",False
7409,,"(0, 1, 0, 1, 0)","(0.0, 1.0, 0.0, 1.0, 0.0)",True
7410,,"(1, 0, 1, 0, 0)","(1.0, 0.0, 1.0, 0.0, 1.0)",False
7411,,"(0, 1, 0, 1, 1)","(0.0, 1.0, 0.0, 1.0, 0.0)",False
7412,,"(1, 0, 1, 0, 0)","(1.0, 0.0, 1.0, 0.0, 0.0)",True
7413,,"(0, 1, 0, 0, 0)","(0.0, 1.0, 0.0, 0.0, -1.0)",False
7414,,"(1, 0, 0, -1, 0)","(1.0, 0.0, 0.0, -1.0, -1.0)",False
7415,,"(0, 0, -1, -1, 0)","(0.0, 0.0, -1.0, -1.0, 0.0)",True
7416,,"(0, -1, -1, 0, 0)","(0.0, -1.0, -1.0, 0.0, 0.0)",True
7417,,"(-1, -1, 0, 0, 0)","(-1.0, -1.0, 0.0, 0.0, -1.0)",False
7418,,"(-1, 0, 0, -1, -1)","(-1.0, 0.0, 0.0, -1.0, 0.0)",False
7419,,"(0, 0, -1, 0, 0)","(0.0, 0.0, -1.0, 0.0, 0.0)",True
7420,,"(0, -1, 0, 0, 0)","(0.0, -1.0, 0.0, 0.0, 1.0)",False
7421,,"(-1, 0, 0, 1, 0)","(-1.0, 0.0, 0.0, 1.0, -0.0)",True
7422,,"(0, 0, 1, 0, 0)","(0.0, 0.0, 1.0, -0.0, 1.0)",False
7423,,"(0, 1, 0, 1, 0)","(0.0, 1.0, -0.0, 1.0, 0.0)",True
7424,,"(1, 0, 1, 0, 0)","(1.0, -0.0, 1.0, 0.0, 0.0)",True
7425,,"(0, 1, 0, 0, 0)","(-0.0, 1.0, 0.0, 0.0, -1.0)",False
7426,,"(1, 0, 0, -1, 0)","(1.0, 0.0, 0.0, -1.0, 0.0)",True
7427,,"(0, 0, -1, 0, 0)","(0.0, 0.0, -1.0, 0.0, -0.0)",True
7428,,"(0, -1, 0, 0, 0)","(0.0, -1.0, 0.0, -0.0, 0.0)",True
7429,,"(-1, 0, 0, 0, 0)","(-1.0, 0.0, -0.0, 0.0, -1.0)",False
7430,,"(0, 0, 0, -1, 0)","(0.0, -0.0, 0.0, -1.0, 1.0)",False
7431,,"(0, 0, -1, 1, 0)","(-0.0, 0.0, -1.0, 1.0, -1.0)",False
7432,,"(0, -1, 1, -1, 0)","(0.0, -1.0, 1.0, -1.0, 1.0)",False
7433,,"(-1, 1, -1, 1, 0)","(-1.0, 1.0, -1.0, 1.0, -0.0)",True
7434,,"(1, -1, 1, 0, 0)","(1.0, -1.0, 1.0, -0.0, 1.0)",False
7435,,"(-1, 1, 0, 1, 0)","(-1.0, 1.0, -0.0, 1.0, 0.0)",True
7436,,"(1, 0, 1, 0, 0)","(1.0, -0.0, 1.0, 0.0, -0.0)",True
7437,,"(0, 1, 0, 0, 0)","(-0.0, 1.0, 0.0, -0.0, 0.0)",True
7438,,"(1, 0, 0, 0, 0)","(1.0, 0.0, -0.0, 0.0, 1.0)",False
7439,,"(0, 0, 0, 1, 0)","(0.0, -0.0, 0.0, 1.0, 1.0)",False
7440,,"(0, 0, 1, 1, 0)","(-0.0, 0.0, 1.0, 1.0, -1.0)",False
7441,,"(0, 1, 1, -1, 0)","(0.0, 1.0, 1.0, -1.0, -0.0)",True
7442,,"(1, 1, -1, 0, 0)","(1.0, 1.0, -1.0, -0.0, 0.0)",True
7443,,"(1, -1, 0, 0, 0)","(1.0, -1.0, -0.0, 0.0, 1.0)",False
7444,,"(-1, 0, 0, 1, 0)","(-1.0, -0.0, 0.0, 1.0, -0.0)",True
7445,,"(0, 0, 1, 0, 0)","(-0.0, 0.0, 1.0, -0.0, -1.0)",False
7446,,"(0, 1, 0, -1, 0)","(0.0, 1.0, -0.0, -1.0, -0.0)",True
7447,,"(1, 0, -1, 0, 0)","(1.0, -0.0, -1.0, -0.0, 0.0)",True
7448,,"(0, -1, 0, 0, 0)","(-0.0, -1.0, -0.0, 0.0, 1.0)",False
7449,,"(-1, 0, 0, 1, 0)","(-1.0, -0.0, 0.0, 1.0, -1.0)",False
7450,,"(0, 0, 1, -1, 0)","(-0.0, 0.0, 1.0, -1.0, -1.0)",False
7451,,"(0, 1, -1, -1, 0)","(0.0, 1.0, -1.0, -1.0, 1.0)",False
7452,,"(1, -1, -1, 1, 0)","(1.0, -1.0, -1.0, 1.0, 1.0)",False
7453,,"(-1, -1, 1, 1, 0)","(-1.0, -1.0, 1.0, 1.0, 0.0)",True
7454,,"(-1, 1, 1, 0, 0)","(-1.0, 1.0, 1.0, 0.0, 0.0)",True
7455,,"(1, 1, 0, 0, 0)","(1.0, 1.0, 0.0, 0.0, -0.0)",True
7456,,"(1, 0, 0, 0, 0)","(1.0, 0.0, 0.0, -0.0, 0.0)",True
7457,,"(0, 0, 0, 0, 0)","(0.0, 0.0, -0.0, 0.0, 0.0)",True
7458,,"(0, 0, 0, 0, 0)","(0.0, -0.0, 0.0, 0.0, 1.0)",False
7459,,"(0, 0, 0, 1, 0)","(-0.0, 0.0, 0.0, 1.0, 0.0)",True
7460,,"(0, 0, 1, 0, 0)","(0.0, 0.0, 1.0, 0.0, 0.0)",True
7461,,"(0, 1, 0, 0, 0)","(0.0, 1.0, 0.0, 0.0, -1.0)",False
7462,,"(1, 0, 0, -1, 0)","(1.0, 0.0, 0.0, -1.0, 0.0)",True
7463,,"(0, 0, -1, 0, 0)","(0.0, 0.0, -1.0, 0.0, -0.0)",True
7464,,"(0, -1, 0, 0, 0)","(0.0, -1.0, 0.0, -0.0, 0.0)",True
7465,,"(-1, 0, 0, 0, 0)","(-1.0, 0.0, -0.0, 0.0, 1.0)",False
7466,,"(0, 0, 0, 1, 0)","(0.0, -0.0, 0.0, 1.0, -1.0)",False
7467,,"(0, 0, 1, -1, 0)","(-0.0, 0.0, 1.0, -1.0, 0.0)",True
7468,,"(0, 1, -1, 0, 0)","(0.0, 1.0, -1.0, 0.0, 0.0)",True
7469,,"(1, -1, 0, 0, 0)","(1.0, -1.0, 0.0, 0.0, 0.0)",True
7470,,"(-1, 0, 0, 0, 0)","(-1.0, 0.0, 0.0, 0.0, 0.0)",True
7471,,"(0, 0, 0, 0, 0)","(0.0, 0.0, 0.0, 0.0, -0.0)",True
7472,,"(0, 0, 0, 0, 0)","(0.0, 0.0, 0.0, -0.0, 0.0)",True
7473,,"(0, 0, 0, 0, 0)","(0.0, 0.0, -0.0, 0.0, 1.0)",False
7474,,"(0, 0, 0, 1, 0)","(0.0, -0.0, 0.0, 1.0, 1.0)",False
7475,,"(0, 0, 1, 1, 0)","(-0.0, 0.0, 1.0, 1.0, -1.0)",False
7476,,"(0, 1, 1, -1, 0)","(0.0, 1.0, 1.0, -1.0, 1.0)",False
7477,,"(1, 1, -1, 1, 0)","(1.0, 1.0, -1.0, 1.0, -0.0)",True
7478,,"(1, -1, 1, 0, 0)","(1.0, -1.0, 1.0, -0.0, -0.0)",True
7479,,"(-1, 1, 0, 0, 0)","(-1.0, 1.0, -0.0, -0.0, 0.0)",True
7480,,"(1, 0, 0, 0, 0)","(1.0, -0.0, -0.0, 0.0, 0.0)",True
7481,,"(0, 0, 0, 0, 0)","(-0.0, -0.0, 0.0, 0.0, 0.0)",True
7482,,"(0, 0, 0, 0, 0)","(-0.0, 0.0, 0.0, 0.0, 0.0)",True
7483,,"(0, 0, 0, 0, 0)","(0.0, 0.0, 0.0, 0.0, 0.0)",True
7484,,"(0, 0, 0, 0, 0)","(0.0, 0.0, 0.0, 0.0, 0.0)",True
7485,,"(0, 0, 0, 0, 0)","(0.0, 0.0, 0.0, 0.0, -0.0)",True
7486,,"(0, 0, 0, 0, 0)","(0.0, 0.0, 0.0, -0.0, 0.0)",True
7487,,"(0, 0, 0, 0, 0)","(0.0, 0.0, -0.0, 0.0, 0.0)",True
7488,,"(0, 0, 0, 0, 0)","(0.0, -0.0, 0.0, 0.0, -0.0)",True
7489,,"(0, 0, 0, 0, 0)","(-0.0, 0.0, 0.0, -0.0, -1.0)",False
7490,,"(0, 0, 0, -1, 0)","(0.0, 0.0, -0.0, -1.0, 0.0)",True
7491,,"(0, 0, -1, 0, 0)","(0.0, -0.0, -1.0, 0.0, 0.0)",True
7492,,"(0, -1, 0, 0, 0)","(-0.0, -1.0, 0.0, 0.0, -0.0)",True
7493,,"(-1, 0, 0, 0, 0)","(-1.0, 0.0, 0.0, -0.0, -0.0)",True
7494,,"(0, 0, 0, 0, 0)","(0.0, 0.0, -0.0, -0.0, -0.0)",True
7495,,"(0, 0, 0, 0, 0)","(0.0, -0.0, -0.0, -0.0, 0.0)",True
7496,,"(0, 0, 0, 0, 0)","(-0.0, -0.0, -0.0, 0.0, 0.0)",True
7497,,"(0, 0, 0, 0, 0)","(-0.0, -0.0, 0.0, 0.0, 0.0)",True
7498,,"(0, 0, 0, 0, 0)","(-0.0, 0.0, 0.0, 0.0, -0.0)",True
7499,,"(0, 0, 0, 0, 0)","(0.0, 0.0, 0.0, -0.0, 0.0)",True
